record_id;oblast;road_code;road_name;road_scope;category;category_num;category_variant;from;to;from_m;to_m;length_km;category_status;category_extent_precision;source_system;source_type;source_title;source_date;source_url;source_document_id;evidence;confidence;geometry_status;geometry_source;geometry_source_details;notes;is_newer_than_2017
BASE2017-00001;Івано-Франківська;М-12;Стрий - Тернопіль - Кіровоград - Знам'янка (через Вінницю);державного значення;III;3;;44+230;60+000;44230;60000;15.77;експлуатаційні дані 2017;exact_piketage_from_source;data.gov.ua / Укравтодор;набір техніко-експлуатаційного стану доріг;Дані щодо техніко-експлуатаційного стану автомобільних доріг державного значення;2017;https://data.gov.ua/dataset/beca8aa5-96a9-46be-ade7-f1b400213af5;;Категорія міститься безпосередньо у вихідній таблиці показників дороги.;high;original_source_geometry;координати вихідного набору 2017;Зчеплення__в-Франк_вськ_М_Н_2017.xlsx | м-12_пр | rows 9-24;"Базовий загальноукраїнський шар; категорія може відрізнятися від пізніших реконструкцій.";False
BASE2017-00002;Івано-Франківська;М-12;Стрий - Тернопіль - Кіровоград - Знам'янка (через Вінницю);державного значення;II;2;;60+000;77+319;60000;77319;17.319;експлуатаційні дані 2017;exact_piketage_from_source;data.gov.ua / Укравтодор;набір техніко-експлуатаційного стану доріг;Дані щодо техніко-експлуатаційного стану автомобільних доріг державного значення;2017;https://data.gov.ua/dataset/beca8aa5-96a9-46be-ade7-f1b400213af5;;Категорія міститься безпосередньо у вихідній таблиці показників дороги.;high;original_source_geometry;координати вихідного набору 2017;Зчеплення__в-Франк_вськ_М_Н_2017.xlsx | м-12_пр | rows 25-42;"Базовий загальноукраїнський шар; категорія може відрізнятися від пізніших реконструкцій.";False
BASE2017-00003;Івано-Франківська;Н-09;Мукачеве - Рахів - Богородчани - Івано-Франківськ - Рогатин - Бібрка - Львів;державного значення;II;2;;209+020;228+000;209020;228000;18.98;експлуатаційні дані 2017;exact_piketage_from_source;data.gov.ua / Укравтодор;набір техніко-експлуатаційного стану доріг;Дані щодо техніко-експлуатаційного стану автомобільних доріг державного значення;2017;https://data.gov.ua/dataset/beca8aa5-96a9-46be-ade7-f1b400213af5;;Категорія міститься безпосередньо у вихідній таблиці показників дороги.;high;original_source_geometry;координати вихідного набору 2017;Зчеплення__в-Франк_вськ_М_Н_2017.xlsx | н-09_пр | rows 9-27;"Базовий загальноукраїнський шар; категорія може відрізнятися від пізніших реконструкцій.";False
BASE2017-00004;Івано-Франківська;Н-09;Мукачеве - Рахів - Богородчани - Івано-Франківськ - Рогатин - Бібрка - Львів;державного значення;III;3;;228+000;300+000;228000;300000;72.0;експлуатаційні дані 2017;exact_piketage_from_source;data.gov.ua / Укравтодор;набір техніко-експлуатаційного стану доріг;Дані щодо техніко-експлуатаційного стану автомобільних доріг державного значення;2017;https://data.gov.ua/dataset/beca8aa5-96a9-46be-ade7-f1b400213af5;;Категорія міститься безпосередньо у вихідній таблиці показників дороги.;high;original_source_geometry;координати вихідного набору 2017;Зчеплення__в-Франк_вськ_М_Н_2017.xlsx | н-09_пр | rows 28-99;"Базовий загальноукраїнський шар; категорія може відрізнятися від пізніших реконструкцій.";False
BASE2017-00005;Івано-Франківська;Н-09;Мукачеве - Рахів - Богородчани - Івано-Франківськ - Рогатин - Бібрка - Львів;державного значення;I;1;;300+000;302+366;300000;302366;2.366;експлуатаційні дані 2017;exact_piketage_from_source;data.gov.ua / Укравтодор;набір техніко-експлуатаційного стану доріг;Дані щодо техніко-експлуатаційного стану автомобільних доріг державного значення;2017;https://data.gov.ua/dataset/beca8aa5-96a9-46be-ade7-f1b400213af5;;Категорія міститься безпосередньо у вихідній таблиці показників дороги.;high;original_source_geometry;координати вихідного набору 2017;Зчеплення__в-Франк_вськ_М_Н_2017.xlsx | н-09_пр | rows 100-102;"Базовий загальноукраїнський шар; категорія може відрізнятися від пізніших реконструкцій.";False
BASE2017-00006;Івано-Франківська;Н-09;Мукачеве - Рахів - Богородчани - Івано-Франківськ - Рогатин - Бібрка - Львів;державного значення;I;1;;313+902;317+698;313902;317698;3.796;експлуатаційні дані 2017;exact_piketage_from_source;data.gov.ua / Укравтодор;набір техніко-експлуатаційного стану доріг;Дані щодо техніко-експлуатаційного стану автомобільних доріг державного значення;2017;https://data.gov.ua/dataset/beca8aa5-96a9-46be-ade7-f1b400213af5;;Категорія міститься безпосередньо у вихідній таблиці показників дороги.;high;original_source_geometry;координати вихідного набору 2017;Зчеплення__в-Франк_вськ_М_Н_2017.xlsx | н-09_пр | rows 104-108;"Базовий загальноукраїнський шар; категорія може відрізнятися від пізніших реконструкцій.";False
BASE2017-00007;Івано-Франківська;Н-09;Мукачеве - Рахів - Богородчани - Івано-Франківськ - Рогатин - Бібрка - Львів;державного значення;III;3;;318+925;372+653;318925;372653;53.728;експлуатаційні дані 2017;exact_piketage_from_source;data.gov.ua / Укравтодор;набір техніко-експлуатаційного стану доріг;Дані щодо техніко-експлуатаційного стану автомобільних доріг державного значення;2017;https://data.gov.ua/dataset/beca8aa5-96a9-46be-ade7-f1b400213af5;;Категорія міститься безпосередньо у вихідній таблиці показників дороги.;high;original_source_geometry;координати вихідного набору 2017;Зчеплення__в-Франк_вськ_М_Н_2017.xlsx | н-09_пр | rows 110-164;"Базовий загальноукраїнський шар; категорія може відрізнятися від пізніших реконструкцій.";False
BASE2017-00008;Івано-Франківська;Н-09;Мукачеве - Рахів - Богородчани - Івано-Франківськ - Рогатин - Бібрка - Львів;державного значення;III;3;;374+323;395+660;374323;395660;21.337;експлуатаційні дані 2017;exact_piketage_from_source;data.gov.ua / Укравтодор;набір техніко-експлуатаційного стану доріг;Дані щодо техніко-експлуатаційного стану автомобільних доріг державного значення;2017;https://data.gov.ua/dataset/beca8aa5-96a9-46be-ade7-f1b400213af5;;Категорія міститься безпосередньо у вихідній таблиці показників дороги.;high;original_source_geometry;координати вихідного набору 2017;Зчеплення__в-Франк_вськ_М_Н_2017.xlsx | н-09_пр | rows 166-187;"Базовий загальноукраїнський шар; категорія може відрізнятися від пізніших реконструкцій.";False
BASE2017-00009;Івано-Франківська;Н-10;Стрий - Івано-Франківськ - Чернівці - Мамалига (на Кишинів);державного значення;II;2;;18+330;30+000;18330;30000;11.67;експлуатаційні дані 2017;exact_piketage_from_source;data.gov.ua / Укравтодор;набір техніко-експлуатаційного стану доріг;Дані щодо техніко-експлуатаційного стану автомобільних доріг державного значення;2017;https://data.gov.ua/dataset/beca8aa5-96a9-46be-ade7-f1b400213af5;;Категорія міститься безпосередньо у вихідній таблиці показників дороги.;high;original_source_geometry;координати вихідного набору 2017;Зчеплення__в-Франк_вськ_М_Н_2017.xlsx | н-10_пр | rows 9-20;"Базовий загальноукраїнський шар; категорія може відрізнятися від пізніших реконструкцій.";False
BASE2017-00010;Івано-Франківська;Н-10;Стрий - Івано-Франківськ - Чернівці - Мамалига (на Кишинів);державного значення;I;1;;30+000;100+000;30000;100000;70.0;експлуатаційні дані 2017;exact_piketage_from_source;data.gov.ua / Укравтодор;набір техніко-експлуатаційного стану доріг;Дані щодо техніко-експлуатаційного стану автомобільних доріг державного значення;2017;https://data.gov.ua/dataset/beca8aa5-96a9-46be-ade7-f1b400213af5;;Категорія міститься безпосередньо у вихідній таблиці показників дороги.;high;original_source_geometry;координати вихідного набору 2017;Зчеплення__в-Франк_вськ_М_Н_2017.xlsx | н-10_пр | rows 21-90;"Базовий загальноукраїнський шар; категорія може відрізнятися від пізніших реконструкцій.";False
BASE2017-00011;Івано-Франківська;Н-10;Стрий - Івано-Франківськ - Чернівці - Мамалига (на Кишинів);державного значення;IV;4;;100+000;109+000;100000;109000;9.0;експлуатаційні дані 2017;exact_piketage_from_source;data.gov.ua / Укравтодор;набір техніко-експлуатаційного стану доріг;Дані щодо техніко-експлуатаційного стану автомобільних доріг державного значення;2017;https://data.gov.ua/dataset/beca8aa5-96a9-46be-ade7-f1b400213af5;;Категорія міститься безпосередньо у вихідній таблиці показників дороги.;high;original_source_geometry;координати вихідного набору 2017;Зчеплення__в-Франк_вськ_М_Н_2017.xlsx | н-10_пр | rows 91-99;"Базовий загальноукраїнський шар; категорія може відрізнятися від пізніших реконструкцій.";False
BASE2017-00012;Івано-Франківська;Н-10;Стрий - Івано-Франківськ - Чернівці - Мамалига (на Кишинів);державного значення;II;2;;109+000;120+000;109000;120000;11.0;експлуатаційні дані 2017;exact_piketage_from_source;data.gov.ua / Укравтодор;набір техніко-експлуатаційного стану доріг;Дані щодо техніко-експлуатаційного стану автомобільних доріг державного значення;2017;https://data.gov.ua/dataset/beca8aa5-96a9-46be-ade7-f1b400213af5;;Категорія міститься безпосередньо у вихідній таблиці показників дороги.;high;original_source_geometry;координати вихідного набору 2017;Зчеплення__в-Франк_вськ_М_Н_2017.xlsx | н-10_пр | rows 100-110;"Базовий загальноукраїнський шар; категорія може відрізнятися від пізніших реконструкцій.";False
BASE2017-00013;Івано-Франківська;Н-10;Стрий - Івано-Франківськ - Чернівці - Мамалига (на Кишинів);державного значення;I;1;;120+000;122+000;120000;122000;2.0;експлуатаційні дані 2017;exact_piketage_from_source;data.gov.ua / Укравтодор;набір техніко-експлуатаційного стану доріг;Дані щодо техніко-експлуатаційного стану автомобільних доріг державного значення;2017;https://data.gov.ua/dataset/beca8aa5-96a9-46be-ade7-f1b400213af5;;Категорія міститься безпосередньо у вихідній таблиці показників дороги.;high;original_source_geometry;координати вихідного набору 2017;Зчеплення__в-Франк_вськ_М_Н_2017.xlsx | н-10_пр | rows 111-112;"Базовий загальноукраїнський шар; категорія може відрізнятися від пізніших реконструкцій.";False
BASE2017-00014;Івано-Франківська;Н-10;Стрий - Івано-Франківськ - Чернівці - Мамалига (на Кишинів);державного значення;II;2;;122+000;125+000;122000;125000;3.0;експлуатаційні дані 2017;exact_piketage_from_source;data.gov.ua / Укравтодор;набір техніко-експлуатаційного стану доріг;Дані щодо техніко-експлуатаційного стану автомобільних доріг державного значення;2017;https://data.gov.ua/dataset/beca8aa5-96a9-46be-ade7-f1b400213af5;;Категорія міститься безпосередньо у вихідній таблиці показників дороги.;high;original_source_geometry;координати вихідного набору 2017;Зчеплення__в-Франк_вськ_М_Н_2017.xlsx | н-10_пр | rows 113-115;"Базовий загальноукраїнський шар; категорія може відрізнятися від пізніших реконструкцій.";False
BASE2017-00015;Івано-Франківська;Н-10;Стрий - Івано-Франківськ - Чернівці - Мамалига (на Кишинів);державного значення;I;1;;125+000;127+000;125000;127000;2.0;експлуатаційні дані 2017;exact_piketage_from_source;data.gov.ua / Укравтодор;набір техніко-експлуатаційного стану доріг;Дані щодо техніко-експлуатаційного стану автомобільних доріг державного значення;2017;https://data.gov.ua/dataset/beca8aa5-96a9-46be-ade7-f1b400213af5;;Категорія міститься безпосередньо у вихідній таблиці показників дороги.;high;original_source_geometry;координати вихідного набору 2017;Зчеплення__в-Франк_вськ_М_Н_2017.xlsx | н-10_пр | rows 116-117;"Базовий загальноукраїнський шар; категорія може відрізнятися від пізніших реконструкцій.";False
BASE2017-00016;Івано-Франківська;Н-10;Стрий - Івано-Франківськ - Чернівці - Мамалига (на Кишинів);державного значення;II;2;;127+000;147+000;127000;147000;20.0;експлуатаційні дані 2017;exact_piketage_from_source;data.gov.ua / Укравтодор;набір техніко-експлуатаційного стану доріг;Дані щодо техніко-експлуатаційного стану автомобільних доріг державного значення;2017;https://data.gov.ua/dataset/beca8aa5-96a9-46be-ade7-f1b400213af5;;Категорія міститься безпосередньо у вихідній таблиці показників дороги.;high;original_source_geometry;координати вихідного набору 2017;Зчеплення__в-Франк_вськ_М_Н_2017.xlsx | н-10_пр | rows 118-137;"Базовий загальноукраїнський шар; категорія може відрізнятися від пізніших реконструкцій.";False
BASE2017-00017;Івано-Франківська;Н-10;Стрий - Івано-Франківськ - Чернівці - Мамалига (на Кишинів);державного значення;I;1;;147+000;155+000;147000;155000;8.0;експлуатаційні дані 2017;exact_piketage_from_source;data.gov.ua / Укравтодор;набір техніко-експлуатаційного стану доріг;Дані щодо техніко-експлуатаційного стану автомобільних доріг державного значення;2017;https://data.gov.ua/dataset/beca8aa5-96a9-46be-ade7-f1b400213af5;;Категорія міститься безпосередньо у вихідній таблиці показників дороги.;high;original_source_geometry;координати вихідного набору 2017;Зчеплення__в-Франк_вськ_М_Н_2017.xlsx | н-10_пр | rows 138-145;"Базовий загальноукраїнський шар; категорія може відрізнятися від пізніших реконструкцій.";False
BASE2017-00018;Івано-Франківська;Н-10;Стрий - Івано-Франківськ - Чернівці - Мамалига (на Кишинів);державного значення;II;2;;155+000;206+402;155000;206402;51.402;експлуатаційні дані 2017;exact_piketage_from_source;data.gov.ua / Укравтодор;набір техніко-експлуатаційного стану доріг;Дані щодо техніко-експлуатаційного стану автомобільних доріг державного значення;2017;https://data.gov.ua/dataset/beca8aa5-96a9-46be-ade7-f1b400213af5;;Категорія міститься безпосередньо у вихідній таблиці показників дороги.;high;original_source_geometry;координати вихідного набору 2017;Зчеплення__в-Франк_вськ_М_Н_2017.xlsx | н-10_пр | rows 146-197;"Базовий загальноукраїнський шар; категорія може відрізнятися від пізніших реконструкцій.";False
BASE2017-00019;Івано-Франківська;Н-10;Під'їзд до м.Тисмениця;державного значення;IV;4;;0+000;2+000;0;2000;2.0;експлуатаційні дані 2017;exact_piketage_from_source;data.gov.ua / Укравтодор;набір техніко-експлуатаційного стану доріг;Дані щодо техніко-експлуатаційного стану автомобільних доріг державного значення;2017;https://data.gov.ua/dataset/beca8aa5-96a9-46be-ade7-f1b400213af5;;Категорія міститься безпосередньо у вихідній таблиці показників дороги.;high;original_source_geometry;координати вихідного набору 2017;Зчеплення__в-Франк_вськ_М_Н_2017.xlsx | н-10_П2_пр | rows 9-10;"Базовий загальноукраїнський шар; категорія може відрізнятися від пізніших реконструкцій.";False
BASE2017-00020;Івано-Франківська;Н-10;Під'їзд до м.Тисмениця;державного значення;II;2;;2+000;3+000;2000;3000;1.0;експлуатаційні дані 2017;exact_piketage_from_source;data.gov.ua / Укравтодор;набір техніко-експлуатаційного стану доріг;Дані щодо техніко-експлуатаційного стану автомобільних доріг державного значення;2017;https://data.gov.ua/dataset/beca8aa5-96a9-46be-ade7-f1b400213af5;;Категорія міститься безпосередньо у вихідній таблиці показників дороги.;high;original_source_geometry;координати вихідного набору 2017;Зчеплення__в-Франк_вськ_М_Н_2017.xlsx | н-10_П2_пр | rows 11-11;"Базовий загальноукраїнський шар; категорія може відрізнятися від пізніших реконструкцій.";False
BASE2017-00021;Івано-Франківська;Н-10;Під'їзд до м. Івано-Франківськ;державного значення;I;1;;3+000;4+066;3000;4066;1.066;експлуатаційні дані 2017;exact_piketage_from_source;data.gov.ua / Укравтодор;набір техніко-експлуатаційного стану доріг;Дані щодо техніко-експлуатаційного стану автомобільних доріг державного значення;2017;https://data.gov.ua/dataset/beca8aa5-96a9-46be-ade7-f1b400213af5;;Категорія міститься безпосередньо у вихідній таблиці показників дороги.;high;original_source_geometry;координати вихідного набору 2017;Зчеплення__в-Франк_вськ_М_Н_2017.xlsx | н-10_П1_пр | rows 12-13;"Базовий загальноукраїнський шар; категорія може відрізнятися від пізніших реконструкцій.";False
BASE2017-00022;Івано-Франківська;Н-10;Під'їзд до м.Тисмениця;державного значення;IV;4;;0+000;2+000;0;2000;2.0;експлуатаційні дані 2017;exact_piketage_from_source;data.gov.ua / Укравтодор;набір техніко-експлуатаційного стану доріг;Дані щодо техніко-експлуатаційного стану автомобільних доріг державного значення;2017;https://data.gov.ua/dataset/beca8aa5-96a9-46be-ade7-f1b400213af5;;Категорія міститься безпосередньо у вихідній таблиці показників дороги.;high;original_source_geometry;координати вихідного набору 2017;Зчеплення__в-Франк_вськ_М_Н_2017.xlsx | н-10_П2_пр | rows 9-10;"Базовий загальноукраїнський шар; категорія може відрізнятися від пізніших реконструкцій.";False
BASE2017-00023;Івано-Франківська;Н-10;Під'їзд до м.Тисмениця;державного значення;II;2;;2+000;3+000;2000;3000;1.0;експлуатаційні дані 2017;exact_piketage_from_source;data.gov.ua / Укравтодор;набір техніко-експлуатаційного стану доріг;Дані щодо техніко-експлуатаційного стану автомобільних доріг державного значення;2017;https://data.gov.ua/dataset/beca8aa5-96a9-46be-ade7-f1b400213af5;;Категорія міститься безпосередньо у вихідній таблиці показників дороги.;high;original_source_geometry;координати вихідного набору 2017;Зчеплення__в-Франк_вськ_М_Н_2017.xlsx | н-10_П2_пр | rows 11-11;"Базовий загальноукраїнський шар; категорія може відрізнятися від пізніших реконструкцій.";False
BASE2017-00024;Івано-Франківська;Н-10;Під'їзд до м.Тисмениця;державного значення;I;1;;3+000;7+091;3000;7091;4.091;експлуатаційні дані 2017;exact_piketage_from_source;data.gov.ua / Укравтодор;набір техніко-експлуатаційного стану доріг;Дані щодо техніко-експлуатаційного стану автомобільних доріг державного значення;2017;https://data.gov.ua/dataset/beca8aa5-96a9-46be-ade7-f1b400213af5;;Категорія міститься безпосередньо у вихідній таблиці показників дороги.;high;original_source_geometry;координати вихідного набору 2017;Зчеплення__в-Франк_вськ_М_Н_2017.xlsx | н-10_П2_пр | rows 12-16;"Базовий загальноукраїнський шар; категорія може відрізнятися від пізніших реконструкцій.";False
BASE2017-00025;Івано-Франківська;Н-18;Івано-Франківськ - Бучач - Тернопіль;державного значення;I;1;;0+000;5+000;0;5000;5.0;експлуатаційні дані 2017;exact_piketage_from_source;data.gov.ua / Укравтодор;набір техніко-експлуатаційного стану доріг;Дані щодо техніко-експлуатаційного стану автомобільних доріг державного значення;2017;https://data.gov.ua/dataset/beca8aa5-96a9-46be-ade7-f1b400213af5;;Категорія міститься безпосередньо у вихідній таблиці показників дороги.;high;original_source_geometry;координати вихідного набору 2017;Зчеплення__в-Франк_вськ_М_Н_2017.xlsx | н-18_пр | rows 9-13;"Базовий загальноукраїнський шар; категорія може відрізнятися від пізніших реконструкцій.";False
BASE2017-00026;Івано-Франківська;Н-18;Івано-Франківськ - Бучач - Тернопіль;державного значення;II;2;;5+000;10+000;5000;10000;5.0;експлуатаційні дані 2017;exact_piketage_from_source;data.gov.ua / Укравтодор;набір техніко-експлуатаційного стану доріг;Дані щодо техніко-експлуатаційного стану автомобільних доріг державного значення;2017;https://data.gov.ua/dataset/beca8aa5-96a9-46be-ade7-f1b400213af5;;Категорія міститься безпосередньо у вихідній таблиці показників дороги.;high;original_source_geometry;координати вихідного набору 2017;Зчеплення__в-Франк_вськ_М_Н_2017.xlsx | н-18_пр | rows 14-18;"Базовий загальноукраїнський шар; категорія може відрізнятися від пізніших реконструкцій.";False
BASE2017-00027;Івано-Франківська;Н-18;Івано-Франківськ - Бучач - Тернопіль;державного значення;I;1;;10+000;33+266;10000;33266;23.266;експлуатаційні дані 2017;exact_piketage_from_source;data.gov.ua / Укравтодор;набір техніко-експлуатаційного стану доріг;Дані щодо техніко-експлуатаційного стану автомобільних доріг державного значення;2017;https://data.gov.ua/dataset/beca8aa5-96a9-46be-ade7-f1b400213af5;;Категорія міститься безпосередньо у вихідній таблиці показників дороги.;high;original_source_geometry;координати вихідного набору 2017;Зчеплення__в-Франк_вськ_М_Н_2017.xlsx | н-18_пр | rows 19-42;"Базовий загальноукраїнський шар; категорія може відрізнятися від пізніших реконструкцій.";False
BASE2017-00028;Івано-Франківська;Р-20;Снятин - Тязів;державного значення;III;3;;0+000;25+569;0;25569;25.569;експлуатаційні дані 2017;exact_piketage_from_source;data.gov.ua / Укравтодор;набір техніко-експлуатаційного стану доріг;Дані щодо техніко-експлуатаційного стану автомобільних доріг державного значення;2017;https://data.gov.ua/dataset/beca8aa5-96a9-46be-ade7-f1b400213af5;;Категорія міститься безпосередньо у вихідній таблиці показників дороги.;high;original_source_geometry;координати вихідного набору 2017;Зчеплення__в-Франк_вськ_Р_2017.xlsx | р-20_пр | rows 9-34;"Базовий загальноукраїнський шар; категорія може відрізнятися від пізніших реконструкцій.";False
BASE2017-00029;Івано-Франківська;Р-20;Снятин - Тязів;державного значення;III;3;;26+139;108+063;26139;108063;81.924;експлуатаційні дані 2017;exact_piketage_from_source;data.gov.ua / Укравтодор;набір техніко-експлуатаційного стану доріг;Дані щодо техніко-експлуатаційного стану автомобільних доріг державного значення;2017;https://data.gov.ua/dataset/beca8aa5-96a9-46be-ade7-f1b400213af5;;Категорія міститься безпосередньо у вихідній таблиці показників дороги.;high;original_source_geometry;координати вихідного набору 2017;Зчеплення__в-Франк_вськ_Р_2017.xlsx | р-20_пр | rows 36-118;"Базовий загальноукраїнський шар; категорія може відрізнятися від пізніших реконструкцій.";False
BASE2017-00030;Івано-Франківська;Р-21;Долина - Хуст;державного значення;III;3;;0+000;9+000;0;9000;9.0;експлуатаційні дані 2017;exact_piketage_from_source;data.gov.ua / Укравтодор;набір техніко-експлуатаційного стану доріг;Дані щодо техніко-експлуатаційного стану автомобільних доріг державного значення;2017;https://data.gov.ua/dataset/beca8aa5-96a9-46be-ade7-f1b400213af5;;Категорія міститься безпосередньо у вихідній таблиці показників дороги.;high;original_source_geometry;координати вихідного набору 2017;Зчеплення__в-Франк_вськ_Р_2017.xlsx | р-21_пр | rows 9-17;"Базовий загальноукраїнський шар; категорія може відрізнятися від пізніших реконструкцій.";False
BASE2017-00031;Івано-Франківська;Р-21;Долина - Хуст;державного значення;II;2;;9+000;10+000;9000;10000;1.0;експлуатаційні дані 2017;exact_piketage_from_source;data.gov.ua / Укравтодор;набір техніко-експлуатаційного стану доріг;Дані щодо техніко-експлуатаційного стану автомобільних доріг державного значення;2017;https://data.gov.ua/dataset/beca8aa5-96a9-46be-ade7-f1b400213af5;;Категорія міститься безпосередньо у вихідній таблиці показників дороги.;high;original_source_geometry;координати вихідного набору 2017;Зчеплення__в-Франк_вськ_Р_2017.xlsx | р-21_пр | rows 18-18;"Базовий загальноукраїнський шар; категорія може відрізнятися від пізніших реконструкцій.";False
BASE2017-00032;Івано-Франківська;Р-21;Долина - Хуст;державного значення;III;3;;10+000;44+923;10000;44923;34.923;експлуатаційні дані 2017;exact_piketage_from_source;data.gov.ua / Укравтодор;набір техніко-експлуатаційного стану доріг;Дані щодо техніко-експлуатаційного стану автомобільних доріг державного значення;2017;https://data.gov.ua/dataset/beca8aa5-96a9-46be-ade7-f1b400213af5;;Категорія міститься безпосередньо у вихідній таблиці показників дороги.;high;original_source_geometry;координати вихідного набору 2017;Зчеплення__в-Франк_вськ_Р_2017.xlsx | р-21_пр | rows 19-53;"Базовий загальноукраїнський шар; категорія може відрізнятися від пізніших реконструкцій.";False
BASE2017-00033;Івано-Франківська;Р-21;Долина - Хуст;державного значення;III;3;;44+923;44+983;44923;44983;0.06;експлуатаційні дані 2017;exact_piketage_from_source;data.gov.ua / Укравтодор;набір техніко-експлуатаційного стану доріг;Дані щодо техніко-експлуатаційного стану автомобільних доріг державного значення;2017;https://data.gov.ua/dataset/beca8aa5-96a9-46be-ade7-f1b400213af5;;Категорія міститься безпосередньо у вихідній таблиці показників дороги.;high;original_source_geometry;координати вихідного набору 2017;Зчеплення__в-Франк_вськ_Р_2017.xlsx | р-21_пр | rows 19-53;"Базовий загальноукраїнський шар; категорія може відрізнятися від пізніших реконструкцій.";False
BASE2017-00034;Івано-Франківська;Р-24;Татарів - Косів - Коломия - Борщів - Кам'янець-Подільський;державного значення;III;3;;0+000;112+000;0;112000;112.0;експлуатаційні дані 2017;exact_piketage_from_source;data.gov.ua / Укравтодор;набір техніко-експлуатаційного стану доріг;Дані щодо техніко-експлуатаційного стану автомобільних доріг державного значення;2017;https://data.gov.ua/dataset/beca8aa5-96a9-46be-ade7-f1b400213af5;;Категорія міститься безпосередньо у вихідній таблиці показників дороги.;high;original_source_geometry;координати вихідного набору 2017;Зчеплення__в-Франк_вськ_Р_2017.xlsx | р-24_пр | rows 9-120;"Базовий загальноукраїнський шар; категорія може відрізнятися від пізніших реконструкцій.";False
BASE2017-00035;Івано-Франківська;Р-38;Богородчани - Гута;державного значення;IV;4;;0+000;6+000;0;6000;6.0;експлуатаційні дані 2017;exact_piketage_from_source;data.gov.ua / Укравтодор;набір техніко-експлуатаційного стану доріг;Дані щодо техніко-експлуатаційного стану автомобільних доріг державного значення;2017;https://data.gov.ua/dataset/beca8aa5-96a9-46be-ade7-f1b400213af5;;Категорія міститься безпосередньо у вихідній таблиці показників дороги.;high;original_source_geometry;координати вихідного набору 2017;Зчеплення__в-Франк_вськ_Р_2017.xlsx | р-38_пр | rows 9-14;"Базовий загальноукраїнський шар; категорія може відрізнятися від пізніших реконструкцій.";False
BASE2017-00036;Івано-Франківська;Р-38;Богородчани - Гута;державного значення;II;2;;6+000;9+000;6000;9000;3.0;експлуатаційні дані 2017;exact_piketage_from_source;data.gov.ua / Укравтодор;набір техніко-експлуатаційного стану доріг;Дані щодо техніко-експлуатаційного стану автомобільних доріг державного значення;2017;https://data.gov.ua/dataset/beca8aa5-96a9-46be-ade7-f1b400213af5;;Категорія міститься безпосередньо у вихідній таблиці показників дороги.;high;original_source_geometry;координати вихідного набору 2017;Зчеплення__в-Франк_вськ_Р_2017.xlsx | р-38_пр | rows 15-17;"Базовий загальноукраїнський шар; категорія може відрізнятися від пізніших реконструкцій.";False
BASE2017-00037;Івано-Франківська;Р-38;Богородчани - Гута;державного значення;IV;4;;9+000;36+341;9000;36341;27.341;експлуатаційні дані 2017;exact_piketage_from_source;data.gov.ua / Укравтодор;набір техніко-експлуатаційного стану доріг;Дані щодо техніко-експлуатаційного стану автомобільних доріг державного значення;2017;https://data.gov.ua/dataset/beca8aa5-96a9-46be-ade7-f1b400213af5;;Категорія міститься безпосередньо у вихідній таблиці показників дороги.;high;original_source_geometry;координати вихідного набору 2017;Зчеплення__в-Франк_вськ_Р_2017.xlsx | р-38_пр | rows 18-45;"Базовий загальноукраїнський шар; категорія може відрізнятися від пізніших реконструкцій.";False
BASE2017-00038;Івано-Франківська;Р-62;Верховина - Усть-Путила - Вижниця - Сторжинець - Чернівці;державного значення;IV;4;;0+000;2+000;0;2000;2.0;експлуатаційні дані 2017;exact_piketage_from_source;data.gov.ua / Укравтодор;набір техніко-експлуатаційного стану доріг;Дані щодо техніко-експлуатаційного стану автомобільних доріг державного значення;2017;https://data.gov.ua/dataset/beca8aa5-96a9-46be-ade7-f1b400213af5;;Категорія міститься безпосередньо у вихідній таблиці показників дороги.;high;original_source_geometry;координати вихідного набору 2017;Зчеплення__в-Франк_вськ_Р_2017.xlsx | р-62_пр | rows 9-10;"Базовий загальноукраїнський шар; категорія може відрізнятися від пізніших реконструкцій.";False
BASE2017-00039;Івано-Франківська;Р-62;Верховина - Усть-Путила - Вижниця - Сторжинець - Чернівці;державного значення;III;3;;2+000;3+000;2000;3000;1.0;експлуатаційні дані 2017;exact_piketage_from_source;data.gov.ua / Укравтодор;набір техніко-експлуатаційного стану доріг;Дані щодо техніко-експлуатаційного стану автомобільних доріг державного значення;2017;https://data.gov.ua/dataset/beca8aa5-96a9-46be-ade7-f1b400213af5;;Категорія міститься безпосередньо у вихідній таблиці показників дороги.;high;original_source_geometry;координати вихідного набору 2017;Зчеплення__в-Франк_вськ_Р_2017.xlsx | р-62_пр | rows 11-11;"Базовий загальноукраїнський шар; категорія може відрізнятися від пізніших реконструкцій.";False
BASE2017-00040;Івано-Франківська;Р-62;Верховина - Усть-Путила - Вижниця - Сторжинець - Чернівці;державного значення;IV;4;;3+000;4+000;3000;4000;1.0;експлуатаційні дані 2017;exact_piketage_from_source;data.gov.ua / Укравтодор;набір техніко-експлуатаційного стану доріг;Дані щодо техніко-експлуатаційного стану автомобільних доріг державного значення;2017;https://data.gov.ua/dataset/beca8aa5-96a9-46be-ade7-f1b400213af5;;Категорія міститься безпосередньо у вихідній таблиці показників дороги.;high;original_source_geometry;координати вихідного набору 2017;Зчеплення__в-Франк_вськ_Р_2017.xlsx | р-62_пр | rows 12-12;"Базовий загальноукраїнський шар; категорія може відрізнятися від пізніших реконструкцій.";False
BASE2017-00041;Івано-Франківська;Р-62;Верховина - Усть-Путила - Вижниця - Сторжинець - Чернівці;державного значення;II;2;;4+000;5+000;4000;5000;1.0;експлуатаційні дані 2017;exact_piketage_from_source;data.gov.ua / Укравтодор;набір техніко-експлуатаційного стану доріг;Дані щодо техніко-експлуатаційного стану автомобільних доріг державного значення;2017;https://data.gov.ua/dataset/beca8aa5-96a9-46be-ade7-f1b400213af5;;Категорія міститься безпосередньо у вихідній таблиці показників дороги.;high;original_source_geometry;координати вихідного набору 2017;Зчеплення__в-Франк_вськ_Р_2017.xlsx | р-62_пр | rows 13-13;"Базовий загальноукраїнський шар; категорія може відрізнятися від пізніших реконструкцій.";False
BASE2017-00042;Івано-Франківська;Р-62;Верховина - Усть-Путила - Вижниця - Сторжинець - Чернівці;державного значення;III;3;;5+000;10+000;5000;10000;5.0;експлуатаційні дані 2017;exact_piketage_from_source;data.gov.ua / Укравтодор;набір техніко-експлуатаційного стану доріг;Дані щодо техніко-експлуатаційного стану автомобільних доріг державного значення;2017;https://data.gov.ua/dataset/beca8aa5-96a9-46be-ade7-f1b400213af5;;Категорія міститься безпосередньо у вихідній таблиці показників дороги.;high;original_source_geometry;координати вихідного набору 2017;Зчеплення__в-Франк_вськ_Р_2017.xlsx | р-62_пр | rows 14-18;"Базовий загальноукраїнський шар; категорія може відрізнятися від пізніших реконструкцій.";False
BASE2017-00043;Івано-Франківська;Р-62;Верховина - Усть-Путила - Вижниця - Сторжинець - Чернівці;державного значення;IV;4;;10+000;13+898;10000;13898;3.898;експлуатаційні дані 2017;exact_piketage_from_source;data.gov.ua / Укравтодор;набір техніко-експлуатаційного стану доріг;Дані щодо техніко-експлуатаційного стану автомобільних доріг державного значення;2017;https://data.gov.ua/dataset/beca8aa5-96a9-46be-ade7-f1b400213af5;;Категорія міститься безпосередньо у вихідній таблиці показників дороги.;high;original_source_geometry;координати вихідного набору 2017;Зчеплення__в-Франк_вськ_Р_2017.xlsx | р-62_пр | rows 19-22;"Базовий загальноукраїнський шар; категорія може відрізнятися від пізніших реконструкцій.";False
BASE2017-00044;Івано-Франківська;Р-62;Верховина - Усть-Путила - Вижниця - Сторжинець - Чернівці;державного значення;II;2;;33+772;35+000;33772;35000;1.228;експлуатаційні дані 2017;exact_piketage_from_source;data.gov.ua / Укравтодор;набір техніко-експлуатаційного стану доріг;Дані щодо техніко-експлуатаційного стану автомобільних доріг державного значення;2017;https://data.gov.ua/dataset/beca8aa5-96a9-46be-ade7-f1b400213af5;;Категорія міститься безпосередньо у вихідній таблиці показників дороги.;high;original_source_geometry;координати вихідного набору 2017;Зчеплення__в-Франк_вськ_Р_2017.xlsx | р-62_пр | rows 24-25;"Базовий загальноукраїнський шар; категорія може відрізнятися від пізніших реконструкцій.";False
BASE2017-00045;Івано-Франківська;Р-62;Верховина - Усть-Путила - Вижниця - Сторжинець - Чернівці;державного значення;III;3;;35+000;38+000;35000;38000;3.0;експлуатаційні дані 2017;exact_piketage_from_source;data.gov.ua / Укравтодор;набір техніко-експлуатаційного стану доріг;Дані щодо техніко-експлуатаційного стану автомобільних доріг державного значення;2017;https://data.gov.ua/dataset/beca8aa5-96a9-46be-ade7-f1b400213af5;;Категорія міститься безпосередньо у вихідній таблиці показників дороги.;high;original_source_geometry;координати вихідного набору 2017;Зчеплення__в-Франк_вськ_Р_2017.xlsx | р-62_пр | rows 26-28;"Базовий загальноукраїнський шар; категорія може відрізнятися від пізніших реконструкцій.";False
BASE2017-00046;Івано-Франківська;Р-62;Верховина - Усть-Путила - Вижниця - Сторжинець - Чернівці;державного значення;II;2;;38+000;41+000;38000;41000;3.0;експлуатаційні дані 2017;exact_piketage_from_source;data.gov.ua / Укравтодор;набір техніко-експлуатаційного стану доріг;Дані щодо техніко-експлуатаційного стану автомобільних доріг державного значення;2017;https://data.gov.ua/dataset/beca8aa5-96a9-46be-ade7-f1b400213af5;;Категорія міститься безпосередньо у вихідній таблиці показників дороги.;high;original_source_geometry;координати вихідного набору 2017;Зчеплення__в-Франк_вськ_Р_2017.xlsx | р-62_пр | rows 29-31;"Базовий загальноукраїнський шар; категорія може відрізнятися від пізніших реконструкцій.";False
BASE2017-00047;Івано-Франківська;Р-62;Верховина - Усть-Путила - Вижниця - Сторжинець - Чернівці;державного значення;III;3;;41+000;41+772;41000;41772;0.772;експлуатаційні дані 2017;exact_piketage_from_source;data.gov.ua / Укравтодор;набір техніко-експлуатаційного стану доріг;Дані щодо техніко-експлуатаційного стану автомобільних доріг державного значення;2017;https://data.gov.ua/dataset/beca8aa5-96a9-46be-ade7-f1b400213af5;;Категорія міститься безпосередньо у вихідній таблиці показників дороги.;high;original_source_geometry;координати вихідного набору 2017;Зчеплення__в-Франк_вськ_Р_2017.xlsx | р-62_пр | rows 32-32;"Базовий загальноукраїнський шар; категорія може відрізнятися від пізніших реконструкцій.";False
BASE2017-00048;Вінницька;М-12;Стрий - Тернопіль - Кіровоград - Знам'янка (через Вінницю);державного значення;III;3;;331+586;434+266;331586;434266;102.68;експлуатаційні дані 2017;exact_piketage_from_source;data.gov.ua / Укравтодор;набір техніко-експлуатаційного стану доріг;Дані щодо техніко-експлуатаційного стану автомобільних доріг державного значення;2017;https://data.gov.ua/dataset/beca8aa5-96a9-46be-ade7-f1b400213af5;;Категорія міститься безпосередньо у вихідній таблиці показників дороги.;high;original_source_geometry;координати вихідного набору 2017;Зчеплення_В_нниця_M_2017.xlsx | М-12_пр | rows 9-112;"Базовий загальноукраїнський шар; категорія може відрізнятися від пізніших реконструкцій.";False
BASE2017-00049;Вінницька;М-12;Стрий - Тернопіль - Кіровоград - Знам'янка (через Вінницю);державного значення;III;3;;437+015;513+515;437015;513515;76.5;експлуатаційні дані 2017;exact_piketage_from_source;data.gov.ua / Укравтодор;набір техніко-експлуатаційного стану доріг;Дані щодо техніко-експлуатаційного стану автомобільних доріг державного значення;2017;https://data.gov.ua/dataset/beca8aa5-96a9-46be-ade7-f1b400213af5;;Категорія міститься безпосередньо у вихідній таблиці показників дороги.;high;original_source_geometry;координати вихідного набору 2017;Зчеплення_В_нниця_M_2017.xlsx | М-12_пр | rows 114-190;"Базовий загальноукраїнський шар; категорія може відрізнятися від пізніших реконструкцій.";False
BASE2017-00050;Вінницька;М-12;Західний під'їзд до м.Вінниця;державного значення;III;3;;0+000;0+372;0;372;0.372;експлуатаційні дані 2017;exact_piketage_from_source;data.gov.ua / Укравтодор;набір техніко-експлуатаційного стану доріг;Дані щодо техніко-експлуатаційного стану автомобільних доріг державного значення;2017;https://data.gov.ua/dataset/beca8aa5-96a9-46be-ade7-f1b400213af5;;Категорія міститься безпосередньо у вихідній таблиці показників дороги.;high;original_source_geometry;координати вихідного набору 2017;Зчеплення_В_нниця_M_2017.xlsx | М-12_П_пр | rows 9-9;"Базовий загальноукраїнський шар; категорія може відрізнятися від пізніших реконструкцій.";False
BASE2017-00051;Вінницька;М-12;Східний під'їзд до м.Вінниця;державного значення;III;3;;0+000;1+070;0;1070;1.07;експлуатаційні дані 2017;exact_piketage_from_source;data.gov.ua / Укравтодор;набір техніко-експлуатаційного стану доріг;Дані щодо техніко-експлуатаційного стану автомобільних доріг державного значення;2017;https://data.gov.ua/dataset/beca8aa5-96a9-46be-ade7-f1b400213af5;;Категорія міститься безпосередньо у вихідній таблиці показників дороги.;high;original_source_geometry;координати вихідного набору 2017;Зчеплення_В_нниця_M_2017.xlsx | М-12_П2_пр | rows 9-10;"Базовий загальноукраїнський шар; категорія може відрізнятися від пізніших реконструкцій.";False
BASE2017-00052;Вінницька;М-12;Об'їзд м.Немирів;державного значення;III;3;;0+000;4+815;0;4815;4.815;експлуатаційні дані 2017;exact_piketage_from_source;data.gov.ua / Укравтодор;набір техніко-експлуатаційного стану доріг;Дані щодо техніко-експлуатаційного стану автомобільних доріг державного значення;2017;https://data.gov.ua/dataset/beca8aa5-96a9-46be-ade7-f1b400213af5;;Категорія міститься безпосередньо у вихідній таблиці показників дороги.;high;original_source_geometry;координати вихідного набору 2017;Зчеплення_В_нниця_M_2017.xlsx | М-12_О_пр | rows 9-13;"Базовий загальноукраїнський шар; категорія може відрізнятися від пізніших реконструкцій.";False
BASE2017-00053;Вінницька;М-21;Житомир - Могилів-Подільський (через Вінницю);державного значення;III;3;;53+429;94+889;53429;94889;41.46;експлуатаційні дані 2017;exact_piketage_from_source;data.gov.ua / Укравтодор;набір техніко-експлуатаційного стану доріг;Дані щодо техніко-експлуатаційного стану автомобільних доріг державного значення;2017;https://data.gov.ua/dataset/beca8aa5-96a9-46be-ade7-f1b400213af5;;Категорія міститься безпосередньо у вихідній таблиці показників дороги.;high;original_source_geometry;координати вихідного набору 2017;Зчеплення_В_нниця_M_2017.xlsx | М-21_пр | rows 9-50;"Базовий загальноукраїнський шар; категорія може відрізнятися від пізніших реконструкцій.";False
BASE2017-00054;Вінницька;М-21;Житомир - Могилів-Подільський (через Вінницю);державного значення;II;2;;102+117;103+830;102117;103830;1.713;експлуатаційні дані 2017;exact_piketage_from_source;data.gov.ua / Укравтодор;набір техніко-експлуатаційного стану доріг;Дані щодо техніко-експлуатаційного стану автомобільних доріг державного значення;2017;https://data.gov.ua/dataset/beca8aa5-96a9-46be-ade7-f1b400213af5;;Категорія міститься безпосередньо у вихідній таблиці показників дороги.;high;original_source_geometry;координати вихідного набору 2017;Зчеплення_В_нниця_M_2017.xlsx | М-21_пр | rows 52-53;"Базовий загальноукраїнський шар; категорія може відрізнятися від пізніших реконструкцій.";False
BASE2017-00055;Вінницька;М-21;Житомир - Могилів-Подільський (через Вінницю);державного значення;II;2;;104+230;118+998;104230;118998;14.768;експлуатаційні дані 2017;exact_piketage_from_source;data.gov.ua / Укравтодор;набір техніко-експлуатаційного стану доріг;Дані щодо техніко-експлуатаційного стану автомобільних доріг державного значення;2017;https://data.gov.ua/dataset/beca8aa5-96a9-46be-ade7-f1b400213af5;;Категорія міститься безпосередньо у вихідній таблиці показників дороги.;high;original_source_geometry;координати вихідного набору 2017;Зчеплення_В_нниця_M_2017.xlsx | М-21_пр | rows 55-69;"Базовий загальноукраїнський шар; категорія може відрізнятися від пізніших реконструкцій.";False
BASE2017-00056;Вінницька;М-21;Житомир - Могилів-Подільський (через Вінницю);державного значення;II;2;;127+059;127+438;127059;127438;0.379;експлуатаційні дані 2017;exact_piketage_from_source;data.gov.ua / Укравтодор;набір техніко-експлуатаційного стану доріг;Дані щодо техніко-експлуатаційного стану автомобільних доріг державного значення;2017;https://data.gov.ua/dataset/beca8aa5-96a9-46be-ade7-f1b400213af5;;Категорія міститься безпосередньо у вихідній таблиці показників дороги.;high;original_source_geometry;координати вихідного набору 2017;Зчеплення_В_нниця_M_2017.xlsx | М-21_пр | rows 71-71;"Базовий загальноукраїнський шар; категорія може відрізнятися від пізніших реконструкцій.";False
BASE2017-00057;Вінницька;М-21;Житомир - Могилів-Подільський (через Вінницю);державного значення;II;2;;128+877;155+000;128877;155000;26.123;експлуатаційні дані 2017;exact_piketage_from_source;data.gov.ua / Укравтодор;набір техніко-експлуатаційного стану доріг;Дані щодо техніко-експлуатаційного стану автомобільних доріг державного значення;2017;https://data.gov.ua/dataset/beca8aa5-96a9-46be-ade7-f1b400213af5;;Категорія міститься безпосередньо у вихідній таблиці показників дороги.;high;original_source_geometry;координати вихідного набору 2017;Зчеплення_В_нниця_M_2017.xlsx | М-21_пр | rows 73-99;"Базовий загальноукраїнський шар; категорія може відрізнятися від пізніших реконструкцій.";False
BASE2017-00058;Вінницька;М-21;Житомир - Могилів-Подільський (через Вінницю);державного значення;III;3;;155+000;184+000;155000;184000;29.0;експлуатаційні дані 2017;exact_piketage_from_source;data.gov.ua / Укравтодор;набір техніко-експлуатаційного стану доріг;Дані щодо техніко-експлуатаційного стану автомобільних доріг державного значення;2017;https://data.gov.ua/dataset/beca8aa5-96a9-46be-ade7-f1b400213af5;;Категорія міститься безпосередньо у вихідній таблиці показників дороги.;high;original_source_geometry;координати вихідного набору 2017;Зчеплення_В_нниця_M_2017.xlsx | М-21_пр | rows 100-128;"Базовий загальноукраїнський шар; категорія може відрізнятися від пізніших реконструкцій.";False
BASE2017-00059;Вінницька;М-21;Житомир - Могилів-Подільський (через Вінницю);державного значення;I;1;;184+000;186+000;184000;186000;2.0;експлуатаційні дані 2017;exact_piketage_from_source;data.gov.ua / Укравтодор;набір техніко-експлуатаційного стану доріг;Дані щодо техніко-експлуатаційного стану автомобільних доріг державного значення;2017;https://data.gov.ua/dataset/beca8aa5-96a9-46be-ade7-f1b400213af5;;Категорія міститься безпосередньо у вихідній таблиці показників дороги.;high;original_source_geometry;координати вихідного набору 2017;Зчеплення_В_нниця_M_2017.xlsx | М-21_пр | rows 129-130;"Базовий загальноукраїнський шар; категорія може відрізнятися від пізніших реконструкцій.";False
BASE2017-00060;Вінницька;М-21;Житомир - Могилів-Подільський (через Вінницю);державного значення;III;3;;186+000;187+000;186000;187000;1.0;експлуатаційні дані 2017;exact_piketage_from_source;data.gov.ua / Укравтодор;набір техніко-експлуатаційного стану доріг;Дані щодо техніко-експлуатаційного стану автомобільних доріг державного значення;2017;https://data.gov.ua/dataset/beca8aa5-96a9-46be-ade7-f1b400213af5;;Категорія міститься безпосередньо у вихідній таблиці показників дороги.;high;original_source_geometry;координати вихідного набору 2017;Зчеплення_В_нниця_M_2017.xlsx | М-21_пр | rows 131-131;"Базовий загальноукраїнський шар; категорія може відрізнятися від пізніших реконструкцій.";False
BASE2017-00061;Вінницька;М-21;Житомир - Могилів-Подільський (через Вінницю);державного значення;I;1;;187+000;218+000;187000;218000;31.0;експлуатаційні дані 2017;exact_piketage_from_source;data.gov.ua / Укравтодор;набір техніко-експлуатаційного стану доріг;Дані щодо техніко-експлуатаційного стану автомобільних доріг державного значення;2017;https://data.gov.ua/dataset/beca8aa5-96a9-46be-ade7-f1b400213af5;;Категорія міститься безпосередньо у вихідній таблиці показників дороги.;high;original_source_geometry;координати вихідного набору 2017;Зчеплення_В_нниця_M_2017.xlsx | М-21_пр | rows 132-162;"Базовий загальноукраїнський шар; категорія може відрізнятися від пізніших реконструкцій.";False
BASE2017-00062;Вінницька;М-21;Житомир - Могилів-Подільський (через Вінницю);державного значення;II;2;;218+000;224+000;218000;224000;6.0;експлуатаційні дані 2017;exact_piketage_from_source;data.gov.ua / Укравтодор;набір техніко-експлуатаційного стану доріг;Дані щодо техніко-експлуатаційного стану автомобільних доріг державного значення;2017;https://data.gov.ua/dataset/beca8aa5-96a9-46be-ade7-f1b400213af5;;Категорія міститься безпосередньо у вихідній таблиці показників дороги.;high;original_source_geometry;координати вихідного набору 2017;Зчеплення_В_нниця_M_2017.xlsx | М-21_пр | rows 163-168;"Базовий загальноукраїнський шар; категорія може відрізнятися від пізніших реконструкцій.";False
BASE2017-00063;Вінницька;М-21;Житомир - Могилів-Подільський (через Вінницю);державного значення;III;3;;224+000;225+000;224000;225000;1.0;експлуатаційні дані 2017;exact_piketage_from_source;data.gov.ua / Укравтодор;набір техніко-експлуатаційного стану доріг;Дані щодо техніко-експлуатаційного стану автомобільних доріг державного значення;2017;https://data.gov.ua/dataset/beca8aa5-96a9-46be-ade7-f1b400213af5;;Категорія міститься безпосередньо у вихідній таблиці показників дороги.;high;original_source_geometry;координати вихідного набору 2017;Зчеплення_В_нниця_M_2017.xlsx | М-21_пр | rows 169-169;"Базовий загальноукраїнський шар; категорія може відрізнятися від пізніших реконструкцій.";False
BASE2017-00064;Вінницька;М-21;Житомир - Могилів-Подільський (через Вінницю);державного значення;IV;4;;225+000;226+000;225000;226000;1.0;експлуатаційні дані 2017;exact_piketage_from_source;data.gov.ua / Укравтодор;набір техніко-експлуатаційного стану доріг;Дані щодо техніко-експлуатаційного стану автомобільних доріг державного значення;2017;https://data.gov.ua/dataset/beca8aa5-96a9-46be-ade7-f1b400213af5;;Категорія міститься безпосередньо у вихідній таблиці показників дороги.;high;original_source_geometry;координати вихідного набору 2017;Зчеплення_В_нниця_M_2017.xlsx | М-21_пр | rows 170-170;"Базовий загальноукраїнський шар; категорія може відрізнятися від пізніших реконструкцій.";False
BASE2017-00065;Вінницька;М-21;Житомир - Могилів-Подільський (через Вінницю);державного значення;II;2;;226+000;234+000;226000;234000;8.0;експлуатаційні дані 2017;exact_piketage_from_source;data.gov.ua / Укравтодор;набір техніко-експлуатаційного стану доріг;Дані щодо техніко-експлуатаційного стану автомобільних доріг державного значення;2017;https://data.gov.ua/dataset/beca8aa5-96a9-46be-ade7-f1b400213af5;;Категорія міститься безпосередньо у вихідній таблиці показників дороги.;high;original_source_geometry;координати вихідного набору 2017;Зчеплення_В_нниця_M_2017.xlsx | М-21_пр | rows 171-178;"Базовий загальноукраїнський шар; категорія може відрізнятися від пізніших реконструкцій.";False
BASE2017-00066;Вінницька;М-21;Житомир - Могилів-Подільський (через Вінницю);державного значення;I;1;;234+000;236+000;234000;236000;2.0;експлуатаційні дані 2017;exact_piketage_from_source;data.gov.ua / Укравтодор;набір техніко-експлуатаційного стану доріг;Дані щодо техніко-експлуатаційного стану автомобільних доріг державного значення;2017;https://data.gov.ua/dataset/beca8aa5-96a9-46be-ade7-f1b400213af5;;Категорія міститься безпосередньо у вихідній таблиці показників дороги.;high;original_source_geometry;координати вихідного набору 2017;Зчеплення_В_нниця_M_2017.xlsx | М-21_пр | rows 179-180;"Базовий загальноукраїнський шар; категорія може відрізнятися від пізніших реконструкцій.";False
BASE2017-00067;Вінницька;М-21;Житомир - Могилів-Подільський (через Вінницю);державного значення;II;2;;236+000;239+000;236000;239000;3.0;експлуатаційні дані 2017;exact_piketage_from_source;data.gov.ua / Укравтодор;набір техніко-експлуатаційного стану доріг;Дані щодо техніко-експлуатаційного стану автомобільних доріг державного значення;2017;https://data.gov.ua/dataset/beca8aa5-96a9-46be-ade7-f1b400213af5;;Категорія міститься безпосередньо у вихідній таблиці показників дороги.;high;original_source_geometry;координати вихідного набору 2017;Зчеплення_В_нниця_M_2017.xlsx | М-21_пр | rows 181-183;"Базовий загальноукраїнський шар; категорія може відрізнятися від пізніших реконструкцій.";False
BASE2017-00068;Вінницька;М-21;Житомир - Могилів-Подільський (через Вінницю);державного значення;III;3;;239+000;239+115;239000;239115;0.115;експлуатаційні дані 2017;exact_piketage_from_source;data.gov.ua / Укравтодор;набір техніко-експлуатаційного стану доріг;Дані щодо техніко-експлуатаційного стану автомобільних доріг державного значення;2017;https://data.gov.ua/dataset/beca8aa5-96a9-46be-ade7-f1b400213af5;;Категорія міститься безпосередньо у вихідній таблиці показників дороги.;high;original_source_geometry;координати вихідного набору 2017;Зчеплення_В_нниця_M_2017.xlsx | М-21_пр | rows 184-184;"Базовий загальноукраїнський шар; категорія може відрізнятися від пізніших реконструкцій.";False
BASE2017-00069;Вінницька;М-21;Обхід м.Калинівка;державного значення;II;2;;0+000;2+000;0;2000;2.0;експлуатаційні дані 2017;exact_piketage_from_source;data.gov.ua / Укравтодор;набір техніко-експлуатаційного стану доріг;Дані щодо техніко-експлуатаційного стану автомобільних доріг державного значення;2017;https://data.gov.ua/dataset/beca8aa5-96a9-46be-ade7-f1b400213af5;;Категорія міститься безпосередньо у вихідній таблиці показників дороги.;high;original_source_geometry;координати вихідного набору 2017;Зчеплення_В_нниця_M_2017.xlsx | М-21_О_пр | rows 9-10;"Базовий загальноукраїнський шар; категорія може відрізнятися від пізніших реконструкцій.";False
BASE2017-00070;Вінницька;М-21;Обхід м.Калинівка;державного значення;I;1;;2+000;4+000;2000;4000;2.0;експлуатаційні дані 2017;exact_piketage_from_source;data.gov.ua / Укравтодор;набір техніко-експлуатаційного стану доріг;Дані щодо техніко-експлуатаційного стану автомобільних доріг державного значення;2017;https://data.gov.ua/dataset/beca8aa5-96a9-46be-ade7-f1b400213af5;;Категорія міститься безпосередньо у вихідній таблиці показників дороги.;high;original_source_geometry;координати вихідного набору 2017;Зчеплення_В_нниця_M_2017.xlsx | М-21_О_пр | rows 11-12;"Базовий загальноукраїнський шар; категорія може відрізнятися від пізніших реконструкцій.";False
BASE2017-00071;Вінницька;М-21;Обхід м.Калинівка;державного значення;II;2;;4+000;5+000;4000;5000;1.0;експлуатаційні дані 2017;exact_piketage_from_source;data.gov.ua / Укравтодор;набір техніко-експлуатаційного стану доріг;Дані щодо техніко-експлуатаційного стану автомобільних доріг державного значення;2017;https://data.gov.ua/dataset/beca8aa5-96a9-46be-ade7-f1b400213af5;;Категорія міститься безпосередньо у вихідній таблиці показників дороги.;high;original_source_geometry;координати вихідного набору 2017;Зчеплення_В_нниця_M_2017.xlsx | М-21_О_пр | rows 13-13;"Базовий загальноукраїнський шар; категорія може відрізнятися від пізніших реконструкцій.";False
BASE2017-00072;Вінницька;М-21;Обхід м.Калинівка;державного значення;III;3;;5+000;9+341;5000;9341;4.341;експлуатаційні дані 2017;exact_piketage_from_source;data.gov.ua / Укравтодор;набір техніко-експлуатаційного стану доріг;Дані щодо техніко-експлуатаційного стану автомобільних доріг державного значення;2017;https://data.gov.ua/dataset/beca8aa5-96a9-46be-ade7-f1b400213af5;;Категорія міститься безпосередньо у вихідній таблиці показників дороги.;high;original_source_geometry;координати вихідного набору 2017;Зчеплення_В_нниця_M_2017.xlsx | М-21_О_пр | rows 14-18;"Базовий загальноукраїнський шар; категорія може відрізнятися від пізніших реконструкцій.";False
BASE2017-00073;Вінницька;Р-08;Немирів - Ямпіль;державного значення;III;3;;0+000;3+000;0;3000;3.0;експлуатаційні дані 2017;exact_piketage_from_source;data.gov.ua / Укравтодор;набір техніко-експлуатаційного стану доріг;Дані щодо техніко-експлуатаційного стану автомобільних доріг державного значення;2017;https://data.gov.ua/dataset/beca8aa5-96a9-46be-ade7-f1b400213af5;;Категорія міститься безпосередньо у вихідній таблиці показників дороги.;high;original_source_geometry;координати вихідного набору 2017;Зчеплення_В_нниця_Р_2017.xlsx | Р-08_пр | rows 9-11;"Базовий загальноукраїнський шар; категорія може відрізнятися від пізніших реконструкцій.";False
BASE2017-00074;Вінницька;Р-08;Немирів - Ямпіль;державного значення;II;2;;3+000;4+000;3000;4000;1.0;експлуатаційні дані 2017;exact_piketage_from_source;data.gov.ua / Укравтодор;набір техніко-експлуатаційного стану доріг;Дані щодо техніко-експлуатаційного стану автомобільних доріг державного значення;2017;https://data.gov.ua/dataset/beca8aa5-96a9-46be-ade7-f1b400213af5;;Категорія міститься безпосередньо у вихідній таблиці показників дороги.;high;original_source_geometry;координати вихідного набору 2017;Зчеплення_В_нниця_Р_2017.xlsx | Р-08_пр | rows 12-12;"Базовий загальноукраїнський шар; категорія може відрізнятися від пізніших реконструкцій.";False
BASE2017-00075;Вінницька;Р-08;Немирів - Ямпіль;державного значення;III;3;;4+000;25+000;4000;25000;21.0;експлуатаційні дані 2017;exact_piketage_from_source;data.gov.ua / Укравтодор;набір техніко-експлуатаційного стану доріг;Дані щодо техніко-експлуатаційного стану автомобільних доріг державного значення;2017;https://data.gov.ua/dataset/beca8aa5-96a9-46be-ade7-f1b400213af5;;Категорія міститься безпосередньо у вихідній таблиці показників дороги.;high;original_source_geometry;координати вихідного набору 2017;Зчеплення_В_нниця_Р_2017.xlsx | Р-08_пр | rows 13-33;"Базовий загальноукраїнський шар; категорія може відрізнятися від пізніших реконструкцій.";False
BASE2017-00076;Вінницька;Р-08;Немирів - Ямпіль;державного значення;II;2;;25+000;37+000;25000;37000;12.0;експлуатаційні дані 2017;exact_piketage_from_source;data.gov.ua / Укравтодор;набір техніко-експлуатаційного стану доріг;Дані щодо техніко-експлуатаційного стану автомобільних доріг державного значення;2017;https://data.gov.ua/dataset/beca8aa5-96a9-46be-ade7-f1b400213af5;;Категорія міститься безпосередньо у вихідній таблиці показників дороги.;high;original_source_geometry;координати вихідного набору 2017;Зчеплення_В_нниця_Р_2017.xlsx | Р-08_пр | rows 34-45;"Базовий загальноукраїнський шар; категорія може відрізнятися від пізніших реконструкцій.";False
BASE2017-00077;Вінницька;Р-08;Немирів - Ямпіль;державного значення;III;3;;37+000;56+000;37000;56000;19.0;експлуатаційні дані 2017;exact_piketage_from_source;data.gov.ua / Укравтодор;набір техніко-експлуатаційного стану доріг;Дані щодо техніко-експлуатаційного стану автомобільних доріг державного значення;2017;https://data.gov.ua/dataset/beca8aa5-96a9-46be-ade7-f1b400213af5;;Категорія міститься безпосередньо у вихідній таблиці показників дороги.;high;original_source_geometry;координати вихідного набору 2017;Зчеплення_В_нниця_Р_2017.xlsx | Р-08_пр | rows 46-64;"Базовий загальноукраїнський шар; категорія може відрізнятися від пізніших реконструкцій.";False
BASE2017-00078;Вінницька;Р-08;Немирів - Ямпіль;державного значення;II;2;;56+000;60+000;56000;60000;4.0;експлуатаційні дані 2017;exact_piketage_from_source;data.gov.ua / Укравтодор;набір техніко-експлуатаційного стану доріг;Дані щодо техніко-експлуатаційного стану автомобільних доріг державного значення;2017;https://data.gov.ua/dataset/beca8aa5-96a9-46be-ade7-f1b400213af5;;Категорія міститься безпосередньо у вихідній таблиці показників дороги.;high;original_source_geometry;координати вихідного набору 2017;Зчеплення_В_нниця_Р_2017.xlsx | Р-08_пр | rows 65-68;"Базовий загальноукраїнський шар; категорія може відрізнятися від пізніших реконструкцій.";False
BASE2017-00079;Вінницька;Р-08;Немирів - Ямпіль;державного значення;III;3;;60+000;74+000;60000;74000;14.0;експлуатаційні дані 2017;exact_piketage_from_source;data.gov.ua / Укравтодор;набір техніко-експлуатаційного стану доріг;Дані щодо техніко-експлуатаційного стану автомобільних доріг державного значення;2017;https://data.gov.ua/dataset/beca8aa5-96a9-46be-ade7-f1b400213af5;;Категорія міститься безпосередньо у вихідній таблиці показників дороги.;high;original_source_geometry;координати вихідного набору 2017;Зчеплення_В_нниця_Р_2017.xlsx | Р-08_пр | rows 69-82;"Базовий загальноукраїнський шар; категорія може відрізнятися від пізніших реконструкцій.";False
BASE2017-00080;Вінницька;Р-08;Немирів - Ямпіль;державного значення;II;2;;74+000;77+000;74000;77000;3.0;експлуатаційні дані 2017;exact_piketage_from_source;data.gov.ua / Укравтодор;набір техніко-експлуатаційного стану доріг;Дані щодо техніко-експлуатаційного стану автомобільних доріг державного значення;2017;https://data.gov.ua/dataset/beca8aa5-96a9-46be-ade7-f1b400213af5;;Категорія міститься безпосередньо у вихідній таблиці показників дороги.;high;original_source_geometry;координати вихідного набору 2017;Зчеплення_В_нниця_Р_2017.xlsx | Р-08_пр | rows 83-85;"Базовий загальноукраїнський шар; категорія може відрізнятися від пізніших реконструкцій.";False
BASE2017-00081;Вінницька;Р-08;Немирів - Ямпіль;державного значення;III;3;;77+000;118+583;77000;118583;41.583;експлуатаційні дані 2017;exact_piketage_from_source;data.gov.ua / Укравтодор;набір техніко-експлуатаційного стану доріг;Дані щодо техніко-експлуатаційного стану автомобільних доріг державного значення;2017;https://data.gov.ua/dataset/beca8aa5-96a9-46be-ade7-f1b400213af5;;Категорія міститься безпосередньо у вихідній таблиці показників дороги.;high;original_source_geometry;координати вихідного набору 2017;Зчеплення_В_нниця_Р_2017.xlsx | Р-08_пр | rows 86-127;"Базовий загальноукраїнський шар; категорія може відрізнятися від пізніших реконструкцій.";False
BASE2017-00082;Вінницька;Р-17;Біла Церква - Тетіїв - Липовець - Гуменне-до автомобільної дороги М-12;державного значення;II;2;;73+513;111+000;73513;111000;37.487;експлуатаційні дані 2017;exact_piketage_from_source;data.gov.ua / Укравтодор;набір техніко-експлуатаційного стану доріг;Дані щодо техніко-експлуатаційного стану автомобільних доріг державного значення;2017;https://data.gov.ua/dataset/beca8aa5-96a9-46be-ade7-f1b400213af5;;Категорія міститься безпосередньо у вихідній таблиці показників дороги.;high;original_source_geometry;координати вихідного набору 2017;Зчеплення_В_нниця_Р_2017.xlsx | Р-17_пр | rows 9-46;"Базовий загальноукраїнський шар; категорія може відрізнятися від пізніших реконструкцій.";False
BASE2017-00083;Вінницька;Р-17;Біла Церква - Тетіїв - Липовець - Гуменне-до автомобільної дороги М-12;державного значення;III;3;;111+000;167+290;111000;167290;56.29;експлуатаційні дані 2017;exact_piketage_from_source;data.gov.ua / Укравтодор;набір техніко-експлуатаційного стану доріг;Дані щодо техніко-експлуатаційного стану автомобільних доріг державного значення;2017;https://data.gov.ua/dataset/beca8aa5-96a9-46be-ade7-f1b400213af5;;Категорія міститься безпосередньо у вихідній таблиці показників дороги.;high;original_source_geometry;координати вихідного набору 2017;Зчеплення_В_нниця_Р_2017.xlsx | Р-17_пр | rows 47-103;"Базовий загальноукраїнський шар; категорія може відрізнятися від пізніших реконструкцій.";False
BASE2017-00084;Вінницька;Р-31;Бердичів - Хмільник - Літин (до автодороги М-12);державного значення;I;1;;23+141;26+000;23141;26000;2.859;експлуатаційні дані 2017;exact_piketage_from_source;data.gov.ua / Укравтодор;набір техніко-експлуатаційного стану доріг;Дані щодо техніко-експлуатаційного стану автомобільних доріг державного значення;2017;https://data.gov.ua/dataset/beca8aa5-96a9-46be-ade7-f1b400213af5;;Категорія міститься безпосередньо у вихідній таблиці показників дороги.;high;original_source_geometry;координати вихідного набору 2017;Зчеплення_В_нниця_Р_2017.xlsx | Р-31_пр | rows 9-11;"Базовий загальноукраїнський шар; категорія може відрізнятися від пізніших реконструкцій.";False
BASE2017-00085;Вінницька;Р-31;Бердичів - Хмільник - Літин (до автодороги М-12);державного значення;III;3;;26+000;27+000;26000;27000;1.0;експлуатаційні дані 2017;exact_piketage_from_source;data.gov.ua / Укравтодор;набір техніко-експлуатаційного стану доріг;Дані щодо техніко-експлуатаційного стану автомобільних доріг державного значення;2017;https://data.gov.ua/dataset/beca8aa5-96a9-46be-ade7-f1b400213af5;;Категорія міститься безпосередньо у вихідній таблиці показників дороги.;high;original_source_geometry;координати вихідного набору 2017;Зчеплення_В_нниця_Р_2017.xlsx | Р-31_пр | rows 12-12;"Базовий загальноукраїнський шар; категорія може відрізнятися від пізніших реконструкцій.";False
BASE2017-00086;Вінницька;Р-31;Бердичів - Хмільник - Літин (до автодороги М-12);державного значення;II;2;;27+000;29+000;27000;29000;2.0;експлуатаційні дані 2017;exact_piketage_from_source;data.gov.ua / Укравтодор;набір техніко-експлуатаційного стану доріг;Дані щодо техніко-експлуатаційного стану автомобільних доріг державного значення;2017;https://data.gov.ua/dataset/beca8aa5-96a9-46be-ade7-f1b400213af5;;Категорія міститься безпосередньо у вихідній таблиці показників дороги.;high;original_source_geometry;координати вихідного набору 2017;Зчеплення_В_нниця_Р_2017.xlsx | Р-31_пр | rows 13-14;"Базовий загальноукраїнський шар; категорія може відрізнятися від пізніших реконструкцій.";False
BASE2017-00087;Вінницька;Р-31;Бердичів - Хмільник - Літин (до автодороги М-12);державного значення;III;3;;29+000;38+000;29000;38000;9.0;експлуатаційні дані 2017;exact_piketage_from_source;data.gov.ua / Укравтодор;набір техніко-експлуатаційного стану доріг;Дані щодо техніко-експлуатаційного стану автомобільних доріг державного значення;2017;https://data.gov.ua/dataset/beca8aa5-96a9-46be-ade7-f1b400213af5;;Категорія міститься безпосередньо у вихідній таблиці показників дороги.;high;original_source_geometry;координати вихідного набору 2017;Зчеплення_В_нниця_Р_2017.xlsx | Р-31_пр | rows 15-23;"Базовий загальноукраїнський шар; категорія може відрізнятися від пізніших реконструкцій.";False
BASE2017-00088;Вінницька;Р-31;Бердичів - Хмільник - Літин (до автодороги М-12);державного значення;II;2;;38+000;40+000;38000;40000;2.0;експлуатаційні дані 2017;exact_piketage_from_source;data.gov.ua / Укравтодор;набір техніко-експлуатаційного стану доріг;Дані щодо техніко-експлуатаційного стану автомобільних доріг державного значення;2017;https://data.gov.ua/dataset/beca8aa5-96a9-46be-ade7-f1b400213af5;;Категорія міститься безпосередньо у вихідній таблиці показників дороги.;high;original_source_geometry;координати вихідного набору 2017;Зчеплення_В_нниця_Р_2017.xlsx | Р-31_пр | rows 24-25;"Базовий загальноукраїнський шар; категорія може відрізнятися від пізніших реконструкцій.";False
BASE2017-00089;Вінницька;Р-31;Бердичів - Хмільник - Літин (до автодороги М-12);державного значення;III;3;;40+000;41+000;40000;41000;1.0;експлуатаційні дані 2017;exact_piketage_from_source;data.gov.ua / Укравтодор;набір техніко-експлуатаційного стану доріг;Дані щодо техніко-експлуатаційного стану автомобільних доріг державного значення;2017;https://data.gov.ua/dataset/beca8aa5-96a9-46be-ade7-f1b400213af5;;Категорія міститься безпосередньо у вихідній таблиці показників дороги.;high;original_source_geometry;координати вихідного набору 2017;Зчеплення_В_нниця_Р_2017.xlsx | Р-31_пр | rows 26-26;"Базовий загальноукраїнський шар; категорія може відрізнятися від пізніших реконструкцій.";False
BASE2017-00090;Вінницька;Р-31;Бердичів - Хмільник - Літин (до автодороги М-12);державного значення;II;2;;41+000;58+000;41000;58000;17.0;експлуатаційні дані 2017;exact_piketage_from_source;data.gov.ua / Укравтодор;набір техніко-експлуатаційного стану доріг;Дані щодо техніко-експлуатаційного стану автомобільних доріг державного значення;2017;https://data.gov.ua/dataset/beca8aa5-96a9-46be-ade7-f1b400213af5;;Категорія міститься безпосередньо у вихідній таблиці показників дороги.;high;original_source_geometry;координати вихідного набору 2017;Зчеплення_В_нниця_Р_2017.xlsx | Р-31_пр | rows 27-43;"Базовий загальноукраїнський шар; категорія може відрізнятися від пізніших реконструкцій.";False
BASE2017-00091;Вінницька;Р-31;Бердичів - Хмільник - Літин (до автодороги М-12);державного значення;III;3;;58+000;64+000;58000;64000;6.0;експлуатаційні дані 2017;exact_piketage_from_source;data.gov.ua / Укравтодор;набір техніко-експлуатаційного стану доріг;Дані щодо техніко-експлуатаційного стану автомобільних доріг державного значення;2017;https://data.gov.ua/dataset/beca8aa5-96a9-46be-ade7-f1b400213af5;;Категорія міститься безпосередньо у вихідній таблиці показників дороги.;high;original_source_geometry;координати вихідного набору 2017;Зчеплення_В_нниця_Р_2017.xlsx | Р-31_пр | rows 44-49;"Базовий загальноукраїнський шар; категорія може відрізнятися від пізніших реконструкцій.";False
BASE2017-00092;Вінницька;Р-31;Бердичів - Хмільник - Літин (до автодороги М-12);державного значення;II;2;;64+000;65+000;64000;65000;1.0;експлуатаційні дані 2017;exact_piketage_from_source;data.gov.ua / Укравтодор;набір техніко-експлуатаційного стану доріг;Дані щодо техніко-експлуатаційного стану автомобільних доріг державного значення;2017;https://data.gov.ua/dataset/beca8aa5-96a9-46be-ade7-f1b400213af5;;Категорія міститься безпосередньо у вихідній таблиці показників дороги.;high;original_source_geometry;координати вихідного набору 2017;Зчеплення_В_нниця_Р_2017.xlsx | Р-31_пр | rows 50-50;"Базовий загальноукраїнський шар; категорія може відрізнятися від пізніших реконструкцій.";False
BASE2017-00093;Вінницька;Р-31;Бердичів - Хмільник - Літин (до автодороги М-12);державного значення;III;3;;65+000;66+000;65000;66000;1.0;експлуатаційні дані 2017;exact_piketage_from_source;data.gov.ua / Укравтодор;набір техніко-експлуатаційного стану доріг;Дані щодо техніко-експлуатаційного стану автомобільних доріг державного значення;2017;https://data.gov.ua/dataset/beca8aa5-96a9-46be-ade7-f1b400213af5;;Категорія міститься безпосередньо у вихідній таблиці показників дороги.;high;original_source_geometry;координати вихідного набору 2017;Зчеплення_В_нниця_Р_2017.xlsx | Р-31_пр | rows 51-51;"Базовий загальноукраїнський шар; категорія може відрізнятися від пізніших реконструкцій.";False
BASE2017-00094;Вінницька;Р-31;Бердичів - Хмільник - Літин (до автодороги М-12);державного значення;II;2;;66+000;72+000;66000;72000;6.0;експлуатаційні дані 2017;exact_piketage_from_source;data.gov.ua / Укравтодор;набір техніко-експлуатаційного стану доріг;Дані щодо техніко-експлуатаційного стану автомобільних доріг державного значення;2017;https://data.gov.ua/dataset/beca8aa5-96a9-46be-ade7-f1b400213af5;;Категорія міститься безпосередньо у вихідній таблиці показників дороги.;high;original_source_geometry;координати вихідного набору 2017;Зчеплення_В_нниця_Р_2017.xlsx | Р-31_пр | rows 52-57;"Базовий загальноукраїнський шар; категорія може відрізнятися від пізніших реконструкцій.";False
BASE2017-00095;Вінницька;Р-31;Бердичів - Хмільник - Літин (до автодороги М-12);державного значення;III;3;;72+000;75+000;72000;75000;3.0;експлуатаційні дані 2017;exact_piketage_from_source;data.gov.ua / Укравтодор;набір техніко-експлуатаційного стану доріг;Дані щодо техніко-експлуатаційного стану автомобільних доріг державного значення;2017;https://data.gov.ua/dataset/beca8aa5-96a9-46be-ade7-f1b400213af5;;Категорія міститься безпосередньо у вихідній таблиці показників дороги.;high;original_source_geometry;координати вихідного набору 2017;Зчеплення_В_нниця_Р_2017.xlsx | Р-31_пр | rows 58-60;"Базовий загальноукраїнський шар; категорія може відрізнятися від пізніших реконструкцій.";False
BASE2017-00096;Вінницька;Р-31;Бердичів - Хмільник - Літин (до автодороги М-12);державного значення;II;2;;75+000;81+863;75000;81863;6.863;експлуатаційні дані 2017;exact_piketage_from_source;data.gov.ua / Укравтодор;набір техніко-експлуатаційного стану доріг;Дані щодо техніко-експлуатаційного стану автомобільних доріг державного значення;2017;https://data.gov.ua/dataset/beca8aa5-96a9-46be-ade7-f1b400213af5;;Категорія міститься безпосередньо у вихідній таблиці показників дороги.;high;original_source_geometry;координати вихідного набору 2017;Зчеплення_В_нниця_Р_2017.xlsx | Р-31_пр | rows 61-67;"Базовий загальноукраїнський шар; категорія може відрізнятися від пізніших реконструкцій.";False
BASE2017-00097;Вінницька;Р-32;Кременець - Біла Церква - Ржищів;державного значення;III;3;;200+647;224+000;200647;224000;23.353;експлуатаційні дані 2017;exact_piketage_from_source;data.gov.ua / Укравтодор;набір техніко-експлуатаційного стану доріг;Дані щодо техніко-експлуатаційного стану автомобільних доріг державного значення;2017;https://data.gov.ua/dataset/beca8aa5-96a9-46be-ade7-f1b400213af5;;Категорія міститься безпосередньо у вихідній таблиці показників дороги.;high;original_source_geometry;координати вихідного набору 2017;Зчеплення_В_нниця_Р_2017.xlsx | Р-32_пр | rows 9-32;"Базовий загальноукраїнський шар; категорія може відрізнятися від пізніших реконструкцій.";False
BASE2017-00098;Вінницька;Р-32;Кременець - Біла Церква - Ржищів;державного значення;II;2;;224+000;231+000;224000;231000;7.0;експлуатаційні дані 2017;exact_piketage_from_source;data.gov.ua / Укравтодор;набір техніко-експлуатаційного стану доріг;Дані щодо техніко-експлуатаційного стану автомобільних доріг державного значення;2017;https://data.gov.ua/dataset/beca8aa5-96a9-46be-ade7-f1b400213af5;;Категорія міститься безпосередньо у вихідній таблиці показників дороги.;high;original_source_geometry;координати вихідного набору 2017;Зчеплення_В_нниця_Р_2017.xlsx | Р-32_пр | rows 33-39;"Базовий загальноукраїнський шар; категорія може відрізнятися від пізніших реконструкцій.";False
BASE2017-00099;Вінницька;Р-32;Кременець - Біла Церква - Ржищів;державного значення;III;3;;231+000;239+000;231000;239000;8.0;експлуатаційні дані 2017;exact_piketage_from_source;data.gov.ua / Укравтодор;набір техніко-експлуатаційного стану доріг;Дані щодо техніко-експлуатаційного стану автомобільних доріг державного значення;2017;https://data.gov.ua/dataset/beca8aa5-96a9-46be-ade7-f1b400213af5;;Категорія міститься безпосередньо у вихідній таблиці показників дороги.;high;original_source_geometry;координати вихідного набору 2017;Зчеплення_В_нниця_Р_2017.xlsx | Р-32_пр | rows 40-47;"Базовий загальноукраїнський шар; категорія може відрізнятися від пізніших реконструкцій.";False
BASE2017-00100;Вінницька;Р-32;Кременець - Біла Церква - Ржищів;державного значення;II;2;;239+000;244+000;239000;244000;5.0;експлуатаційні дані 2017;exact_piketage_from_source;data.gov.ua / Укравтодор;набір техніко-експлуатаційного стану доріг;Дані щодо техніко-експлуатаційного стану автомобільних доріг державного значення;2017;https://data.gov.ua/dataset/beca8aa5-96a9-46be-ade7-f1b400213af5;;Категорія міститься безпосередньо у вихідній таблиці показників дороги.;high;original_source_geometry;координати вихідного набору 2017;Зчеплення_В_нниця_Р_2017.xlsx | Р-32_пр | rows 48-52;"Базовий загальноукраїнський шар; категорія може відрізнятися від пізніших реконструкцій.";False
BASE2017-00101;Вінницька;Р-32;Кременець - Біла Церква - Ржищів;державного значення;III;3;;244+000;245+700;244000;245700;1.7;експлуатаційні дані 2017;exact_piketage_from_source;data.gov.ua / Укравтодор;набір техніко-експлуатаційного стану доріг;Дані щодо техніко-експлуатаційного стану автомобільних доріг державного значення;2017;https://data.gov.ua/dataset/beca8aa5-96a9-46be-ade7-f1b400213af5;;Категорія міститься безпосередньо у вихідній таблиці показників дороги.;high;original_source_geometry;координати вихідного набору 2017;Зчеплення_В_нниця_Р_2017.xlsx | Р-32_пр | rows 53-54;"Базовий загальноукраїнський шар; категорія може відрізнятися від пізніших реконструкцій.";False
BASE2017-00102;Вінницька;Р-33;Вінниця - Турбів - Гайсин - Балта - Велика Михайлівка - (М-16);державного значення;IV;4;;3+630;51+754;3630;51754;48.124;експлуатаційні дані 2017;exact_piketage_from_source;data.gov.ua / Укравтодор;набір техніко-експлуатаційного стану доріг;Дані щодо техніко-експлуатаційного стану автомобільних доріг державного значення;2017;https://data.gov.ua/dataset/beca8aa5-96a9-46be-ade7-f1b400213af5;;Категорія міститься безпосередньо у вихідній таблиці показників дороги.;high;original_source_geometry;координати вихідного набору 2017;Зчеплення_В_нниця_Р_2017.xlsx | Р-33_пр | rows 9-57;"Базовий загальноукраїнський шар; категорія може відрізнятися від пізніших реконструкцій.";False
BASE2017-00103;Вінницька;Р-33;Вінниця - Турбів - Гайсин - Балта - Велика Михайлівка - (М-16);державного значення;IV;4;;53+325;115+710;53325;115710;62.385;експлуатаційні дані 2017;exact_piketage_from_source;data.gov.ua / Укравтодор;набір техніко-експлуатаційного стану доріг;Дані щодо техніко-експлуатаційного стану автомобільних доріг державного значення;2017;https://data.gov.ua/dataset/beca8aa5-96a9-46be-ade7-f1b400213af5;;Категорія міститься безпосередньо у вихідній таблиці показників дороги.;high;original_source_geometry;координати вихідного набору 2017;Зчеплення_В_нниця_Р_2017.xlsx | Р-33_пр | rows 59-121;"Базовий загальноукраїнський шар; категорія може відрізнятися від пізніших реконструкцій.";False
BASE2017-00104;Вінницька;Р-33;Вінниця - Турбів - Гайсин - Балта - Велика Михайлівка - (М-16);державного значення;IV;4;;121+040;212+503;121040;212503;91.463;експлуатаційні дані 2017;exact_piketage_from_source;data.gov.ua / Укравтодор;набір техніко-експлуатаційного стану доріг;Дані щодо техніко-експлуатаційного стану автомобільних доріг державного значення;2017;https://data.gov.ua/dataset/beca8aa5-96a9-46be-ade7-f1b400213af5;;Категорія міститься безпосередньо у вихідній таблиці показників дороги.;high;original_source_geometry;координати вихідного набору 2017;Зчеплення_В_нниця_Р_2017.xlsx | Р-33_пр | rows 123-214;"Базовий загальноукраїнський шар; категорія може відрізнятися від пізніших реконструкцій.";False
BASE2017-00105;Вінницька;Р-36;Немирів - Могилів-Подільський;державного значення;III;3;;1+415;107+052;1415;107052;105.637;експлуатаційні дані 2017;exact_piketage_from_source;data.gov.ua / Укравтодор;набір техніко-експлуатаційного стану доріг;Дані щодо техніко-експлуатаційного стану автомобільних доріг державного значення;2017;https://data.gov.ua/dataset/beca8aa5-96a9-46be-ade7-f1b400213af5;;Категорія міститься безпосередньо у вихідній таблиці показників дороги.;high;original_source_geometry;координати вихідного набору 2017;Зчеплення_В_нниця_Р_2017.xlsx | Р-36_пр | rows 9-115;"Базовий загальноукраїнський шар; категорія може відрізнятися від пізніших реконструкцій.";False
BASE2017-00106;Вінницька;Р-54;Краснопілка - Теплик - Бершадь - Саврань - Дубинове - /М-05/;державного значення;II;2;;0+000;17+200;0;17200;17.2;експлуатаційні дані 2017;exact_piketage_from_source;data.gov.ua / Укравтодор;набір техніко-експлуатаційного стану доріг;Дані щодо техніко-експлуатаційного стану автомобільних доріг державного значення;2017;https://data.gov.ua/dataset/beca8aa5-96a9-46be-ade7-f1b400213af5;;Категорія міститься безпосередньо у вихідній таблиці показників дороги.;high;original_source_geometry;координати вихідного набору 2017;Зчеплення_В_нниця_Р_2017.xlsx | Р-54_пр | rows 9-26;"Базовий загальноукраїнський шар; категорія може відрізнятися від пізніших реконструкцій.";False
BASE2017-00107;Вінницька;Р-54;Краснопілка - Теплик - Бершадь - Саврань - Дубинове - /М-05/;державного значення;II;2;;19+200;58+812;19200;58812;39.612;експлуатаційні дані 2017;exact_piketage_from_source;data.gov.ua / Укравтодор;набір техніко-експлуатаційного стану доріг;Дані щодо техніко-експлуатаційного стану автомобільних доріг державного значення;2017;https://data.gov.ua/dataset/beca8aa5-96a9-46be-ade7-f1b400213af5;;Категорія міститься безпосередньо у вихідній таблиці показників дороги.;high;original_source_geometry;координати вихідного набору 2017;Зчеплення_В_нниця_Р_2017.xlsx | Р-54_пр | rows 28-67;"Базовий загальноукраїнський шар; категорія може відрізнятися від пізніших реконструкцій.";False
BASE2017-00108;Вінницька;Р-54;Краснопілка - Теплик - Бершадь - Саврань - Дубинове - /М-05/;державного значення;II;2;;61+642;107+500;61642;107500;45.858;експлуатаційні дані 2017;exact_piketage_from_source;data.gov.ua / Укравтодор;набір техніко-експлуатаційного стану доріг;Дані щодо техніко-експлуатаційного стану автомобільних доріг державного значення;2017;https://data.gov.ua/dataset/beca8aa5-96a9-46be-ade7-f1b400213af5;;Категорія міститься безпосередньо у вихідній таблиці показників дороги.;high;original_source_geometry;координати вихідного набору 2017;Зчеплення_В_нниця_Р_2017.xlsx | Р-54_пр | rows 69-115;"Базовий загальноукраїнський шар; категорія може відрізнятися від пізніших реконструкцій.";False
BASE2017-00109;Волинська;М-07;Київ-Ковель-Ягодин (на Люблін);державного значення;III;3;;353+844;446+000;353844;446000;92.156;експлуатаційні дані 2017;exact_piketage_from_source;data.gov.ua / Укравтодор;набір техніко-експлуатаційного стану доріг;Дані щодо техніко-експлуатаційного стану автомобільних доріг державного значення;2017;https://data.gov.ua/dataset/beca8aa5-96a9-46be-ade7-f1b400213af5;;Категорія міститься безпосередньо у вихідній таблиці показників дороги.;high;original_source_geometry;координати вихідного набору 2017;Зчеплення_Волинь_М_Н_Р_2017.xlsx | м-07_пр | rows 9-101;"Базовий загальноукраїнський шар; категорія може відрізнятися від пізніших реконструкцій.";False
BASE2017-00110;Волинська;М-07;Київ-Ковель-Ягодин (на Люблін);державного значення;I;1;;446+000;448+000;446000;448000;2.0;експлуатаційні дані 2017;exact_piketage_from_source;data.gov.ua / Укравтодор;набір техніко-експлуатаційного стану доріг;Дані щодо техніко-експлуатаційного стану автомобільних доріг державного значення;2017;https://data.gov.ua/dataset/beca8aa5-96a9-46be-ade7-f1b400213af5;;Категорія міститься безпосередньо у вихідній таблиці показників дороги.;high;original_source_geometry;координати вихідного набору 2017;Зчеплення_Волинь_М_Н_Р_2017.xlsx | м-07_пр | rows 102-103;"Базовий загальноукраїнський шар; категорія може відрізнятися від пізніших реконструкцій.";False
BASE2017-00111;Волинська;М-07;Київ-Ковель-Ягодин (на Люблін);державного значення;III;3;;448+000;482+000;448000;482000;34.0;експлуатаційні дані 2017;exact_piketage_from_source;data.gov.ua / Укравтодор;набір техніко-експлуатаційного стану доріг;Дані щодо техніко-експлуатаційного стану автомобільних доріг державного значення;2017;https://data.gov.ua/dataset/beca8aa5-96a9-46be-ade7-f1b400213af5;;Категорія міститься безпосередньо у вихідній таблиці показників дороги.;high;original_source_geometry;координати вихідного набору 2017;Зчеплення_Волинь_М_Н_Р_2017.xlsx | м-07_пр | rows 104-137;"Базовий загальноукраїнський шар; категорія може відрізнятися від пізніших реконструкцій.";False
BASE2017-00112;Волинська;М-07;Київ-Ковель-Ягодин (на Люблін);державного значення;I;1;;482+000;505+939;482000;505939;23.939;експлуатаційні дані 2017;exact_piketage_from_source;data.gov.ua / Укравтодор;набір техніко-експлуатаційного стану доріг;Дані щодо техніко-експлуатаційного стану автомобільних доріг державного значення;2017;https://data.gov.ua/dataset/beca8aa5-96a9-46be-ade7-f1b400213af5;;Категорія міститься безпосередньо у вихідній таблиці показників дороги.;high;original_source_geometry;координати вихідного набору 2017;Зчеплення_Волинь_М_Н_Р_2017.xlsx | м-07_пр | rows 138-161;"Базовий загальноукраїнський шар; категорія може відрізнятися від пізніших реконструкцій.";False
BASE2017-00113;Волинська;М-07П1;"Під'їзд до автотерміналу КПП ""Ягодин"" №2";державного значення;I;1;;0+000;0+139;0;139;0.139;експлуатаційні дані 2017;exact_piketage_from_source;data.gov.ua / Укравтодор;набір техніко-експлуатаційного стану доріг;Дані щодо техніко-експлуатаційного стану автомобільних доріг державного значення;2017;https://data.gov.ua/dataset/beca8aa5-96a9-46be-ade7-f1b400213af5;;Категорія міститься безпосередньо у вихідній таблиці показників дороги.;high;original_source_geometry;координати вихідного набору 2017;Зчеплення_Волинь_М_Н_Р_2017.xlsx | м-07_П1_пр | rows 9-9;"Базовий загальноукраїнський шар; категорія може відрізнятися від пізніших реконструкцій.";False
BASE2017-00114;Волинська;М-07П2;"Під'їзд до автотерміналу КПП ""Ягодин"" №3";державного значення;II;2;;0+000;1+800;0;1800;1.8;експлуатаційні дані 2017;exact_piketage_from_source;data.gov.ua / Укравтодор;набір техніко-експлуатаційного стану доріг;Дані щодо техніко-експлуатаційного стану автомобільних доріг державного значення;2017;https://data.gov.ua/dataset/beca8aa5-96a9-46be-ade7-f1b400213af5;;Категорія міститься безпосередньо у вихідній таблиці показників дороги.;high;original_source_geometry;координати вихідного набору 2017;Зчеплення_Волинь_М_Н_Р_2017.xlsx | м-07_П2_пр | rows 9-10;"Базовий загальноукраїнський шар; категорія може відрізнятися від пізніших реконструкцій.";False
BASE2017-00115;Волинська;М-19;Доманове (на Брест)-Ковель-Чернівці-Тереблече (на Бухарест);державного значення;II;2;;0+000;6+000;0;6000;6.0;експлуатаційні дані 2017;exact_piketage_from_source;data.gov.ua / Укравтодор;набір техніко-експлуатаційного стану доріг;Дані щодо техніко-експлуатаційного стану автомобільних доріг державного значення;2017;https://data.gov.ua/dataset/beca8aa5-96a9-46be-ade7-f1b400213af5;;Категорія міститься безпосередньо у вихідній таблиці показників дороги.;high;original_source_geometry;координати вихідного набору 2017;Зчеплення_Волинь_М_Н_Р_2017.xlsx | м-19_пр | rows 9-14;"Базовий загальноукраїнський шар; категорія може відрізнятися від пізніших реконструкцій.";False
BASE2017-00116;Волинська;М-19;Доманове (на Брест)-Ковель-Чернівці-Тереблече (на Бухарест);державного значення;I;1;;6+000;10+000;6000;10000;4.0;експлуатаційні дані 2017;exact_piketage_from_source;data.gov.ua / Укравтодор;набір техніко-експлуатаційного стану доріг;Дані щодо техніко-експлуатаційного стану автомобільних доріг державного значення;2017;https://data.gov.ua/dataset/beca8aa5-96a9-46be-ade7-f1b400213af5;;Категорія міститься безпосередньо у вихідній таблиці показників дороги.;high;original_source_geometry;координати вихідного набору 2017;Зчеплення_Волинь_М_Н_Р_2017.xlsx | м-19_пр | rows 15-18;"Базовий загальноукраїнський шар; категорія може відрізнятися від пізніших реконструкцій.";False
BASE2017-00117;Волинська;М-19;Доманове (на Брест)-Ковель-Чернівці-Тереблече (на Бухарест);державного значення;II;2;;10+000;45+000;10000;45000;35.0;експлуатаційні дані 2017;exact_piketage_from_source;data.gov.ua / Укравтодор;набір техніко-експлуатаційного стану доріг;Дані щодо техніко-експлуатаційного стану автомобільних доріг державного значення;2017;https://data.gov.ua/dataset/beca8aa5-96a9-46be-ade7-f1b400213af5;;Категорія міститься безпосередньо у вихідній таблиці показників дороги.;high;original_source_geometry;координати вихідного набору 2017;Зчеплення_Волинь_М_Н_Р_2017.xlsx | м-19_пр | rows 19-53;"Базовий загальноукраїнський шар; категорія може відрізнятися від пізніших реконструкцій.";False
BASE2017-00118;Волинська;М-19;Доманове (на Брест)-Ковель-Чернівці-Тереблече (на Бухарест);державного значення;I;1;;45+000;46+000;45000;46000;1.0;експлуатаційні дані 2017;exact_piketage_from_source;data.gov.ua / Укравтодор;набір техніко-експлуатаційного стану доріг;Дані щодо техніко-експлуатаційного стану автомобільних доріг державного значення;2017;https://data.gov.ua/dataset/beca8aa5-96a9-46be-ade7-f1b400213af5;;Категорія міститься безпосередньо у вихідній таблиці показників дороги.;high;original_source_geometry;координати вихідного набору 2017;Зчеплення_Волинь_М_Н_Р_2017.xlsx | м-19_пр | rows 54-54;"Базовий загальноукраїнський шар; категорія може відрізнятися від пізніших реконструкцій.";False
BASE2017-00119;Волинська;М-19;Доманове (на Брест)-Ковель-Чернівці-Тереблече (на Бухарест);державного значення;II;2;;46+000;47+000;46000;47000;1.0;експлуатаційні дані 2017;exact_piketage_from_source;data.gov.ua / Укравтодор;набір техніко-експлуатаційного стану доріг;Дані щодо техніко-експлуатаційного стану автомобільних доріг державного значення;2017;https://data.gov.ua/dataset/beca8aa5-96a9-46be-ade7-f1b400213af5;;Категорія міститься безпосередньо у вихідній таблиці показників дороги.;high;original_source_geometry;координати вихідного набору 2017;Зчеплення_Волинь_М_Н_Р_2017.xlsx | м-19_пр | rows 55-55;"Базовий загальноукраїнський шар; категорія може відрізнятися від пізніших реконструкцій.";False
BASE2017-00120;Волинська;М-19;Доманове (на Брест)-Ковель-Чернівці-Тереблече (на Бухарест);державного значення;I;1;;47+000;48+000;47000;48000;1.0;експлуатаційні дані 2017;exact_piketage_from_source;data.gov.ua / Укравтодор;набір техніко-експлуатаційного стану доріг;Дані щодо техніко-експлуатаційного стану автомобільних доріг державного значення;2017;https://data.gov.ua/dataset/beca8aa5-96a9-46be-ade7-f1b400213af5;;Категорія міститься безпосередньо у вихідній таблиці показників дороги.;high;original_source_geometry;координати вихідного набору 2017;Зчеплення_Волинь_М_Н_Р_2017.xlsx | м-19_пр | rows 56-56;"Базовий загальноукраїнський шар; категорія може відрізнятися від пізніших реконструкцій.";False
BASE2017-00121;Волинська;М-19;Доманове (на Брест)-Ковель-Чернівці-Тереблече (на Бухарест);державного значення;II;2;;48+000;49+000;48000;49000;1.0;експлуатаційні дані 2017;exact_piketage_from_source;data.gov.ua / Укравтодор;набір техніко-експлуатаційного стану доріг;Дані щодо техніко-експлуатаційного стану автомобільних доріг державного значення;2017;https://data.gov.ua/dataset/beca8aa5-96a9-46be-ade7-f1b400213af5;;Категорія міститься безпосередньо у вихідній таблиці показників дороги.;high;original_source_geometry;координати вихідного набору 2017;Зчеплення_Волинь_М_Н_Р_2017.xlsx | м-19_пр | rows 57-57;"Базовий загальноукраїнський шар; категорія може відрізнятися від пізніших реконструкцій.";False
BASE2017-00122;Волинська;М-19;Доманове (на Брест)-Ковель-Чернівці-Тереблече (на Бухарест);державного значення;I;1;;49+000;50+000;49000;50000;1.0;експлуатаційні дані 2017;exact_piketage_from_source;data.gov.ua / Укравтодор;набір техніко-експлуатаційного стану доріг;Дані щодо техніко-експлуатаційного стану автомобільних доріг державного значення;2017;https://data.gov.ua/dataset/beca8aa5-96a9-46be-ade7-f1b400213af5;;Категорія міститься безпосередньо у вихідній таблиці показників дороги.;high;original_source_geometry;координати вихідного набору 2017;Зчеплення_Волинь_М_Н_Р_2017.xlsx | м-19_пр | rows 58-58;"Базовий загальноукраїнський шар; категорія може відрізнятися від пізніших реконструкцій.";False
BASE2017-00123;Волинська;М-19;Доманове (на Брест)-Ковель-Чернівці-Тереблече (на Бухарест);державного значення;II;2;;50+000;55+000;50000;55000;5.0;експлуатаційні дані 2017;exact_piketage_from_source;data.gov.ua / Укравтодор;набір техніко-експлуатаційного стану доріг;Дані щодо техніко-експлуатаційного стану автомобільних доріг державного значення;2017;https://data.gov.ua/dataset/beca8aa5-96a9-46be-ade7-f1b400213af5;;Категорія міститься безпосередньо у вихідній таблиці показників дороги.;high;original_source_geometry;координати вихідного набору 2017;Зчеплення_Волинь_М_Н_Р_2017.xlsx | м-19_пр | rows 59-63;"Базовий загальноукраїнський шар; категорія може відрізнятися від пізніших реконструкцій.";False
BASE2017-00124;Волинська;М-19;Доманове (на Брест)-Ковель-Чернівці-Тереблече (на Бухарест);державного значення;I;1;;55+000;71+700;55000;71700;16.7;експлуатаційні дані 2017;exact_piketage_from_source;data.gov.ua / Укравтодор;набір техніко-експлуатаційного стану доріг;Дані щодо техніко-експлуатаційного стану автомобільних доріг державного значення;2017;https://data.gov.ua/dataset/beca8aa5-96a9-46be-ade7-f1b400213af5;;Категорія міститься безпосередньо у вихідній таблиці показників дороги.;high;original_source_geometry;координати вихідного набору 2017;Зчеплення_Волинь_М_Н_Р_2017.xlsx | м-19_пр | rows 64-80;"Базовий загальноукраїнський шар; категорія може відрізнятися від пізніших реконструкцій.";False
BASE2017-00125;Волинська;М-19;Доманове (на Брест)-Ковель-Чернівці-Тереблече (на Бухарест);державного значення;I;1;;81+640;100+000;81640;100000;18.36;експлуатаційні дані 2017;exact_piketage_from_source;data.gov.ua / Укравтодор;набір техніко-експлуатаційного стану доріг;Дані щодо техніко-експлуатаційного стану автомобільних доріг державного значення;2017;https://data.gov.ua/dataset/beca8aa5-96a9-46be-ade7-f1b400213af5;;Категорія міститься безпосередньо у вихідній таблиці показників дороги.;high;original_source_geometry;координати вихідного набору 2017;Зчеплення_Волинь_М_Н_Р_2017.xlsx | м-19_пр | rows 82-100;"Базовий загальноукраїнський шар; категорія може відрізнятися від пізніших реконструкцій.";False
BASE2017-00126;Волинська;М-19;Доманове (на Брест)-Ковель-Чернівці-Тереблече (на Бухарест);державного значення;II;2;;100+000;169+900;100000;169900;69.9;експлуатаційні дані 2017;exact_piketage_from_source;data.gov.ua / Укравтодор;набір техніко-експлуатаційного стану доріг;Дані щодо техніко-експлуатаційного стану автомобільних доріг державного значення;2017;https://data.gov.ua/dataset/beca8aa5-96a9-46be-ade7-f1b400213af5;;Категорія міститься безпосередньо у вихідній таблиці показників дороги.;high;original_source_geometry;координати вихідного набору 2017;Зчеплення_Волинь_М_Н_Р_2017.xlsx | м-19_пр | rows 101-170;"Базовий загальноукраїнський шар; категорія може відрізнятися від пізніших реконструкцій.";False
BASE2017-00127;Волинська;М-19П;Під'їзд до м. Луцьк;державного значення;I;1;;0+000;5+200;0;5200;5.2;експлуатаційні дані 2017;exact_piketage_from_source;data.gov.ua / Укравтодор;набір техніко-експлуатаційного стану доріг;Дані щодо техніко-експлуатаційного стану автомобільних доріг державного значення;2017;https://data.gov.ua/dataset/beca8aa5-96a9-46be-ade7-f1b400213af5;;Категорія міститься безпосередньо у вихідній таблиці показників дороги.;high;original_source_geometry;координати вихідного набору 2017;Зчеплення_Волинь_М_Н_Р_2017.xlsx | м-19_П_пр | rows 9-14;"Базовий загальноукраїнський шар; категорія може відрізнятися від пізніших реконструкцій.";False
BASE2017-00128;Волинська;Н-17;Львів-Радехів-Луцьк;державного значення;II;2;;69+600;130+277;69600;130277;60.677;експлуатаційні дані 2017;exact_piketage_from_source;data.gov.ua / Укравтодор;набір техніко-експлуатаційного стану доріг;Дані щодо техніко-експлуатаційного стану автомобільних доріг державного значення;2017;https://data.gov.ua/dataset/beca8aa5-96a9-46be-ade7-f1b400213af5;;Категорія міститься безпосередньо у вихідній таблиці показників дороги.;high;original_source_geometry;координати вихідного набору 2017;Зчеплення_Волинь_М_Н_Р_2017.xlsx | н-17_пр | rows 9-70;"Базовий загальноукраїнський шар; категорія може відрізнятися від пізніших реконструкцій.";False
BASE2017-00129;Волинська;Н-22;Устилуг-Луцьк-Рівне;державного значення;II;2;;0+000;85+420;0;85420;85.42;експлуатаційні дані 2017;exact_piketage_from_source;data.gov.ua / Укравтодор;набір техніко-експлуатаційного стану доріг;Дані щодо техніко-експлуатаційного стану автомобільних доріг державного значення;2017;https://data.gov.ua/dataset/beca8aa5-96a9-46be-ade7-f1b400213af5;;Категорія міститься безпосередньо у вихідній таблиці показників дороги.;high;original_source_geometry;координати вихідного набору 2017;Зчеплення_Волинь_М_Н_Р_2017.xlsx | н-22_пр | rows 9-94;"Базовий загальноукраїнський шар; категорія може відрізнятися від пізніших реконструкцій.";False
BASE2017-00130;Волинська;Н-22;Устилуг-Луцьк-Рівне;державного значення;II;2;;94+350;130+000;94350;130000;35.65;експлуатаційні дані 2017;exact_piketage_from_source;data.gov.ua / Укравтодор;набір техніко-експлуатаційного стану доріг;Дані щодо техніко-експлуатаційного стану автомобільних доріг державного значення;2017;https://data.gov.ua/dataset/beca8aa5-96a9-46be-ade7-f1b400213af5;;Категорія міститься безпосередньо у вихідній таблиці показників дороги.;high;original_source_geometry;координати вихідного набору 2017;Зчеплення_Волинь_М_Н_Р_2017.xlsx | н-22_пр | rows 96-131;"Базовий загальноукраїнський шар; категорія може відрізнятися від пізніших реконструкцій.";False
BASE2017-00131;Волинська;Р-14;Луцьк-Ківерці-Маневичі-Любешів-Дольськ;державного значення;IV;4;;4+468;10+000;4468;10000;5.532;експлуатаційні дані 2017;exact_piketage_from_source;data.gov.ua / Укравтодор;набір техніко-експлуатаційного стану доріг;Дані щодо техніко-експлуатаційного стану автомобільних доріг державного значення;2017;https://data.gov.ua/dataset/beca8aa5-96a9-46be-ade7-f1b400213af5;;Категорія міститься безпосередньо у вихідній таблиці показників дороги.;high;original_source_geometry;координати вихідного набору 2017;Зчеплення_Волинь_М_Н_Р_2017.xlsx | р-14_пр | rows 9-14;"Базовий загальноукраїнський шар; категорія може відрізнятися від пізніших реконструкцій.";False
BASE2017-00132;Волинська;Р-14;Луцьк-Ківерці-Маневичі-Любешів-Дольськ;державного значення;III;3;;10+000;11+000;10000;11000;1.0;експлуатаційні дані 2017;exact_piketage_from_source;data.gov.ua / Укравтодор;набір техніко-експлуатаційного стану доріг;Дані щодо техніко-експлуатаційного стану автомобільних доріг державного значення;2017;https://data.gov.ua/dataset/beca8aa5-96a9-46be-ade7-f1b400213af5;;Категорія міститься безпосередньо у вихідній таблиці показників дороги.;high;original_source_geometry;координати вихідного набору 2017;Зчеплення_Волинь_М_Н_Р_2017.xlsx | р-14_пр | rows 15-15;"Базовий загальноукраїнський шар; категорія може відрізнятися від пізніших реконструкцій.";False
BASE2017-00133;Волинська;Р-14;Луцьк-Ківерці-Маневичі-Любешів-Дольськ;державного значення;II;2;;11+000;13+000;11000;13000;2.0;експлуатаційні дані 2017;exact_piketage_from_source;data.gov.ua / Укравтодор;набір техніко-експлуатаційного стану доріг;Дані щодо техніко-експлуатаційного стану автомобільних доріг державного значення;2017;https://data.gov.ua/dataset/beca8aa5-96a9-46be-ade7-f1b400213af5;;Категорія міститься безпосередньо у вихідній таблиці показників дороги.;high;original_source_geometry;координати вихідного набору 2017;Зчеплення_Волинь_М_Н_Р_2017.xlsx | р-14_пр | rows 16-17;"Базовий загальноукраїнський шар; категорія може відрізнятися від пізніших реконструкцій.";False
BASE2017-00134;Волинська;Р-14;Луцьк-Ківерці-Маневичі-Любешів-Дольськ;державного значення;III;3;;13+000;14+000;13000;14000;1.0;експлуатаційні дані 2017;exact_piketage_from_source;data.gov.ua / Укравтодор;набір техніко-експлуатаційного стану доріг;Дані щодо техніко-експлуатаційного стану автомобільних доріг державного значення;2017;https://data.gov.ua/dataset/beca8aa5-96a9-46be-ade7-f1b400213af5;;Категорія міститься безпосередньо у вихідній таблиці показників дороги.;high;original_source_geometry;координати вихідного набору 2017;Зчеплення_Волинь_М_Н_Р_2017.xlsx | р-14_пр | rows 18-18;"Базовий загальноукраїнський шар; категорія може відрізнятися від пізніших реконструкцій.";False
BASE2017-00135;Волинська;Р-14;Луцьк-Ківерці-Маневичі-Любешів-Дольськ;державного значення;IV;4;;14+000;100+000;14000;100000;86.0;експлуатаційні дані 2017;exact_piketage_from_source;data.gov.ua / Укравтодор;набір техніко-експлуатаційного стану доріг;Дані щодо техніко-експлуатаційного стану автомобільних доріг державного значення;2017;https://data.gov.ua/dataset/beca8aa5-96a9-46be-ade7-f1b400213af5;;Категорія міститься безпосередньо у вихідній таблиці показників дороги.;high;original_source_geometry;координати вихідного набору 2017;Зчеплення_Волинь_М_Н_Р_2017.xlsx | р-14_пр | rows 19-104;"Базовий загальноукраїнський шар; категорія може відрізнятися від пізніших реконструкцій.";False
BASE2017-00136;Волинська;Р-14;Луцьк-Ківерці-Маневичі-Любешів-Дольськ;державного значення;III;3;;100+000;108+000;100000;108000;8.0;експлуатаційні дані 2017;exact_piketage_from_source;data.gov.ua / Укравтодор;набір техніко-експлуатаційного стану доріг;Дані щодо техніко-експлуатаційного стану автомобільних доріг державного значення;2017;https://data.gov.ua/dataset/beca8aa5-96a9-46be-ade7-f1b400213af5;;Категорія міститься безпосередньо у вихідній таблиці показників дороги.;high;original_source_geometry;координати вихідного набору 2017;Зчеплення_Волинь_М_Н_Р_2017.xlsx | р-14_пр | rows 105-112;"Базовий загальноукраїнський шар; категорія може відрізнятися від пізніших реконструкцій.";False
BASE2017-00137;Волинська;Р-14;Луцьк-Ківерці-Маневичі-Любешів-Дольськ;державного значення;II;2;;108+000;128+000;108000;128000;20.0;експлуатаційні дані 2017;exact_piketage_from_source;data.gov.ua / Укравтодор;набір техніко-експлуатаційного стану доріг;Дані щодо техніко-експлуатаційного стану автомобільних доріг державного значення;2017;https://data.gov.ua/dataset/beca8aa5-96a9-46be-ade7-f1b400213af5;;Категорія міститься безпосередньо у вихідній таблиці показників дороги.;high;original_source_geometry;координати вихідного набору 2017;Зчеплення_Волинь_М_Н_Р_2017.xlsx | р-14_пр | rows 113-132;"Базовий загальноукраїнський шар; категорія може відрізнятися від пізніших реконструкцій.";False
BASE2017-00138;Волинська;Р-14;Луцьк-Ківерці-Маневичі-Любешів-Дольськ;державного значення;III;3;;128+000;135+000;128000;135000;7.0;експлуатаційні дані 2017;exact_piketage_from_source;data.gov.ua / Укравтодор;набір техніко-експлуатаційного стану доріг;Дані щодо техніко-експлуатаційного стану автомобільних доріг державного значення;2017;https://data.gov.ua/dataset/beca8aa5-96a9-46be-ade7-f1b400213af5;;Категорія міститься безпосередньо у вихідній таблиці показників дороги.;high;original_source_geometry;координати вихідного набору 2017;Зчеплення_Волинь_М_Н_Р_2017.xlsx | р-14_пр | rows 133-139;"Базовий загальноукраїнський шар; категорія може відрізнятися від пізніших реконструкцій.";False
BASE2017-00139;Волинська;Р-14;Луцьк-Ківерці-Маневичі-Любешів-Дольськ;державного значення;II;2;;135+000;140+000;135000;140000;5.0;експлуатаційні дані 2017;exact_piketage_from_source;data.gov.ua / Укравтодор;набір техніко-експлуатаційного стану доріг;Дані щодо техніко-експлуатаційного стану автомобільних доріг державного значення;2017;https://data.gov.ua/dataset/beca8aa5-96a9-46be-ade7-f1b400213af5;;Категорія міститься безпосередньо у вихідній таблиці показників дороги.;high;original_source_geometry;координати вихідного набору 2017;Зчеплення_Волинь_М_Н_Р_2017.xlsx | р-14_пр | rows 140-144;"Базовий загальноукраїнський шар; категорія може відрізнятися від пізніших реконструкцій.";False
BASE2017-00140;Волинська;Р-14;Луцьк-Ківерці-Маневичі-Любешів-Дольськ;державного значення;IV;4;;140+000;158+833;140000;158833;18.833;експлуатаційні дані 2017;exact_piketage_from_source;data.gov.ua / Укравтодор;набір техніко-експлуатаційного стану доріг;Дані щодо техніко-експлуатаційного стану автомобільних доріг державного значення;2017;https://data.gov.ua/dataset/beca8aa5-96a9-46be-ade7-f1b400213af5;;Категорія міститься безпосередньо у вихідній таблиці показників дороги.;high;original_source_geometry;координати вихідного набору 2017;Зчеплення_Волинь_М_Н_Р_2017.xlsx | р-14_пр | rows 145-163;"Базовий загальноукраїнський шар; категорія може відрізнятися від пізніших реконструкцій.";False
BASE2017-00141;Волинська;Р-15;Ковель - Володимир-Волинський - Червоноград-Жовква;державного значення;III;3;;3+000;4+000;3000;4000;1.0;експлуатаційні дані 2017;exact_piketage_from_source;data.gov.ua / Укравтодор;набір техніко-експлуатаційного стану доріг;Дані щодо техніко-експлуатаційного стану автомобільних доріг державного значення;2017;https://data.gov.ua/dataset/beca8aa5-96a9-46be-ade7-f1b400213af5;;Категорія міститься безпосередньо у вихідній таблиці показників дороги.;high;original_source_geometry;координати вихідного набору 2017;Зчеплення_Волинь_М_Н_Р_2017.xlsx | р-15_пр | rows 9-9;"Базовий загальноукраїнський шар; категорія може відрізнятися від пізніших реконструкцій.";False
BASE2017-00142;Волинська;Р-15;Ковель - Володимир-Волинський - Червоноград-Жовква;державного значення;II;2;;4+000;7+000;4000;7000;3.0;експлуатаційні дані 2017;exact_piketage_from_source;data.gov.ua / Укравтодор;набір техніко-експлуатаційного стану доріг;Дані щодо техніко-експлуатаційного стану автомобільних доріг державного значення;2017;https://data.gov.ua/dataset/beca8aa5-96a9-46be-ade7-f1b400213af5;;Категорія міститься безпосередньо у вихідній таблиці показників дороги.;high;original_source_geometry;координати вихідного набору 2017;Зчеплення_Волинь_М_Н_Р_2017.xlsx | р-15_пр | rows 10-12;"Базовий загальноукраїнський шар; категорія може відрізнятися від пізніших реконструкцій.";False
BASE2017-00143;Волинська;Р-15;Ковель - Володимир-Волинський - Червоноград-Жовква;державного значення;III;3;;7+000;8+000;7000;8000;1.0;експлуатаційні дані 2017;exact_piketage_from_source;data.gov.ua / Укравтодор;набір техніко-експлуатаційного стану доріг;Дані щодо техніко-експлуатаційного стану автомобільних доріг державного значення;2017;https://data.gov.ua/dataset/beca8aa5-96a9-46be-ade7-f1b400213af5;;Категорія міститься безпосередньо у вихідній таблиці показників дороги.;high;original_source_geometry;координати вихідного набору 2017;Зчеплення_Волинь_М_Н_Р_2017.xlsx | р-15_пр | rows 13-13;"Базовий загальноукраїнський шар; категорія може відрізнятися від пізніших реконструкцій.";False
BASE2017-00144;Волинська;Р-15;Ковель - Володимир-Волинський - Червоноград-Жовква;державного значення;II;2;;8+000;10+000;8000;10000;2.0;експлуатаційні дані 2017;exact_piketage_from_source;data.gov.ua / Укравтодор;набір техніко-експлуатаційного стану доріг;Дані щодо техніко-експлуатаційного стану автомобільних доріг державного значення;2017;https://data.gov.ua/dataset/beca8aa5-96a9-46be-ade7-f1b400213af5;;Категорія міститься безпосередньо у вихідній таблиці показників дороги.;high;original_source_geometry;координати вихідного набору 2017;Зчеплення_Волинь_М_Н_Р_2017.xlsx | р-15_пр | rows 14-15;"Базовий загальноукраїнський шар; категорія може відрізнятися від пізніших реконструкцій.";False
BASE2017-00145;Волинська;Р-15;Ковель - Володимир-Волинський - Червоноград-Жовква;державного значення;I;1;;10+000;17+000;10000;17000;7.0;експлуатаційні дані 2017;exact_piketage_from_source;data.gov.ua / Укравтодор;набір техніко-експлуатаційного стану доріг;Дані щодо техніко-експлуатаційного стану автомобільних доріг державного значення;2017;https://data.gov.ua/dataset/beca8aa5-96a9-46be-ade7-f1b400213af5;;Категорія міститься безпосередньо у вихідній таблиці показників дороги.;high;original_source_geometry;координати вихідного набору 2017;Зчеплення_Волинь_М_Н_Р_2017.xlsx | р-15_пр | rows 16-22;"Базовий загальноукраїнський шар; категорія може відрізнятися від пізніших реконструкцій.";False
BASE2017-00146;Волинська;Р-15;Ковель - Володимир-Волинський - Червоноград-Жовква;державного значення;III;3;;17+000;25+000;17000;25000;8.0;експлуатаційні дані 2017;exact_piketage_from_source;data.gov.ua / Укравтодор;набір техніко-експлуатаційного стану доріг;Дані щодо техніко-експлуатаційного стану автомобільних доріг державного значення;2017;https://data.gov.ua/dataset/beca8aa5-96a9-46be-ade7-f1b400213af5;;Категорія міститься безпосередньо у вихідній таблиці показників дороги.;high;original_source_geometry;координати вихідного набору 2017;Зчеплення_Волинь_М_Н_Р_2017.xlsx | р-15_пр | rows 23-30;"Базовий загальноукраїнський шар; категорія може відрізнятися від пізніших реконструкцій.";False
BASE2017-00147;Волинська;Р-15;Ковель - Володимир-Волинський - Червоноград-Жовква;державного значення;II;2;;25+000;28+000;25000;28000;3.0;експлуатаційні дані 2017;exact_piketage_from_source;data.gov.ua / Укравтодор;набір техніко-експлуатаційного стану доріг;Дані щодо техніко-експлуатаційного стану автомобільних доріг державного значення;2017;https://data.gov.ua/dataset/beca8aa5-96a9-46be-ade7-f1b400213af5;;Категорія міститься безпосередньо у вихідній таблиці показників дороги.;high;original_source_geometry;координати вихідного набору 2017;Зчеплення_Волинь_М_Н_Р_2017.xlsx | р-15_пр | rows 31-33;"Базовий загальноукраїнський шар; категорія може відрізнятися від пізніших реконструкцій.";False
BASE2017-00148;Волинська;Р-15;Ковель - Володимир-Волинський - Червоноград-Жовква;державного значення;III;3;;28+000;36+000;28000;36000;8.0;експлуатаційні дані 2017;exact_piketage_from_source;data.gov.ua / Укравтодор;набір техніко-експлуатаційного стану доріг;Дані щодо техніко-експлуатаційного стану автомобільних доріг державного значення;2017;https://data.gov.ua/dataset/beca8aa5-96a9-46be-ade7-f1b400213af5;;Категорія міститься безпосередньо у вихідній таблиці показників дороги.;high;original_source_geometry;координати вихідного набору 2017;Зчеплення_Волинь_М_Н_Р_2017.xlsx | р-15_пр | rows 34-41;"Базовий загальноукраїнський шар; категорія може відрізнятися від пізніших реконструкцій.";False
BASE2017-00149;Волинська;Р-15;Ковель - Володимир-Волинський - Червоноград-Жовква;державного значення;II;2;;36+000;53+751;36000;53751;17.751;експлуатаційні дані 2017;exact_piketage_from_source;data.gov.ua / Укравтодор;набір техніко-експлуатаційного стану доріг;Дані щодо техніко-експлуатаційного стану автомобільних доріг державного значення;2017;https://data.gov.ua/dataset/beca8aa5-96a9-46be-ade7-f1b400213af5;;Категорія міститься безпосередньо у вихідній таблиці показників дороги.;high;original_source_geometry;координати вихідного набору 2017;Зчеплення_Волинь_М_Н_Р_2017.xlsx | р-15_пр | rows 42-59;"Базовий загальноукраїнський шар; категорія може відрізнятися від пізніших реконструкцій.";False
BASE2017-00150;Волинська;Р-15;Ковель - Володимир-Волинський - Червоноград-Жовква;державного значення;II;2;;58+030;66+000;58030;66000;7.97;експлуатаційні дані 2017;exact_piketage_from_source;data.gov.ua / Укравтодор;набір техніко-експлуатаційного стану доріг;Дані щодо техніко-експлуатаційного стану автомобільних доріг державного значення;2017;https://data.gov.ua/dataset/beca8aa5-96a9-46be-ade7-f1b400213af5;;Категорія міститься безпосередньо у вихідній таблиці показників дороги.;high;original_source_geometry;координати вихідного набору 2017;Зчеплення_Волинь_М_Н_Р_2017.xlsx | р-15_пр | rows 61-68;"Базовий загальноукраїнський шар; категорія може відрізнятися від пізніших реконструкцій.";False
BASE2017-00151;Волинська;Р-15;Ковель - Володимир-Волинський - Червоноград-Жовква;державного значення;III;3;;66+000;68+000;66000;68000;2.0;експлуатаційні дані 2017;exact_piketage_from_source;data.gov.ua / Укравтодор;набір техніко-експлуатаційного стану доріг;Дані щодо техніко-експлуатаційного стану автомобільних доріг державного значення;2017;https://data.gov.ua/dataset/beca8aa5-96a9-46be-ade7-f1b400213af5;;Категорія міститься безпосередньо у вихідній таблиці показників дороги.;high;original_source_geometry;координати вихідного набору 2017;Зчеплення_Волинь_М_Н_Р_2017.xlsx | р-15_пр | rows 69-70;"Базовий загальноукраїнський шар; категорія може відрізнятися від пізніших реконструкцій.";False
BASE2017-00152;Волинська;Р-15;Ковель - Володимир-Волинський - Червоноград-Жовква;державного значення;II;2;;68+000;69+000;68000;69000;1.0;експлуатаційні дані 2017;exact_piketage_from_source;data.gov.ua / Укравтодор;набір техніко-експлуатаційного стану доріг;Дані щодо техніко-експлуатаційного стану автомобільних доріг державного значення;2017;https://data.gov.ua/dataset/beca8aa5-96a9-46be-ade7-f1b400213af5;;Категорія міститься безпосередньо у вихідній таблиці показників дороги.;high;original_source_geometry;координати вихідного набору 2017;Зчеплення_Волинь_М_Н_Р_2017.xlsx | р-15_пр | rows 71-71;"Базовий загальноукраїнський шар; категорія може відрізнятися від пізніших реконструкцій.";False
BASE2017-00153;Волинська;Р-15;Ковель - Володимир-Волинський - Червоноград-Жовква;державного значення;III;3;;69+000;78+000;69000;78000;9.0;експлуатаційні дані 2017;exact_piketage_from_source;data.gov.ua / Укравтодор;набір техніко-експлуатаційного стану доріг;Дані щодо техніко-експлуатаційного стану автомобільних доріг державного значення;2017;https://data.gov.ua/dataset/beca8aa5-96a9-46be-ade7-f1b400213af5;;Категорія міститься безпосередньо у вихідній таблиці показників дороги.;high;original_source_geometry;координати вихідного набору 2017;Зчеплення_Волинь_М_Н_Р_2017.xlsx | р-15_пр | rows 72-80;"Базовий загальноукраїнський шар; категорія може відрізнятися від пізніших реконструкцій.";False
BASE2017-00154;Волинська;Р-15;Ковель - Володимир-Волинський - Червоноград-Жовква;державного значення;II;2;;78+000;89+514;78000;89514;11.514;експлуатаційні дані 2017;exact_piketage_from_source;data.gov.ua / Укравтодор;набір техніко-експлуатаційного стану доріг;Дані щодо техніко-експлуатаційного стану автомобільних доріг державного значення;2017;https://data.gov.ua/dataset/beca8aa5-96a9-46be-ade7-f1b400213af5;;Категорія міститься безпосередньо у вихідній таблиці показників дороги.;high;original_source_geometry;координати вихідного набору 2017;Зчеплення_Волинь_М_Н_Р_2017.xlsx | р-15_пр | rows 81-92;"Базовий загальноукраїнський шар; категорія може відрізнятися від пізніших реконструкцій.";False
BASE2017-00155;Волинська;Р-15П;Під'їзд м. Володимир-Волинський;державного значення;II;2;;0+000;1+250;0;1250;1.25;експлуатаційні дані 2017;exact_piketage_from_source;data.gov.ua / Укравтодор;набір техніко-експлуатаційного стану доріг;Дані щодо техніко-експлуатаційного стану автомобільних доріг державного значення;2017;https://data.gov.ua/dataset/beca8aa5-96a9-46be-ade7-f1b400213af5;;Категорія міститься безпосередньо у вихідній таблиці показників дороги.;high;original_source_geometry;координати вихідного набору 2017;Зчеплення_Волинь_М_Н_Р_2017.xlsx | Р-15 П_пр | rows 9-10;"Базовий загальноукраїнський шар; категорія може відрізнятися від пізніших реконструкцій.";False
BASE2017-00156;Волинська;Р-15;Об'їзд м. Володимир-Волинський;державного значення;I;1;;0+000;1+250;0;1250;1.25;експлуатаційні дані 2017;exact_piketage_from_source;data.gov.ua / Укравтодор;набір техніко-експлуатаційного стану доріг;Дані щодо техніко-експлуатаційного стану автомобільних доріг державного значення;2017;https://data.gov.ua/dataset/beca8aa5-96a9-46be-ade7-f1b400213af5;;Категорія міститься безпосередньо у вихідній таблиці показників дороги.;high;original_source_geometry;координати вихідного набору 2017;Зчеплення_Волинь_М_Н_Р_2017.xlsx | Р-15_О_пр | rows 9-10;"Базовий загальноукраїнський шар; категорія може відрізнятися від пізніших реконструкцій.";False
BASE2017-00157;Волинська;Р-15;Об'їзд м. Володимир-Волинський;державного значення;I;1;;1+250;2+000;1250;2000;0.75;експлуатаційні дані 2017;exact_piketage_from_source;data.gov.ua / Укравтодор;набір техніко-експлуатаційного стану доріг;Дані щодо техніко-експлуатаційного стану автомобільних доріг державного значення;2017;https://data.gov.ua/dataset/beca8aa5-96a9-46be-ade7-f1b400213af5;;Категорія міститься безпосередньо у вихідній таблиці показників дороги.;high;original_source_geometry;координати вихідного набору 2017;Зчеплення_Волинь_М_Н_Р_2017.xlsx | Р-15_О_пр | rows 9-10;"Базовий загальноукраїнський шар; категорія може відрізнятися від пізніших реконструкцій.";False
BASE2017-00158;Волинська;Р-15;Об'їзд м. Володимир-Волинський;державного значення;III;3;;2+000;3+000;2000;3000;1.0;експлуатаційні дані 2017;exact_piketage_from_source;data.gov.ua / Укравтодор;набір техніко-експлуатаційного стану доріг;Дані щодо техніко-експлуатаційного стану автомобільних доріг державного значення;2017;https://data.gov.ua/dataset/beca8aa5-96a9-46be-ade7-f1b400213af5;;Категорія міститься безпосередньо у вихідній таблиці показників дороги.;high;original_source_geometry;координати вихідного набору 2017;Зчеплення_Волинь_М_Н_Р_2017.xlsx | Р-15_О_пр | rows 11-12;"Базовий загальноукраїнський шар; категорія може відрізнятися від пізніших реконструкцій.";False
BASE2017-00159;Волинська;Р-15;Об'їзд м. Володимир-Волинський;державного значення;III;3;;3+000;3+850;3000;3850;0.85;експлуатаційні дані 2017;exact_piketage_from_source;data.gov.ua / Укравтодор;набір техніко-експлуатаційного стану доріг;Дані щодо техніко-експлуатаційного стану автомобільних доріг державного значення;2017;https://data.gov.ua/dataset/beca8aa5-96a9-46be-ade7-f1b400213af5;;Категорія міститься безпосередньо у вихідній таблиці показників дороги.;high;original_source_geometry;координати вихідного набору 2017;Зчеплення_Волинь_М_Н_Р_2017.xlsx | Р-15_О_пр | rows 11-12;"Базовий загальноукраїнський шар; категорія може відрізнятися від пізніших реконструкцій.";False
BASE2017-00160;Дніпропетровська;М-04;Знам'янка - Луганськ - Ізварине (на м. Волгоград через м. Дніпропетровськ, м. Донецьк);державного значення;II;2;;72+088;189+000;72088;189000;116.912;експлуатаційні дані 2017;exact_piketage_from_source;data.gov.ua / Укравтодор;набір техніко-експлуатаційного стану доріг;Дані щодо техніко-експлуатаційного стану автомобільних доріг державного значення;2017;https://data.gov.ua/dataset/beca8aa5-96a9-46be-ade7-f1b400213af5;;Категорія міститься безпосередньо у вихідній таблиці показників дороги.;high;original_source_geometry;координати вихідного набору 2017;Зчеплення_Дн_пропетровськ_М_Н_2017.xlsx | М-04_пр | rows 9-125;"Базовий загальноукраїнський шар; категорія може відрізнятися від пізніших реконструкцій.";False
BASE2017-00161;Дніпропетровська;М-04;Знам'янка - Луганськ - Ізварине (на м. Волгоград через м. Дніпропетровськ, м. Донецьк);державного значення;I;1;;189+000;195+660;189000;195660;6.66;експлуатаційні дані 2017;exact_piketage_from_source;data.gov.ua / Укравтодор;набір техніко-експлуатаційного стану доріг;Дані щодо техніко-експлуатаційного стану автомобільних доріг державного значення;2017;https://data.gov.ua/dataset/beca8aa5-96a9-46be-ade7-f1b400213af5;;Категорія міститься безпосередньо у вихідній таблиці показників дороги.;high;original_source_geometry;координати вихідного набору 2017;Зчеплення_Дн_пропетровськ_М_Н_2017.xlsx | М-04_пр | rows 126-132;"Базовий загальноукраїнський шар; категорія може відрізнятися від пізніших реконструкцій.";False
BASE2017-00162;Дніпропетровська;М-04;Знам'янка - Луганськ - Ізварине (на м. Волгоград через м. Дніпропетровськ, м. Донецьк);державного значення;I;1;;217+844;271+000;217844;271000;53.156;експлуатаційні дані 2017;exact_piketage_from_source;data.gov.ua / Укравтодор;набір техніко-експлуатаційного стану доріг;Дані щодо техніко-експлуатаційного стану автомобільних доріг державного значення;2017;https://data.gov.ua/dataset/beca8aa5-96a9-46be-ade7-f1b400213af5;;Категорія міститься безпосередньо у вихідній таблиці показників дороги.;high;original_source_geometry;координати вихідного набору 2017;Зчеплення_Дн_пропетровськ_М_Н_2017.xlsx | М-04_пр | rows 134-187;"Базовий загальноукраїнський шар; категорія може відрізнятися від пізніших реконструкцій.";False
BASE2017-00163;Дніпропетровська;М-04;Знам'янка - Луганськ - Ізварине (на м. Волгоград через м. Дніпропетровськ, м. Донецьк);державного значення;II;2;;271+000;272+000;271000;272000;1.0;експлуатаційні дані 2017;exact_piketage_from_source;data.gov.ua / Укравтодор;набір техніко-експлуатаційного стану доріг;Дані щодо техніко-експлуатаційного стану автомобільних доріг державного значення;2017;https://data.gov.ua/dataset/beca8aa5-96a9-46be-ade7-f1b400213af5;;Категорія міститься безпосередньо у вихідній таблиці показників дороги.;high;original_source_geometry;координати вихідного набору 2017;Зчеплення_Дн_пропетровськ_М_Н_2017.xlsx | М-04_пр | rows 188-188;"Базовий загальноукраїнський шар; категорія може відрізнятися від пізніших реконструкцій.";False
BASE2017-00164;Дніпропетровська;М-04;Знам'янка - Луганськ - Ізварине (на м. Волгоград через м. Дніпропетровськ, м. Донецьк);державного значення;I;1;;272+000;281+142;272000;281142;9.142;експлуатаційні дані 2017;exact_piketage_from_source;data.gov.ua / Укравтодор;набір техніко-експлуатаційного стану доріг;Дані щодо техніко-експлуатаційного стану автомобільних доріг державного значення;2017;https://data.gov.ua/dataset/beca8aa5-96a9-46be-ade7-f1b400213af5;;Категорія міститься безпосередньо у вихідній таблиці показників дороги.;high;original_source_geometry;координати вихідного набору 2017;Зчеплення_Дн_пропетровськ_М_Н_2017.xlsx | М-04_пр | rows 189-198;"Базовий загальноукраїнський шар; категорія може відрізнятися від пізніших реконструкцій.";False
BASE2017-00165;Дніпропетровська;М-04;Знам'янка - Луганськ - Ізварине (на м. Волгоград через м. Дніпропетровськ, м. Донецьк);державного значення;II;2;;293+617;365+204;293617;365204;71.587;експлуатаційні дані 2017;exact_piketage_from_source;data.gov.ua / Укравтодор;набір техніко-експлуатаційного стану доріг;Дані щодо техніко-експлуатаційного стану автомобільних доріг державного значення;2017;https://data.gov.ua/dataset/beca8aa5-96a9-46be-ade7-f1b400213af5;;Категорія міститься безпосередньо у вихідній таблиці показників дороги.;high;original_source_geometry;координати вихідного набору 2017;Зчеплення_Дн_пропетровськ_М_Н_2017.xlsx | М-04_пр | rows 200-272;"Базовий загальноукраїнський шар; категорія може відрізнятися від пізніших реконструкцій.";False
BASE2017-00166;Дніпропетровська;М-04;Південний обхід м. Дніпропетровськ;державного значення;II;2;;0+000;17+342;0;17342;17.342;експлуатаційні дані 2017;exact_piketage_from_source;data.gov.ua / Укравтодор;набір техніко-експлуатаційного стану доріг;Дані щодо техніко-експлуатаційного стану автомобільних доріг державного значення;2017;https://data.gov.ua/dataset/beca8aa5-96a9-46be-ade7-f1b400213af5;;Категорія міститься безпосередньо у вихідній таблиці показників дороги.;high;original_source_geometry;координати вихідного набору 2017;Зчеплення_Дн_пропетровськ_М_Н_2017.xlsx | М-04_О_пр | rows 9-26;"Базовий загальноукраїнський шар; категорія може відрізнятися від пізніших реконструкцій.";False
BASE2017-00167;Дніпропетровська;М-18;Харків - Сімферополь - Алушта - Ялта;державного значення;II;2;;147+600;190+300;147600;190300;42.7;експлуатаційні дані 2017;exact_piketage_from_source;data.gov.ua / Укравтодор;набір техніко-експлуатаційного стану доріг;Дані щодо техніко-експлуатаційного стану автомобільних доріг державного значення;2017;https://data.gov.ua/dataset/beca8aa5-96a9-46be-ade7-f1b400213af5;;Категорія міститься безпосередньо у вихідній таблиці показників дороги.;high;original_source_geometry;координати вихідного набору 2017;Зчеплення_Дн_пропетровськ_М_Н_2017.xlsx | М-18_пр | rows 9-52;"Базовий загальноукраїнський шар; категорія може відрізнятися від пізніших реконструкцій.";False
BASE2017-00168;Дніпропетровська;М-18;Харків - Сімферополь - Алушта - Ялта;державного значення;II;2;;195+500;255+100;195500;255100;59.6;експлуатаційні дані 2017;exact_piketage_from_source;data.gov.ua / Укравтодор;набір техніко-експлуатаційного стану доріг;Дані щодо техніко-експлуатаційного стану автомобільних доріг державного значення;2017;https://data.gov.ua/dataset/beca8aa5-96a9-46be-ade7-f1b400213af5;;Категорія міститься безпосередньо у вихідній таблиці показників дороги.;high;original_source_geometry;координати вихідного набору 2017;Зчеплення_Дн_пропетровськ_М_Н_2017.xlsx | М-18_пр | rows 54-114;"Базовий загальноукраїнський шар; категорія може відрізнятися від пізніших реконструкцій.";False
BASE2017-00169;Дніпропетровська;М-18;Обхід м. Новомосковськ;державного значення;I;1;;0+000;2+000;0;2000;2.0;експлуатаційні дані 2017;exact_piketage_from_source;data.gov.ua / Укравтодор;набір техніко-експлуатаційного стану доріг;Дані щодо техніко-експлуатаційного стану автомобільних доріг державного значення;2017;https://data.gov.ua/dataset/beca8aa5-96a9-46be-ade7-f1b400213af5;;Категорія міститься безпосередньо у вихідній таблиці показників дороги.;high;original_source_geometry;координати вихідного набору 2017;Зчеплення_Дн_пропетровськ_М_Н_2017.xlsx | М-18 О_пр | rows 9-10;"Базовий загальноукраїнський шар; категорія може відрізнятися від пізніших реконструкцій.";False
BASE2017-00170;Дніпропетровська;М-18;Обхід м. Новомосковськ;державного значення;II;2;;2+000;10+000;2000;10000;8.0;експлуатаційні дані 2017;exact_piketage_from_source;data.gov.ua / Укравтодор;набір техніко-експлуатаційного стану доріг;Дані щодо техніко-експлуатаційного стану автомобільних доріг державного значення;2017;https://data.gov.ua/dataset/beca8aa5-96a9-46be-ade7-f1b400213af5;;Категорія міститься безпосередньо у вихідній таблиці показників дороги.;high;original_source_geometry;координати вихідного набору 2017;Зчеплення_Дн_пропетровськ_М_Н_2017.xlsx | М-18 О_пр | rows 11-18;"Базовий загальноукраїнський шар; категорія може відрізнятися від пізніших реконструкцій.";False
BASE2017-00171;Дніпропетровська;М-18;Обхід м. Новомосковськ;державного значення;I;1;;10+000;11+000;10000;11000;1.0;експлуатаційні дані 2017;exact_piketage_from_source;data.gov.ua / Укравтодор;набір техніко-експлуатаційного стану доріг;Дані щодо техніко-експлуатаційного стану автомобільних доріг державного значення;2017;https://data.gov.ua/dataset/beca8aa5-96a9-46be-ade7-f1b400213af5;;Категорія міститься безпосередньо у вихідній таблиці показників дороги.;high;original_source_geometry;координати вихідного набору 2017;Зчеплення_Дн_пропетровськ_М_Н_2017.xlsx | М-18 О_пр | rows 19-19;"Базовий загальноукраїнський шар; категорія може відрізнятися від пізніших реконструкцій.";False
BASE2017-00172;Дніпропетровська;М-18;Обхід м. Новомосковськ;державного значення;II;2;;11+000;23+700;11000;23700;12.7;експлуатаційні дані 2017;exact_piketage_from_source;data.gov.ua / Укравтодор;набір техніко-експлуатаційного стану доріг;Дані щодо техніко-експлуатаційного стану автомобільних доріг державного значення;2017;https://data.gov.ua/dataset/beca8aa5-96a9-46be-ade7-f1b400213af5;;Категорія міститься безпосередньо у вихідній таблиці показників дороги.;high;original_source_geometry;координати вихідного набору 2017;Зчеплення_Дн_пропетровськ_М_Н_2017.xlsx | М-18 О_пр | rows 20-32;"Базовий загальноукраїнський шар; категорія може відрізнятися від пізніших реконструкцій.";False
BASE2017-00173;Дніпропетровська;М-29;Харків - Красноград - Перещепине - /М-18/;державного значення;III;3;;128+200;157+900;128200;157900;29.7;експлуатаційні дані 2017;exact_piketage_from_source;data.gov.ua / Укравтодор;набір техніко-експлуатаційного стану доріг;Дані щодо техніко-експлуатаційного стану автомобільних доріг державного значення;2017;https://data.gov.ua/dataset/beca8aa5-96a9-46be-ade7-f1b400213af5;;Категорія міститься безпосередньо у вихідній таблиці показників дороги.;high;original_source_geometry;координати вихідного набору 2017;Зчеплення_Дн_пропетровськ_М_Н_2017.xlsx | М-29_пр | rows 9-38;"Базовий загальноукраїнський шар; категорія може відрізнятися від пізніших реконструкцій.";False
BASE2017-00174;Дніпропетровська;Н-08;Бориспіль - Дніпропетровськ - Запоріжжя (через м. Кременчук);державного значення;II;2;;296+735;302+000;296735;302000;5.265;експлуатаційні дані 2017;exact_piketage_from_source;data.gov.ua / Укравтодор;набір техніко-експлуатаційного стану доріг;Дані щодо техніко-експлуатаційного стану автомобільних доріг державного значення;2017;https://data.gov.ua/dataset/beca8aa5-96a9-46be-ade7-f1b400213af5;;Категорія міститься безпосередньо у вихідній таблиці показників дороги.;high;original_source_geometry;координати вихідного набору 2017;Зчеплення_Дн_пропетровськ_М_Н_2017.xlsx | Н-08_пр | rows 9-14;"Базовий загальноукраїнський шар; категорія може відрізнятися від пізніших реконструкцій.";False
BASE2017-00175;Дніпропетровська;Н-08;Бориспіль - Дніпропетровськ - Запоріжжя (через м. Кременчук);державного значення;IV;4;;302+000;308+000;302000;308000;6.0;експлуатаційні дані 2017;exact_piketage_from_source;data.gov.ua / Укравтодор;набір техніко-експлуатаційного стану доріг;Дані щодо техніко-експлуатаційного стану автомобільних доріг державного значення;2017;https://data.gov.ua/dataset/beca8aa5-96a9-46be-ade7-f1b400213af5;;Категорія міститься безпосередньо у вихідній таблиці показників дороги.;high;original_source_geometry;координати вихідного набору 2017;Зчеплення_Дн_пропетровськ_М_Н_2017.xlsx | Н-08_пр | rows 15-20;"Базовий загальноукраїнський шар; категорія може відрізнятися від пізніших реконструкцій.";False
BASE2017-00176;Дніпропетровська;Н-08;Бориспіль - Дніпропетровськ - Запоріжжя (через м. Кременчук);державного значення;II;2;;308+000;312+000;308000;312000;4.0;експлуатаційні дані 2017;exact_piketage_from_source;data.gov.ua / Укравтодор;набір техніко-експлуатаційного стану доріг;Дані щодо техніко-експлуатаційного стану автомобільних доріг державного значення;2017;https://data.gov.ua/dataset/beca8aa5-96a9-46be-ade7-f1b400213af5;;Категорія міститься безпосередньо у вихідній таблиці показників дороги.;high;original_source_geometry;координати вихідного набору 2017;Зчеплення_Дн_пропетровськ_М_Н_2017.xlsx | Н-08_пр | rows 21-24;"Базовий загальноукраїнський шар; категорія може відрізнятися від пізніших реконструкцій.";False
BASE2017-00177;Дніпропетровська;Н-08;Бориспіль - Дніпропетровськ - Запоріжжя (через м. Кременчук);державного значення;III;3;;312+000;313+000;312000;313000;1.0;експлуатаційні дані 2017;exact_piketage_from_source;data.gov.ua / Укравтодор;набір техніко-експлуатаційного стану доріг;Дані щодо техніко-експлуатаційного стану автомобільних доріг державного значення;2017;https://data.gov.ua/dataset/beca8aa5-96a9-46be-ade7-f1b400213af5;;Категорія міститься безпосередньо у вихідній таблиці показників дороги.;high;original_source_geometry;координати вихідного набору 2017;Зчеплення_Дн_пропетровськ_М_Н_2017.xlsx | Н-08_пр | rows 25-25;"Базовий загальноукраїнський шар; категорія може відрізнятися від пізніших реконструкцій.";False
BASE2017-00178;Дніпропетровська;Н-08;Бориспіль - Дніпропетровськ - Запоріжжя (через м. Кременчук);державного значення;II;2;;313+000;325+000;313000;325000;12.0;експлуатаційні дані 2017;exact_piketage_from_source;data.gov.ua / Укравтодор;набір техніко-експлуатаційного стану доріг;Дані щодо техніко-експлуатаційного стану автомобільних доріг державного значення;2017;https://data.gov.ua/dataset/beca8aa5-96a9-46be-ade7-f1b400213af5;;Категорія міститься безпосередньо у вихідній таблиці показників дороги.;high;original_source_geometry;координати вихідного набору 2017;Зчеплення_Дн_пропетровськ_М_Н_2017.xlsx | Н-08_пр | rows 26-37;"Базовий загальноукраїнський шар; категорія може відрізнятися від пізніших реконструкцій.";False
BASE2017-00179;Дніпропетровська;Н-08;Бориспіль - Дніпропетровськ - Запоріжжя (через м. Кременчук);державного значення;III;3;;325+000;326+000;325000;326000;1.0;експлуатаційні дані 2017;exact_piketage_from_source;data.gov.ua / Укравтодор;набір техніко-експлуатаційного стану доріг;Дані щодо техніко-експлуатаційного стану автомобільних доріг державного значення;2017;https://data.gov.ua/dataset/beca8aa5-96a9-46be-ade7-f1b400213af5;;Категорія міститься безпосередньо у вихідній таблиці показників дороги.;high;original_source_geometry;координати вихідного набору 2017;Зчеплення_Дн_пропетровськ_М_Н_2017.xlsx | Н-08_пр | rows 38-38;"Базовий загальноукраїнський шар; категорія може відрізнятися від пізніших реконструкцій.";False
BASE2017-00180;Дніпропетровська;Н-08;Бориспіль - Дніпропетровськ - Запоріжжя (через м. Кременчук);державного значення;II;2;;326+000;370+915;326000;370915;44.915;експлуатаційні дані 2017;exact_piketage_from_source;data.gov.ua / Укравтодор;набір техніко-експлуатаційного стану доріг;Дані щодо техніко-експлуатаційного стану автомобільних доріг державного значення;2017;https://data.gov.ua/dataset/beca8aa5-96a9-46be-ade7-f1b400213af5;;Категорія міститься безпосередньо у вихідній таблиці показників дороги.;high;original_source_geometry;координати вихідного набору 2017;Зчеплення_Дн_пропетровськ_М_Н_2017.xlsx | Н-08_пр | rows 39-83;"Базовий загальноукраїнський шар; категорія може відрізнятися від пізніших реконструкцій.";False
BASE2017-00181;Дніпропетровська;Н-08;Бориспіль - Дніпропетровськ - Запоріжжя (через м. Кременчук);державного значення;II;2;;379+375;391+827;379375;391827;12.452;експлуатаційні дані 2017;exact_piketage_from_source;data.gov.ua / Укравтодор;набір техніко-експлуатаційного стану доріг;Дані щодо техніко-експлуатаційного стану автомобільних доріг державного значення;2017;https://data.gov.ua/dataset/beca8aa5-96a9-46be-ade7-f1b400213af5;;Категорія міститься безпосередньо у вихідній таблиці показників дороги.;high;original_source_geometry;координати вихідного набору 2017;Зчеплення_Дн_пропетровськ_М_Н_2017.xlsx | Н-08_пр | rows 85-97;"Базовий загальноукраїнський шар; категорія може відрізнятися від пізніших реконструкцій.";False
BASE2017-00182;Дніпропетровська;Н-08;Бориспіль - Дніпропетровськ - Запоріжжя (через м. Кременчук);державного значення;II;2;;414+377;450+455;414377;450455;36.078;експлуатаційні дані 2017;exact_piketage_from_source;data.gov.ua / Укравтодор;набір техніко-експлуатаційного стану доріг;Дані щодо техніко-експлуатаційного стану автомобільних доріг державного значення;2017;https://data.gov.ua/dataset/beca8aa5-96a9-46be-ade7-f1b400213af5;;Категорія міститься безпосередньо у вихідній таблиці показників дороги.;high;original_source_geometry;координати вихідного набору 2017;Зчеплення_Дн_пропетровськ_М_Н_2017.xlsx | Н-08_пр | rows 99-135;"Базовий загальноукраїнський шар; категорія може відрізнятися від пізніших реконструкцій.";False
BASE2017-00183;Дніпропетровська;Н-08;"Під'їзд до аеропорту ""Дніпропетровськ""";державного значення;I;1;;0+000;1+000;0;1000;1.0;експлуатаційні дані 2017;exact_piketage_from_source;data.gov.ua / Укравтодор;набір техніко-експлуатаційного стану доріг;Дані щодо техніко-експлуатаційного стану автомобільних доріг державного значення;2017;https://data.gov.ua/dataset/beca8aa5-96a9-46be-ade7-f1b400213af5;;Категорія міститься безпосередньо у вихідній таблиці показників дороги.;high;original_source_geometry;координати вихідного набору 2017;Зчеплення_Дн_пропетровськ_М_Н_2017.xlsx | Н-08 П_пр | rows 9-9;"Базовий загальноукраїнський шар; категорія може відрізнятися від пізніших реконструкцій.";False
BASE2017-00184;Дніпропетровська;Н-08;"Під'їзд до аеропорту ""Дніпропетровськ""";державного значення;II;2;;1+000;2+000;1000;2000;1.0;експлуатаційні дані 2017;exact_piketage_from_source;data.gov.ua / Укравтодор;набір техніко-експлуатаційного стану доріг;Дані щодо техніко-експлуатаційного стану автомобільних доріг державного значення;2017;https://data.gov.ua/dataset/beca8aa5-96a9-46be-ade7-f1b400213af5;;Категорія міститься безпосередньо у вихідній таблиці показників дороги.;high;original_source_geometry;координати вихідного набору 2017;Зчеплення_Дн_пропетровськ_М_Н_2017.xlsx | Н-08 П_пр | rows 10-10;"Базовий загальноукраїнський шар; категорія може відрізнятися від пізніших реконструкцій.";False
BASE2017-00185;Дніпропетровська;Н-08;"Під'їзд до аеропорту ""Дніпропетровськ""";державного значення;III;3;;2+000;3+000;2000;3000;1.0;експлуатаційні дані 2017;exact_piketage_from_source;data.gov.ua / Укравтодор;набір техніко-експлуатаційного стану доріг;Дані щодо техніко-експлуатаційного стану автомобільних доріг державного значення;2017;https://data.gov.ua/dataset/beca8aa5-96a9-46be-ade7-f1b400213af5;;Категорія міститься безпосередньо у вихідній таблиці показників дороги.;high;original_source_geometry;координати вихідного набору 2017;Зчеплення_Дн_пропетровськ_М_Н_2017.xlsx | Н-08 П_пр | rows 11-11;"Базовий загальноукраїнський шар; категорія може відрізнятися від пізніших реконструкцій.";False
BASE2017-00186;Дніпропетровська;Н-08;"Під'їзд до аеропорту ""Дніпропетровськ""";державного значення;II;2;;3+000;5+313;3000;5313;2.313;експлуатаційні дані 2017;exact_piketage_from_source;data.gov.ua / Укравтодор;набір техніко-експлуатаційного стану доріг;Дані щодо техніко-експлуатаційного стану автомобільних доріг державного значення;2017;https://data.gov.ua/dataset/beca8aa5-96a9-46be-ade7-f1b400213af5;;Категорія міститься безпосередньо у вихідній таблиці показників дороги.;high;original_source_geometry;координати вихідного набору 2017;Зчеплення_Дн_пропетровськ_М_Н_2017.xlsx | Н-08 П_пр | rows 12-14;"Базовий загальноукраїнський шар; категорія може відрізнятися від пізніших реконструкцій.";False
BASE2017-00187;Дніпропетровська;Н-11;Дніпропетровськ - Миколаїв (через м.Кривий Ріг);державного значення;I;1;;53+000;92+000;53000;92000;39.0;експлуатаційні дані 2017;exact_piketage_from_source;data.gov.ua / Укравтодор;набір техніко-експлуатаційного стану доріг;Дані щодо техніко-експлуатаційного стану автомобільних доріг державного значення;2017;https://data.gov.ua/dataset/beca8aa5-96a9-46be-ade7-f1b400213af5;;Категорія міститься безпосередньо у вихідній таблиці показників дороги.;high;original_source_geometry;координати вихідного набору 2017;Зчеплення_Дн_пропетровськ_М_Н_2017.xlsx | Н-11_пр  | rows 9-47;"Базовий загальноукраїнський шар; категорія може відрізнятися від пізніших реконструкцій.";False
BASE2017-00188;Дніпропетровська;Н-11;Дніпропетровськ - Миколаїв (через м.Кривий Ріг);державного значення;II;2;;92+000;137+424;92000;137424;45.424;експлуатаційні дані 2017;exact_piketage_from_source;data.gov.ua / Укравтодор;набір техніко-експлуатаційного стану доріг;Дані щодо техніко-експлуатаційного стану автомобільних доріг державного значення;2017;https://data.gov.ua/dataset/beca8aa5-96a9-46be-ade7-f1b400213af5;;Категорія міститься безпосередньо у вихідній таблиці показників дороги.;high;original_source_geometry;координати вихідного набору 2017;Зчеплення_Дн_пропетровськ_М_Н_2017.xlsx | Н-11_пр  | rows 48-93;"Базовий загальноукраїнський шар; категорія може відрізнятися від пізніших реконструкцій.";False
BASE2017-00189;Дніпропетровська;Н-11;Дніпропетровськ - Миколаїв (через м.Кривий Ріг);державного значення;II;2;;164+300;179+570;164300;179570;15.27;експлуатаційні дані 2017;exact_piketage_from_source;data.gov.ua / Укравтодор;набір техніко-експлуатаційного стану доріг;Дані щодо техніко-експлуатаційного стану автомобільних доріг державного значення;2017;https://data.gov.ua/dataset/beca8aa5-96a9-46be-ade7-f1b400213af5;;Категорія міститься безпосередньо у вихідній таблиці показників дороги.;high;original_source_geometry;координати вихідного набору 2017;Зчеплення_Дн_пропетровськ_М_Н_2017.xlsx | Н-11_пр  | rows 95-110;"Базовий загальноукраїнський шар; категорія може відрізнятися від пізніших реконструкцій.";False
BASE2017-00190;Дніпропетровська;Н-15;Запоріжжя - Донецьк;державного значення;II;2;;78+980;100+000;78980;100000;21.02;експлуатаційні дані 2017;exact_piketage_from_source;data.gov.ua / Укравтодор;набір техніко-експлуатаційного стану доріг;Дані щодо техніко-експлуатаційного стану автомобільних доріг державного значення;2017;https://data.gov.ua/dataset/beca8aa5-96a9-46be-ade7-f1b400213af5;;Категорія міститься безпосередньо у вихідній таблиці показників дороги.;high;original_source_geometry;координати вихідного набору 2017;Зчеплення_Дн_пропетровськ_М_Н_2017.xlsx | Н-15_пр | rows 9-30;"Базовий загальноукраїнський шар; категорія може відрізнятися від пізніших реконструкцій.";False
BASE2017-00191;Дніпропетровська;Н-15;Запоріжжя - Донецьк;державного значення;III;3;;100+000;117+000;100000;117000;17.0;експлуатаційні дані 2017;exact_piketage_from_source;data.gov.ua / Укравтодор;набір техніко-експлуатаційного стану доріг;Дані щодо техніко-експлуатаційного стану автомобільних доріг державного значення;2017;https://data.gov.ua/dataset/beca8aa5-96a9-46be-ade7-f1b400213af5;;Категорія міститься безпосередньо у вихідній таблиці показників дороги.;high;original_source_geometry;координати вихідного набору 2017;Зчеплення_Дн_пропетровськ_М_Н_2017.xlsx | Н-15_пр | rows 31-47;"Базовий загальноукраїнський шар; категорія може відрізнятися від пізніших реконструкцій.";False
BASE2017-00192;Дніпропетровська;Н-15;Запоріжжя - Донецьк;державного значення;II;2;;117+000;122+840;117000;122840;5.84;експлуатаційні дані 2017;exact_piketage_from_source;data.gov.ua / Укравтодор;набір техніко-експлуатаційного стану доріг;Дані щодо техніко-експлуатаційного стану автомобільних доріг державного значення;2017;https://data.gov.ua/dataset/beca8aa5-96a9-46be-ade7-f1b400213af5;;Категорія міститься безпосередньо у вихідній таблиці показників дороги.;high;original_source_geometry;координати вихідного набору 2017;Зчеплення_Дн_пропетровськ_М_Н_2017.xlsx | Н-15_пр | rows 48-53;"Базовий загальноукраїнський шар; категорія може відрізнятися від пізніших реконструкцій.";False
BASE2017-00193;Дніпропетровська;Н-23;Кіровоград - Кривий Ріг - Запоріжжя;державного значення;II;2;;81+735;105+313;81735;105313;23.578;експлуатаційні дані 2017;exact_piketage_from_source;data.gov.ua / Укравтодор;набір техніко-експлуатаційного стану доріг;Дані щодо техніко-експлуатаційного стану автомобільних доріг державного значення;2017;https://data.gov.ua/dataset/beca8aa5-96a9-46be-ade7-f1b400213af5;;Категорія міститься безпосередньо у вихідній таблиці показників дороги.;high;original_source_geometry;координати вихідного набору 2017;Зчеплення_Дн_пропетровськ_М_Н_2017.xlsx | Н-23_пр   | rows 9-33;"Базовий загальноукраїнський шар; категорія може відрізнятися від пізніших реконструкцій.";False
BASE2017-00194;Дніпропетровська;Н-23;Кіровоград - Кривий Ріг - Запоріжжя;державного значення;II;2;;158+433;247+830;158433;247830;89.397;експлуатаційні дані 2017;exact_piketage_from_source;data.gov.ua / Укравтодор;набір техніко-експлуатаційного стану доріг;Дані щодо техніко-експлуатаційного стану автомобільних доріг державного значення;2017;https://data.gov.ua/dataset/beca8aa5-96a9-46be-ade7-f1b400213af5;;Категорія міститься безпосередньо у вихідній таблиці показників дороги.;high;original_source_geometry;координати вихідного набору 2017;Зчеплення_Дн_пропетровськ_М_Н_2017.xlsx | Н-23_пр   | rows 35-124;"Базовий загальноукраїнський шар; категорія може відрізнятися від пізніших реконструкцій.";False
BASE2017-00195;Дніпропетровська;Н-23;Кіровоград - Кривий Ріг - Запоріжжя;державного значення;II;2;;258+190;308+489;258190;308489;50.299;експлуатаційні дані 2017;exact_piketage_from_source;data.gov.ua / Укравтодор;набір техніко-експлуатаційного стану доріг;Дані щодо техніко-експлуатаційного стану автомобільних доріг державного значення;2017;https://data.gov.ua/dataset/beca8aa5-96a9-46be-ade7-f1b400213af5;;Категорія міститься безпосередньо у вихідній таблиці показників дороги.;high;original_source_geometry;координати вихідного набору 2017;Зчеплення_Дн_пропетровськ_М_Н_2017.xlsx | Н-23_пр   | rows 126-176;"Базовий загальноукраїнський шар; категорія може відрізнятися від пізніших реконструкцій.";False
BASE2017-00196;Дніпропетровська;Н-23;"Під'їзд до аеропорту ""Кривий Ріг""";державного значення;I;1;;0+000;2+580;0;2580;2.58;експлуатаційні дані 2017;exact_piketage_from_source;data.gov.ua / Укравтодор;набір техніко-експлуатаційного стану доріг;Дані щодо техніко-експлуатаційного стану автомобільних доріг державного значення;2017;https://data.gov.ua/dataset/beca8aa5-96a9-46be-ade7-f1b400213af5;;Категорія міститься безпосередньо у вихідній таблиці показників дороги.;high;original_source_geometry;координати вихідного набору 2017;Зчеплення_Дн_пропетровськ_М_Н_2017.xlsx | Н-23 П_пр | rows 9-11;"Базовий загальноукраїнський шар; категорія може відрізнятися від пізніших реконструкцій.";False
BASE2017-00197;Дніпропетровська;Р-51;Мерефа - Лозова - Павлоград ;державного значення;III;3;;131+189;166+442;131189;166442;35.253;експлуатаційні дані 2017;exact_piketage_from_source;data.gov.ua / Укравтодор;набір техніко-експлуатаційного стану доріг;Дані щодо техніко-експлуатаційного стану автомобільних доріг державного значення;2017;https://data.gov.ua/dataset/beca8aa5-96a9-46be-ade7-f1b400213af5;;Категорія міститься безпосередньо у вихідній таблиці показників дороги.;high;original_source_geometry;координати вихідного набору 2017;Зчеплення_Дн_пропетровськ_Р_2017.xlsx | Р-51_пр | rows 9-44;"Базовий загальноукраїнський шар; категорія може відрізнятися від пізніших реконструкцій.";False
BASE2017-00198;Дніпропетровська;Р-52;Дніпропетровськ - Царичанка - Кобеляки - Решетилівка;державного значення;I;1;;24+150;44+000;24150;44000;19.85;експлуатаційні дані 2017;exact_piketage_from_source;data.gov.ua / Укравтодор;набір техніко-експлуатаційного стану доріг;Дані щодо техніко-експлуатаційного стану автомобільних доріг державного значення;2017;https://data.gov.ua/dataset/beca8aa5-96a9-46be-ade7-f1b400213af5;;Категорія міститься безпосередньо у вихідній таблиці показників дороги.;high;original_source_geometry;координати вихідного набору 2017;Зчеплення_Дн_пропетровськ_Р_2017.xlsx | Р-52_пр | rows 9-28;"Базовий загальноукраїнський шар; категорія може відрізнятися від пізніших реконструкцій.";False
BASE2017-00199;Дніпропетровська;Р-52;Дніпропетровськ - Царичанка - Кобеляки - Решетилівка;державного значення;II;2;;44+000;96+550;44000;96550;52.55;експлуатаційні дані 2017;exact_piketage_from_source;data.gov.ua / Укравтодор;набір техніко-експлуатаційного стану доріг;Дані щодо техніко-експлуатаційного стану автомобільних доріг державного значення;2017;https://data.gov.ua/dataset/beca8aa5-96a9-46be-ade7-f1b400213af5;;Категорія міститься безпосередньо у вихідній таблиці показників дороги.;high;original_source_geometry;координати вихідного набору 2017;Зчеплення_Дн_пропетровськ_Р_2017.xlsx | Р-52_пр | rows 29-81;"Базовий загальноукраїнський шар; категорія може відрізнятися від пізніших реконструкцій.";False
BASE2017-00200;Дніпропетровська;Р-73;/Н-08/ - Нікополь;державного значення;II;2;;7+595;64+140;7595;64140;56.545;експлуатаційні дані 2017;exact_piketage_from_source;data.gov.ua / Укравтодор;набір техніко-експлуатаційного стану доріг;Дані щодо техніко-експлуатаційного стану автомобільних доріг державного значення;2017;https://data.gov.ua/dataset/beca8aa5-96a9-46be-ade7-f1b400213af5;;Категорія міститься безпосередньо у вихідній таблиці показників дороги.;high;original_source_geometry;координати вихідного набору 2017;Зчеплення_Дн_пропетровськ_Р_2017.xlsx | Р-73_пр | rows 9-66;"Базовий загальноукраїнський шар; категорія може відрізнятися від пізніших реконструкцій.";False
BASE2017-00201;Дніпропетровська;Р-74;П'ятихатки - Кривий Ріг - Широке;державного значення;II;2;;2+075;14+741;2075;14741;12.666;експлуатаційні дані 2017;exact_piketage_from_source;data.gov.ua / Укравтодор;набір техніко-експлуатаційного стану доріг;Дані щодо техніко-експлуатаційного стану автомобільних доріг державного значення;2017;https://data.gov.ua/dataset/beca8aa5-96a9-46be-ade7-f1b400213af5;;Категорія міститься безпосередньо у вихідній таблиці показників дороги.;high;original_source_geometry;координати вихідного набору 2017;Зчеплення_Дн_пропетровськ_Р_2017.xlsx | Р-74_пр | rows 9-21;"Базовий загальноукраїнський шар; категорія може відрізнятися від пізніших реконструкцій.";False
BASE2017-00202;Дніпропетровська;Р-74;П'ятихатки - Кривий Ріг - Широке;державного значення;II;2;;24+502;45+465;24502;45465;20.963;експлуатаційні дані 2017;exact_piketage_from_source;data.gov.ua / Укравтодор;набір техніко-експлуатаційного стану доріг;Дані щодо техніко-експлуатаційного стану автомобільних доріг державного значення;2017;https://data.gov.ua/dataset/beca8aa5-96a9-46be-ade7-f1b400213af5;;Категорія міститься безпосередньо у вихідній таблиці показників дороги.;high;original_source_geometry;координати вихідного набору 2017;Зчеплення_Дн_пропетровськ_Р_2017.xlsx | Р-74_пр | rows 23-44;"Базовий загальноукраїнський шар; категорія може відрізнятися від пізніших реконструкцій.";False
BASE2017-00203;Дніпропетровська;Р-74;П'ятихатки - Кривий Ріг - Широке;державного значення;II;2;;203+525;219+395;203525;219395;15.87;експлуатаційні дані 2017;exact_piketage_from_source;data.gov.ua / Укравтодор;набір техніко-експлуатаційного стану доріг;Дані щодо техніко-експлуатаційного стану автомобільних доріг державного значення;2017;https://data.gov.ua/dataset/beca8aa5-96a9-46be-ade7-f1b400213af5;;Категорія міститься безпосередньо у вихідній таблиці показників дороги.;high;original_source_geometry;координати вихідного набору 2017;Зчеплення_Дн_пропетровськ_Р_2017.xlsx | Р-74_пр | rows 46-62;"Базовий загальноукраїнський шар; категорія може відрізнятися від пізніших реконструкцій.";False
BASE2017-00204;Донецька;М-03;Київ - Харків - Довжанський (на Ростов-на-Дону);державного значення;II;2;;646+200;714+000;646200;714000;67.8;експлуатаційні дані 2017;exact_piketage_from_source;data.gov.ua / Укравтодор;набір техніко-експлуатаційного стану доріг;Дані щодо техніко-експлуатаційного стану автомобільних доріг державного значення;2017;https://data.gov.ua/dataset/beca8aa5-96a9-46be-ade7-f1b400213af5;;Категорія міститься безпосередньо у вихідній таблиці показників дороги.;high;original_source_geometry;координати вихідного набору 2017;Зчеплення_Донецьк_М_Н_2017.xlsx | М-03_пр | rows 9-76;"Базовий загальноукраїнський шар; категорія може відрізнятися від пізніших реконструкцій.";False
BASE2017-00205;Донецька;М-04;Знам'янка - Луганськ - Ізварине;державного значення;II;2;;365+204;390+036;365204;390036;24.832;експлуатаційні дані 2017;exact_piketage_from_source;data.gov.ua / Укравтодор;набір техніко-експлуатаційного стану доріг;Дані щодо техніко-експлуатаційного стану автомобільних доріг державного значення;2017;https://data.gov.ua/dataset/beca8aa5-96a9-46be-ade7-f1b400213af5;;Категорія міститься безпосередньо у вихідній таблиці показників дороги.;high;original_source_geometry;координати вихідного набору 2017;Зчеплення_Донецьк_М_Н_2017.xlsx | М-04_пр  | rows 9-34;"Базовий загальноукраїнський шар; категорія може відрізнятися від пізніших реконструкцій.";False
BASE2017-00206;Донецька;М-04;Знам'янка - Луганськ - Ізварине;державного значення;II;2;;397+346;420+000;397346;420000;22.654;експлуатаційні дані 2017;exact_piketage_from_source;data.gov.ua / Укравтодор;набір техніко-експлуатаційного стану доріг;Дані щодо техніко-експлуатаційного стану автомобільних доріг державного значення;2017;https://data.gov.ua/dataset/beca8aa5-96a9-46be-ade7-f1b400213af5;;Категорія міститься безпосередньо у вихідній таблиці показників дороги.;high;original_source_geometry;координати вихідного набору 2017;Зчеплення_Донецьк_М_Н_2017.xlsx | М-04_пр  | rows 36-58;"Базовий загальноукраїнський шар; категорія може відрізнятися від пізніших реконструкцій.";False
BASE2017-00207;Донецька;М-14;Одеса - Мелітополь - Новоазовськ ( на Таганрог);державного значення;II;2;;604+086;635+067;604086;635067;30.981;експлуатаційні дані 2017;exact_piketage_from_source;data.gov.ua / Укравтодор;набір техніко-експлуатаційного стану доріг;Дані щодо техніко-експлуатаційного стану автомобільних доріг державного значення;2017;https://data.gov.ua/dataset/beca8aa5-96a9-46be-ade7-f1b400213af5;;Категорія міститься безпосередньо у вихідній таблиці показників дороги.;high;original_source_geometry;координати вихідного набору 2017;Зчеплення_Донецьк_М_Н_2017.xlsx | М-14_пр | rows 9-40;"Базовий загальноукраїнський шар; категорія може відрізнятися від пізніших реконструкцій.";False
BASE2017-00208;Донецька;Н-15;Запоріжжя - Донецьк;державного значення;III;3;;122+840;130+000;122840;130000;7.16;експлуатаційні дані 2017;exact_piketage_from_source;data.gov.ua / Укравтодор;набір техніко-експлуатаційного стану доріг;Дані щодо техніко-експлуатаційного стану автомобільних доріг державного значення;2017;https://data.gov.ua/dataset/beca8aa5-96a9-46be-ade7-f1b400213af5;;Категорія міститься безпосередньо у вихідній таблиці показників дороги.;high;original_source_geometry;координати вихідного набору 2017;Зчеплення_Донецьк_М_Н_2017.xlsx | Н-15_пр | rows 9-16;"Базовий загальноукраїнський шар; категорія може відрізнятися від пізніших реконструкцій.";False
BASE2017-00209;Донецька;Н-15;Запоріжжя - Донецьк;державного значення;I;1;;130+000;158+000;130000;158000;28.0;експлуатаційні дані 2017;exact_piketage_from_source;data.gov.ua / Укравтодор;набір техніко-експлуатаційного стану доріг;Дані щодо техніко-експлуатаційного стану автомобільних доріг державного значення;2017;https://data.gov.ua/dataset/beca8aa5-96a9-46be-ade7-f1b400213af5;;Категорія міститься безпосередньо у вихідній таблиці показників дороги.;high;original_source_geometry;координати вихідного набору 2017;Зчеплення_Донецьк_М_Н_2017.xlsx | Н-15_пр | rows 17-44;"Базовий загальноукраїнський шар; категорія може відрізнятися від пізніших реконструкцій.";False
BASE2017-00210;Донецька;Н-15;Запоріжжя - Донецьк;державного значення;II;2;;158+000;199+150;158000;199150;41.15;експлуатаційні дані 2017;exact_piketage_from_source;data.gov.ua / Укравтодор;набір техніко-експлуатаційного стану доріг;Дані щодо техніко-експлуатаційного стану автомобільних доріг державного значення;2017;https://data.gov.ua/dataset/beca8aa5-96a9-46be-ade7-f1b400213af5;;Категорія міститься безпосередньо у вихідній таблиці показників дороги.;high;original_source_geometry;координати вихідного набору 2017;Зчеплення_Донецьк_М_Н_2017.xlsx | Н-15_пр | rows 45-86;"Базовий загальноукраїнський шар; категорія може відрізнятися від пізніших реконструкцій.";False
BASE2017-00211;Донецька;Н-20;Слов'янськ - Донецьк - Маріуполь;державного значення;I;1;;5+050;10+000;5050;10000;4.95;експлуатаційні дані 2017;exact_piketage_from_source;data.gov.ua / Укравтодор;набір техніко-експлуатаційного стану доріг;Дані щодо техніко-експлуатаційного стану автомобільних доріг державного значення;2017;https://data.gov.ua/dataset/beca8aa5-96a9-46be-ade7-f1b400213af5;;Категорія міститься безпосередньо у вихідній таблиці показників дороги.;high;original_source_geometry;координати вихідного набору 2017;Зчеплення_Донецьк_М_Н_2017.xlsx | Н-20_пр | rows 9-13;"Базовий загальноукраїнський шар; категорія може відрізнятися від пізніших реконструкцій.";False
BASE2017-00212;Донецька;Н-20;Слов'янськ - Донецьк - Маріуполь;державного значення;II;2;;10+000;10+305;10000;10305;0.305;експлуатаційні дані 2017;exact_piketage_from_source;data.gov.ua / Укравтодор;набір техніко-експлуатаційного стану доріг;Дані щодо техніко-експлуатаційного стану автомобільних доріг державного значення;2017;https://data.gov.ua/dataset/beca8aa5-96a9-46be-ade7-f1b400213af5;;Категорія міститься безпосередньо у вихідній таблиці показників дороги.;high;original_source_geometry;координати вихідного набору 2017;Зчеплення_Донецьк_М_Н_2017.xlsx | Н-20_пр | rows 14-14;"Базовий загальноукраїнський шар; категорія може відрізнятися від пізніших реконструкцій.";False
BASE2017-00213;Донецька;Н-20;Слов'янськ - Донецьк - Маріуполь;державного значення;I;1;;19+860;25+630;19860;25630;5.77;експлуатаційні дані 2017;exact_piketage_from_source;data.gov.ua / Укравтодор;набір техніко-експлуатаційного стану доріг;Дані щодо техніко-експлуатаційного стану автомобільних доріг державного значення;2017;https://data.gov.ua/dataset/beca8aa5-96a9-46be-ade7-f1b400213af5;;Категорія міститься безпосередньо у вихідній таблиці показників дороги.;high;original_source_geometry;координати вихідного набору 2017;Зчеплення_Донецьк_М_Н_2017.xlsx | Н-20_пр | rows 16-22;"Базовий загальноукраїнський шар; категорія може відрізнятися від пізніших реконструкцій.";False
BASE2017-00214;Донецька;Н-20;Слов'янськ - Донецьк - Маріуполь;державного значення;I;1;;30+463;39+000;30463;39000;8.537;експлуатаційні дані 2017;exact_piketage_from_source;data.gov.ua / Укравтодор;набір техніко-експлуатаційного стану доріг;Дані щодо техніко-експлуатаційного стану автомобільних доріг державного значення;2017;https://data.gov.ua/dataset/beca8aa5-96a9-46be-ade7-f1b400213af5;;Категорія міститься безпосередньо у вихідній таблиці показників дороги.;high;original_source_geometry;координати вихідного набору 2017;Зчеплення_Донецьк_М_Н_2017.xlsx | Н-20_пр | rows 24-32;"Базовий загальноукраїнський шар; категорія може відрізнятися від пізніших реконструкцій.";False
BASE2017-00215;Донецька;Н-20;Слов'янськ - Донецьк - Маріуполь;державного значення;II;2;;39+000;39+350;39000;39350;0.35;експлуатаційні дані 2017;exact_piketage_from_source;data.gov.ua / Укравтодор;набір техніко-експлуатаційного стану доріг;Дані щодо техніко-експлуатаційного стану автомобільних доріг державного значення;2017;https://data.gov.ua/dataset/beca8aa5-96a9-46be-ade7-f1b400213af5;;Категорія міститься безпосередньо у вихідній таблиці показників дороги.;high;original_source_geometry;координати вихідного набору 2017;Зчеплення_Донецьк_М_Н_2017.xlsx | Н-20_пр | rows 33-33;"Базовий загальноукраїнський шар; категорія може відрізнятися від пізніших реконструкцій.";False
BASE2017-00216;Донецька;Н-20;Слов'янськ - Донецьк - Маріуполь;державного значення;II;2;;50+870;85+000;50870;85000;34.13;експлуатаційні дані 2017;exact_piketage_from_source;data.gov.ua / Укравтодор;набір техніко-експлуатаційного стану доріг;Дані щодо техніко-експлуатаційного стану автомобільних доріг державного значення;2017;https://data.gov.ua/dataset/beca8aa5-96a9-46be-ade7-f1b400213af5;;Категорія міститься безпосередньо у вихідній таблиці показників дороги.;high;original_source_geometry;координати вихідного набору 2017;Зчеплення_Донецьк_М_Н_2017.xlsx | Н-20_пр | rows 35-69;"Базовий загальноукраїнський шар; категорія може відрізнятися від пізніших реконструкцій.";False
BASE2017-00217;Донецька;Н-20;Слов'янськ - Донецьк - Маріуполь;державного значення;II;2;;163+000;197+000;163000;197000;34.0;експлуатаційні дані 2017;exact_piketage_from_source;data.gov.ua / Укравтодор;набір техніко-експлуатаційного стану доріг;Дані щодо техніко-експлуатаційного стану автомобільних доріг державного значення;2017;https://data.gov.ua/dataset/beca8aa5-96a9-46be-ade7-f1b400213af5;;Категорія міститься безпосередньо у вихідній таблиці показників дороги.;high;original_source_geometry;координати вихідного набору 2017;Зчеплення_Донецьк_М_Н_2017.xlsx | Н-20_пр | rows 71-104;"Базовий загальноукраїнський шар; категорія може відрізнятися від пізніших реконструкцій.";False
BASE2017-00218;Донецька;Н-20;Слов'янськ - Донецьк - Маріуполь;державного значення;I;1;;197+000;221+980;197000;221980;24.98;експлуатаційні дані 2017;exact_piketage_from_source;data.gov.ua / Укравтодор;набір техніко-експлуатаційного стану доріг;Дані щодо техніко-експлуатаційного стану автомобільних доріг державного значення;2017;https://data.gov.ua/dataset/beca8aa5-96a9-46be-ade7-f1b400213af5;;Категорія міститься безпосередньо у вихідній таблиці показників дороги.;high;original_source_geometry;координати вихідного набору 2017;Зчеплення_Донецьк_М_Н_2017.xlsx | Н-20_пр | rows 105-129;"Базовий загальноукраїнський шар; категорія може відрізнятися від пізніших реконструкцій.";False
BASE2017-00219;Житомирська;М-06;Київ - Чоп (на м.Будапешт через м.Львів, Мукачеве, Ужгород);державного значення;II;2;;68+430;79+000;68430;79000;10.57;експлуатаційні дані 2017;exact_piketage_from_source;data.gov.ua / Укравтодор;набір техніко-експлуатаційного стану доріг;Дані щодо техніко-експлуатаційного стану автомобільних доріг державного значення;2017;https://data.gov.ua/dataset/beca8aa5-96a9-46be-ade7-f1b400213af5;;Категорія міститься безпосередньо у вихідній таблиці показників дороги.;high;original_source_geometry;координати вихідного набору 2017;Зчеплення_Житомир_М_2017.xlsx | М-06_пр | rows 9-19;"Базовий загальноукраїнський шар; категорія може відрізнятися від пізніших реконструкцій.";False
BASE2017-00220;Житомирська;М-06;Київ - Чоп (на м.Будапешт через м.Львів, Мукачеве, Ужгород);державного значення;I;1;;79+000;80+000;79000;80000;1.0;експлуатаційні дані 2017;exact_piketage_from_source;data.gov.ua / Укравтодор;набір техніко-експлуатаційного стану доріг;Дані щодо техніко-експлуатаційного стану автомобільних доріг державного значення;2017;https://data.gov.ua/dataset/beca8aa5-96a9-46be-ade7-f1b400213af5;;Категорія міститься безпосередньо у вихідній таблиці показників дороги.;high;original_source_geometry;координати вихідного набору 2017;Зчеплення_Житомир_М_2017.xlsx | М-06_пр | rows 20-20;"Базовий загальноукраїнський шар; категорія може відрізнятися від пізніших реконструкцій.";False
BASE2017-00221;Житомирська;М-06;Київ - Чоп (на м.Будапешт через м.Львів, Мукачеве, Ужгород);державного значення;II;2;;80+000;83+000;80000;83000;3.0;експлуатаційні дані 2017;exact_piketage_from_source;data.gov.ua / Укравтодор;набір техніко-експлуатаційного стану доріг;Дані щодо техніко-експлуатаційного стану автомобільних доріг державного значення;2017;https://data.gov.ua/dataset/beca8aa5-96a9-46be-ade7-f1b400213af5;;Категорія міститься безпосередньо у вихідній таблиці показників дороги.;high;original_source_geometry;координати вихідного набору 2017;Зчеплення_Житомир_М_2017.xlsx | М-06_пр | rows 21-23;"Базовий загальноукраїнський шар; категорія може відрізнятися від пізніших реконструкцій.";False
BASE2017-00222;Житомирська;М-06;Київ - Чоп (на м.Будапешт через м.Львів, Мукачеве, Ужгород);державного значення;I;1;;83+000;130+000;83000;130000;47.0;експлуатаційні дані 2017;exact_piketage_from_source;data.gov.ua / Укравтодор;набір техніко-експлуатаційного стану доріг;Дані щодо техніко-експлуатаційного стану автомобільних доріг державного значення;2017;https://data.gov.ua/dataset/beca8aa5-96a9-46be-ade7-f1b400213af5;;Категорія міститься безпосередньо у вихідній таблиці показників дороги.;high;original_source_geometry;координати вихідного набору 2017;Зчеплення_Житомир_М_2017.xlsx | М-06_пр | rows 24-70;"Базовий загальноукраїнський шар; категорія може відрізнятися від пізніших реконструкцій.";False
BASE2017-00223;Житомирська;М-06;Київ - Чоп (на м.Будапешт через м.Львів, Мукачеве, Ужгород);державного значення;II;2;;130+000;258+442;130000;258442;128.442;експлуатаційні дані 2017;exact_piketage_from_source;data.gov.ua / Укравтодор;набір техніко-експлуатаційного стану доріг;Дані щодо техніко-експлуатаційного стану автомобільних доріг державного значення;2017;https://data.gov.ua/dataset/beca8aa5-96a9-46be-ade7-f1b400213af5;;Категорія міститься безпосередньо у вихідній таблиці показників дороги.;high;original_source_geometry;координати вихідного набору 2017;Зчеплення_Житомир_М_2017.xlsx | М-06_пр | rows 71-199;"Базовий загальноукраїнський шар; категорія може відрізнятися від пізніших реконструкцій.";False
BASE2017-00224;Житомирська;М-06;Під'їзд до м.Новоград-Волинський;державного значення;I;1;;0+000;2+000;0;2000;2.0;експлуатаційні дані 2017;exact_piketage_from_source;data.gov.ua / Укравтодор;набір техніко-експлуатаційного стану доріг;Дані щодо техніко-експлуатаційного стану автомобільних доріг державного значення;2017;https://data.gov.ua/dataset/beca8aa5-96a9-46be-ade7-f1b400213af5;;Категорія міститься безпосередньо у вихідній таблиці показників дороги.;high;original_source_geometry;координати вихідного набору 2017;Зчеплення_Житомир_М_2017.xlsx | М-06_пр_П4 | rows 9-10;"Базовий загальноукраїнський шар; категорія може відрізнятися від пізніших реконструкцій.";False
BASE2017-00225;Житомирська;М-06;Під'їзд до м.Новоград-Волинський;державного значення;II;2;;2+000;3+000;2000;3000;1.0;експлуатаційні дані 2017;exact_piketage_from_source;data.gov.ua / Укравтодор;набір техніко-експлуатаційного стану доріг;Дані щодо техніко-експлуатаційного стану автомобільних доріг державного значення;2017;https://data.gov.ua/dataset/beca8aa5-96a9-46be-ade7-f1b400213af5;;Категорія міститься безпосередньо у вихідній таблиці показників дороги.;high;original_source_geometry;координати вихідного набору 2017;Зчеплення_Житомир_М_2017.xlsx | М-06_П3_пр | rows 11-11;"Базовий загальноукраїнський шар; категорія може відрізнятися від пізніших реконструкцій.";False
BASE2017-00226;Житомирська;М-06;Під'їзд до м.Житомир;державного значення;I;1;;3+000;3+450;3000;3450;0.45;експлуатаційні дані 2017;exact_piketage_from_source;data.gov.ua / Укравтодор;набір техніко-експлуатаційного стану доріг;Дані щодо техніко-експлуатаційного стану автомобільних доріг державного значення;2017;https://data.gov.ua/dataset/beca8aa5-96a9-46be-ade7-f1b400213af5;;Категорія міститься безпосередньо у вихідній таблиці показників дороги.;high;original_source_geometry;координати вихідного набору 2017;Зчеплення_Житомир_М_2017.xlsx | М-06 П1_пр | rows 12-12;"Базовий загальноукраїнський шар; категорія може відрізнятися від пізніших реконструкцій.";False
BASE2017-00227;Житомирська;М-06;Під'їзд до м.Новоград-Волинський;державного значення;I;1;;0+000;2+000;0;2000;2.0;експлуатаційні дані 2017;exact_piketage_from_source;data.gov.ua / Укравтодор;набір техніко-експлуатаційного стану доріг;Дані щодо техніко-експлуатаційного стану автомобільних доріг державного значення;2017;https://data.gov.ua/dataset/beca8aa5-96a9-46be-ade7-f1b400213af5;;Категорія міститься безпосередньо у вихідній таблиці показників дороги.;high;original_source_geometry;координати вихідного набору 2017;Зчеплення_Житомир_М_2017.xlsx | М-06_пр_П4 | rows 9-10;"Базовий загальноукраїнський шар; категорія може відрізнятися від пізніших реконструкцій.";False
BASE2017-00228;Житомирська;М-06;Під'їзд до м.Новоград-Волинський;державного значення;II;2;;2+000;3+000;2000;3000;1.0;експлуатаційні дані 2017;exact_piketage_from_source;data.gov.ua / Укравтодор;набір техніко-експлуатаційного стану доріг;Дані щодо техніко-експлуатаційного стану автомобільних доріг державного значення;2017;https://data.gov.ua/dataset/beca8aa5-96a9-46be-ade7-f1b400213af5;;Категорія міститься безпосередньо у вихідній таблиці показників дороги.;high;original_source_geometry;координати вихідного набору 2017;Зчеплення_Житомир_М_2017.xlsx | М-06_П3_пр | rows 11-11;"Базовий загальноукраїнський шар; категорія може відрізнятися від пізніших реконструкцій.";False
BASE2017-00229;Житомирська;М-06;Під'їзд до м.Житомир;державного значення;I;1;;3+000;4+000;3000;4000;1.0;експлуатаційні дані 2017;exact_piketage_from_source;data.gov.ua / Укравтодор;набір техніко-експлуатаційного стану доріг;Дані щодо техніко-експлуатаційного стану автомобільних доріг державного значення;2017;https://data.gov.ua/dataset/beca8aa5-96a9-46be-ade7-f1b400213af5;;Категорія міститься безпосередньо у вихідній таблиці показників дороги.;high;original_source_geometry;координати вихідного набору 2017;Зчеплення_Житомир_М_2017.xlsx | М-06 П2_пр | rows 12-12;"Базовий загальноукраїнський шар; категорія може відрізнятися від пізніших реконструкцій.";False
BASE2017-00230;Житомирська;М-06;Під'їзд до м.Житомир;державного значення;III;3;;4+000;5+000;4000;5000;1.0;експлуатаційні дані 2017;exact_piketage_from_source;data.gov.ua / Укравтодор;набір техніко-експлуатаційного стану доріг;Дані щодо техніко-експлуатаційного стану автомобільних доріг державного значення;2017;https://data.gov.ua/dataset/beca8aa5-96a9-46be-ade7-f1b400213af5;;Категорія міститься безпосередньо у вихідній таблиці показників дороги.;high;original_source_geometry;координати вихідного набору 2017;Зчеплення_Житомир_М_2017.xlsx | М-06 П2_пр | rows 13-13;"Базовий загальноукраїнський шар; категорія може відрізнятися від пізніших реконструкцій.";False
BASE2017-00231;Житомирська;М-06;Під'їзд до м.Житомир;державного значення;II;2;;5+000;6+500;5000;6500;1.5;експлуатаційні дані 2017;exact_piketage_from_source;data.gov.ua / Укравтодор;набір техніко-експлуатаційного стану доріг;Дані щодо техніко-експлуатаційного стану автомобільних доріг державного значення;2017;https://data.gov.ua/dataset/beca8aa5-96a9-46be-ade7-f1b400213af5;;Категорія міститься безпосередньо у вихідній таблиці показників дороги.;high;original_source_geometry;координати вихідного набору 2017;Зчеплення_Житомир_М_2017.xlsx | М-06 П2_пр | rows 14-15;"Базовий загальноукраїнський шар; категорія може відрізнятися від пізніших реконструкцій.";False
BASE2017-00232;Житомирська;М-06;Під'їзд до м.Новоград-Волинський;державного значення;I;1;;0+000;2+000;0;2000;2.0;експлуатаційні дані 2017;exact_piketage_from_source;data.gov.ua / Укравтодор;набір техніко-експлуатаційного стану доріг;Дані щодо техніко-експлуатаційного стану автомобільних доріг державного значення;2017;https://data.gov.ua/dataset/beca8aa5-96a9-46be-ade7-f1b400213af5;;Категорія міститься безпосередньо у вихідній таблиці показників дороги.;high;original_source_geometry;координати вихідного набору 2017;Зчеплення_Житомир_М_2017.xlsx | М-06_пр_П4 | rows 9-10;"Базовий загальноукраїнський шар; категорія може відрізнятися від пізніших реконструкцій.";False
BASE2017-00233;Житомирська;М-06;Під'їзд до м.Новоград-Волинський;державного значення;II;2;;2+000;3+000;2000;3000;1.0;експлуатаційні дані 2017;exact_piketage_from_source;data.gov.ua / Укравтодор;набір техніко-експлуатаційного стану доріг;Дані щодо техніко-експлуатаційного стану автомобільних доріг державного значення;2017;https://data.gov.ua/dataset/beca8aa5-96a9-46be-ade7-f1b400213af5;;Категорія міститься безпосередньо у вихідній таблиці показників дороги.;high;original_source_geometry;координати вихідного набору 2017;Зчеплення_Житомир_М_2017.xlsx | М-06_П3_пр | rows 11-11;"Базовий загальноукраїнський шар; категорія може відрізнятися від пізніших реконструкцій.";False
BASE2017-00234;Житомирська;М-06;Під'їзд до м.Новоград-Волинський;державного значення;I;1;;3+000;3+230;3000;3230;0.23;експлуатаційні дані 2017;exact_piketage_from_source;data.gov.ua / Укравтодор;набір техніко-експлуатаційного стану доріг;Дані щодо техніко-експлуатаційного стану автомобільних доріг державного значення;2017;https://data.gov.ua/dataset/beca8aa5-96a9-46be-ade7-f1b400213af5;;Категорія міститься безпосередньо у вихідній таблиці показників дороги.;high;original_source_geometry;координати вихідного набору 2017;Зчеплення_Житомир_М_2017.xlsx | М-06_П3_пр | rows 12-12;"Базовий загальноукраїнський шар; категорія може відрізнятися від пізніших реконструкцій.";False
BASE2017-00235;Житомирська;М-06;Під'їзд до м.Новоград-Волинський;державного значення;I;1;;0+000;2+000;0;2000;2.0;експлуатаційні дані 2017;exact_piketage_from_source;data.gov.ua / Укравтодор;набір техніко-експлуатаційного стану доріг;Дані щодо техніко-експлуатаційного стану автомобільних доріг державного значення;2017;https://data.gov.ua/dataset/beca8aa5-96a9-46be-ade7-f1b400213af5;;Категорія міститься безпосередньо у вихідній таблиці показників дороги.;high;original_source_geometry;координати вихідного набору 2017;Зчеплення_Житомир_М_2017.xlsx | М-06_пр_П4 | rows 9-10;"Базовий загальноукраїнський шар; категорія може відрізнятися від пізніших реконструкцій.";False
BASE2017-00236;Житомирська;М-06;Під'їзд до м.Новоград-Волинський;державного значення;II;2;;2+000;2+150;2000;2150;0.15;експлуатаційні дані 2017;exact_piketage_from_source;data.gov.ua / Укравтодор;набір техніко-експлуатаційного стану доріг;Дані щодо техніко-експлуатаційного стану автомобільних доріг державного значення;2017;https://data.gov.ua/dataset/beca8aa5-96a9-46be-ade7-f1b400213af5;;Категорія міститься безпосередньо у вихідній таблиці показників дороги.;high;original_source_geometry;координати вихідного набору 2017;Зчеплення_Житомир_М_2017.xlsx | М-06_пр_П4 | rows 11-11;"Базовий загальноукраїнський шар; категорія може відрізнятися від пізніших реконструкцій.";False
BASE2017-00237;Житомирська;М-07;Київ - Ковель - Ягодин;державного значення;I;1;;79+390;108+000;79390;108000;28.61;експлуатаційні дані 2017;exact_piketage_from_source;data.gov.ua / Укравтодор;набір техніко-експлуатаційного стану доріг;Дані щодо техніко-експлуатаційного стану автомобільних доріг державного значення;2017;https://data.gov.ua/dataset/beca8aa5-96a9-46be-ade7-f1b400213af5;;Категорія міститься безпосередньо у вихідній таблиці показників дороги.;high;original_source_geometry;координати вихідного набору 2017;Зчеплення_Житомир_М_2017.xlsx | М-07_пр | rows 9-37;"Базовий загальноукраїнський шар; категорія може відрізнятися від пізніших реконструкцій.";False
BASE2017-00238;Житомирська;М-07;Київ - Ковель - Ягодин;державного значення;III;3;;108+000;245+690;108000;245690;137.69;експлуатаційні дані 2017;exact_piketage_from_source;data.gov.ua / Укравтодор;набір техніко-експлуатаційного стану доріг;Дані щодо техніко-експлуатаційного стану автомобільних доріг державного значення;2017;https://data.gov.ua/dataset/beca8aa5-96a9-46be-ade7-f1b400213af5;;Категорія міститься безпосередньо у вихідній таблиці показників дороги.;high;original_source_geometry;координати вихідного набору 2017;Зчеплення_Житомир_М_2017.xlsx | М-07_пр | rows 38-175;"Базовий загальноукраїнський шар; категорія може відрізнятися від пізніших реконструкцій.";False
BASE2017-00239;Житомирська;М-21;Житомир - Могилів-Подільський;державного значення;II;2;;4+000;5+000;4000;5000;1.0;експлуатаційні дані 2017;exact_piketage_from_source;data.gov.ua / Укравтодор;набір техніко-експлуатаційного стану доріг;Дані щодо техніко-експлуатаційного стану автомобільних доріг державного значення;2017;https://data.gov.ua/dataset/beca8aa5-96a9-46be-ade7-f1b400213af5;;Категорія міститься безпосередньо у вихідній таблиці показників дороги.;high;original_source_geometry;координати вихідного набору 2017;Зчеплення_Житомир_М_2017.xlsx | М-21_пр | rows 9-9;"Базовий загальноукраїнський шар; категорія може відрізнятися від пізніших реконструкцій.";False
BASE2017-00240;Житомирська;М-21;Житомир - Могилів-Подільський;державного значення;III;3;;5+000;10+000;5000;10000;5.0;експлуатаційні дані 2017;exact_piketage_from_source;data.gov.ua / Укравтодор;набір техніко-експлуатаційного стану доріг;Дані щодо техніко-експлуатаційного стану автомобільних доріг державного значення;2017;https://data.gov.ua/dataset/beca8aa5-96a9-46be-ade7-f1b400213af5;;Категорія міститься безпосередньо у вихідній таблиці показників дороги.;high;original_source_geometry;координати вихідного набору 2017;Зчеплення_Житомир_М_2017.xlsx | М-21_пр | rows 10-14;"Базовий загальноукраїнський шар; категорія може відрізнятися від пізніших реконструкцій.";False
BASE2017-00241;Житомирська;М-21;Житомир - Могилів-Подільський;державного значення;II;2;;10+000;16+000;10000;16000;6.0;експлуатаційні дані 2017;exact_piketage_from_source;data.gov.ua / Укравтодор;набір техніко-експлуатаційного стану доріг;Дані щодо техніко-експлуатаційного стану автомобільних доріг державного значення;2017;https://data.gov.ua/dataset/beca8aa5-96a9-46be-ade7-f1b400213af5;;Категорія міститься безпосередньо у вихідній таблиці показників дороги.;high;original_source_geometry;координати вихідного набору 2017;Зчеплення_Житомир_М_2017.xlsx | М-21_пр | rows 15-20;"Базовий загальноукраїнський шар; категорія може відрізнятися від пізніших реконструкцій.";False
BASE2017-00242;Житомирська;М-21;Житомир - Могилів-Подільський;державного значення;III;3;;16+000;19+000;16000;19000;3.0;експлуатаційні дані 2017;exact_piketage_from_source;data.gov.ua / Укравтодор;набір техніко-експлуатаційного стану доріг;Дані щодо техніко-експлуатаційного стану автомобільних доріг державного значення;2017;https://data.gov.ua/dataset/beca8aa5-96a9-46be-ade7-f1b400213af5;;Категорія міститься безпосередньо у вихідній таблиці показників дороги.;high;original_source_geometry;координати вихідного набору 2017;Зчеплення_Житомир_М_2017.xlsx | М-21_пр | rows 21-23;"Базовий загальноукраїнський шар; категорія може відрізнятися від пізніших реконструкцій.";False
BASE2017-00243;Житомирська;М-21;Житомир - Могилів-Подільський;державного значення;I;1;;19+000;22+000;19000;22000;3.0;експлуатаційні дані 2017;exact_piketage_from_source;data.gov.ua / Укравтодор;набір техніко-експлуатаційного стану доріг;Дані щодо техніко-експлуатаційного стану автомобільних доріг державного значення;2017;https://data.gov.ua/dataset/beca8aa5-96a9-46be-ade7-f1b400213af5;;Категорія міститься безпосередньо у вихідній таблиці показників дороги.;high;original_source_geometry;координати вихідного набору 2017;Зчеплення_Житомир_М_2017.xlsx | М-21_пр | rows 24-26;"Базовий загальноукраїнський шар; категорія може відрізнятися від пізніших реконструкцій.";False
BASE2017-00244;Житомирська;М-21;Житомир - Могилів-Подільський;державного значення;II;2;;22+000;24+000;22000;24000;2.0;експлуатаційні дані 2017;exact_piketage_from_source;data.gov.ua / Укравтодор;набір техніко-експлуатаційного стану доріг;Дані щодо техніко-експлуатаційного стану автомобільних доріг державного значення;2017;https://data.gov.ua/dataset/beca8aa5-96a9-46be-ade7-f1b400213af5;;Категорія міститься безпосередньо у вихідній таблиці показників дороги.;high;original_source_geometry;координати вихідного набору 2017;Зчеплення_Житомир_М_2017.xlsx | М-21_пр | rows 27-28;"Базовий загальноукраїнський шар; категорія може відрізнятися від пізніших реконструкцій.";False
BASE2017-00245;Житомирська;М-21;Житомир - Могилів-Подільський;державного значення;III;3;;24+000;25+000;24000;25000;1.0;експлуатаційні дані 2017;exact_piketage_from_source;data.gov.ua / Укравтодор;набір техніко-експлуатаційного стану доріг;Дані щодо техніко-експлуатаційного стану автомобільних доріг державного значення;2017;https://data.gov.ua/dataset/beca8aa5-96a9-46be-ade7-f1b400213af5;;Категорія міститься безпосередньо у вихідній таблиці показників дороги.;high;original_source_geometry;координати вихідного набору 2017;Зчеплення_Житомир_М_2017.xlsx | М-21_пр | rows 29-29;"Базовий загальноукраїнський шар; категорія може відрізнятися від пізніших реконструкцій.";False
BASE2017-00246;Житомирська;М-21;Житомир - Могилів-Подільський;державного значення;I;1;;25+000;27+000;25000;27000;2.0;експлуатаційні дані 2017;exact_piketage_from_source;data.gov.ua / Укравтодор;набір техніко-експлуатаційного стану доріг;Дані щодо техніко-експлуатаційного стану автомобільних доріг державного значення;2017;https://data.gov.ua/dataset/beca8aa5-96a9-46be-ade7-f1b400213af5;;Категорія міститься безпосередньо у вихідній таблиці показників дороги.;high;original_source_geometry;координати вихідного набору 2017;Зчеплення_Житомир_М_2017.xlsx | М-21_пр | rows 30-31;"Базовий загальноукраїнський шар; категорія може відрізнятися від пізніших реконструкцій.";False
BASE2017-00247;Житомирська;М-21;Житомир - Могилів-Подільський;державного значення;II;2;;27+000;29+000;27000;29000;2.0;експлуатаційні дані 2017;exact_piketage_from_source;data.gov.ua / Укравтодор;набір техніко-експлуатаційного стану доріг;Дані щодо техніко-експлуатаційного стану автомобільних доріг державного значення;2017;https://data.gov.ua/dataset/beca8aa5-96a9-46be-ade7-f1b400213af5;;Категорія міститься безпосередньо у вихідній таблиці показників дороги.;high;original_source_geometry;координати вихідного набору 2017;Зчеплення_Житомир_М_2017.xlsx | М-21_пр | rows 32-33;"Базовий загальноукраїнський шар; категорія може відрізнятися від пізніших реконструкцій.";False
BASE2017-00248;Житомирська;М-21;Житомир - Могилів-Подільський;державного значення;I;1;;29+000;32+000;29000;32000;3.0;експлуатаційні дані 2017;exact_piketage_from_source;data.gov.ua / Укравтодор;набір техніко-експлуатаційного стану доріг;Дані щодо техніко-експлуатаційного стану автомобільних доріг державного значення;2017;https://data.gov.ua/dataset/beca8aa5-96a9-46be-ade7-f1b400213af5;;Категорія міститься безпосередньо у вихідній таблиці показників дороги.;high;original_source_geometry;координати вихідного набору 2017;Зчеплення_Житомир_М_2017.xlsx | М-21_пр | rows 34-36;"Базовий загальноукраїнський шар; категорія може відрізнятися від пізніших реконструкцій.";False
BASE2017-00249;Житомирська;М-21;Житомир - Могилів-Подільський;державного значення;II;2;;32+000;34+000;32000;34000;2.0;експлуатаційні дані 2017;exact_piketage_from_source;data.gov.ua / Укравтодор;набір техніко-експлуатаційного стану доріг;Дані щодо техніко-експлуатаційного стану автомобільних доріг державного значення;2017;https://data.gov.ua/dataset/beca8aa5-96a9-46be-ade7-f1b400213af5;;Категорія міститься безпосередньо у вихідній таблиці показників дороги.;high;original_source_geometry;координати вихідного набору 2017;Зчеплення_Житомир_М_2017.xlsx | М-21_пр | rows 37-38;"Базовий загальноукраїнський шар; категорія може відрізнятися від пізніших реконструкцій.";False
BASE2017-00250;Житомирська;М-21;Житомир - Могилів-Подільський;державного значення;III;3;;34+000;40+000;34000;40000;6.0;експлуатаційні дані 2017;exact_piketage_from_source;data.gov.ua / Укравтодор;набір техніко-експлуатаційного стану доріг;Дані щодо техніко-експлуатаційного стану автомобільних доріг державного значення;2017;https://data.gov.ua/dataset/beca8aa5-96a9-46be-ade7-f1b400213af5;;Категорія міститься безпосередньо у вихідній таблиці показників дороги.;high;original_source_geometry;координати вихідного набору 2017;Зчеплення_Житомир_М_2017.xlsx | М-21_пр | rows 39-44;"Базовий загальноукраїнський шар; категорія може відрізнятися від пізніших реконструкцій.";False
BASE2017-00251;Житомирська;М-21;Житомир - Могилів-Подільський;державного значення;II;2;;40+000;41+000;40000;41000;1.0;експлуатаційні дані 2017;exact_piketage_from_source;data.gov.ua / Укравтодор;набір техніко-експлуатаційного стану доріг;Дані щодо техніко-експлуатаційного стану автомобільних доріг державного значення;2017;https://data.gov.ua/dataset/beca8aa5-96a9-46be-ade7-f1b400213af5;;Категорія міститься безпосередньо у вихідній таблиці показників дороги.;high;original_source_geometry;координати вихідного набору 2017;Зчеплення_Житомир_М_2017.xlsx | М-21_пр | rows 45-45;"Базовий загальноукраїнський шар; категорія може відрізнятися від пізніших реконструкцій.";False
BASE2017-00252;Житомирська;М-21;Житомир - Могилів-Подільський;державного значення;IV;4;;41+000;42+000;41000;42000;1.0;експлуатаційні дані 2017;exact_piketage_from_source;data.gov.ua / Укравтодор;набір техніко-експлуатаційного стану доріг;Дані щодо техніко-експлуатаційного стану автомобільних доріг державного значення;2017;https://data.gov.ua/dataset/beca8aa5-96a9-46be-ade7-f1b400213af5;;Категорія міститься безпосередньо у вихідній таблиці показників дороги.;high;original_source_geometry;координати вихідного набору 2017;Зчеплення_Житомир_М_2017.xlsx | М-21_пр | rows 46-46;"Базовий загальноукраїнський шар; категорія може відрізнятися від пізніших реконструкцій.";False
BASE2017-00253;Житомирська;М-21;Житомир - Могилів-Подільський;державного значення;III;3;;42+000;53+397;42000;53397;11.397;експлуатаційні дані 2017;exact_piketage_from_source;data.gov.ua / Укравтодор;набір техніко-експлуатаційного стану доріг;Дані щодо техніко-експлуатаційного стану автомобільних доріг державного значення;2017;https://data.gov.ua/dataset/beca8aa5-96a9-46be-ade7-f1b400213af5;;Категорія міститься безпосередньо у вихідній таблиці показників дороги.;high;original_source_geometry;координати вихідного набору 2017;Зчеплення_Житомир_М_2017.xlsx | М-21_пр | rows 47-58;"Базовий загальноукраїнський шар; категорія може відрізнятися від пізніших реконструкцій.";False
BASE2017-00254;Житомирська;М-21;Під'їзд до м.Бердичів;державного значення;II;2;;0+000;2+000;0;2000;2.0;експлуатаційні дані 2017;exact_piketage_from_source;data.gov.ua / Укравтодор;набір техніко-експлуатаційного стану доріг;Дані щодо техніко-експлуатаційного стану автомобільних доріг державного значення;2017;https://data.gov.ua/dataset/beca8aa5-96a9-46be-ade7-f1b400213af5;;Категорія міститься безпосередньо у вихідній таблиці показників дороги.;high;original_source_geometry;координати вихідного набору 2017;Зчеплення_Житомир_М_2017.xlsx | М-21 П1_пр | rows 9-10;"Базовий загальноукраїнський шар; категорія може відрізнятися від пізніших реконструкцій.";False
BASE2017-00255;Житомирська;М-21;Під'їзд до м.Бердичів;державного значення;I;1;;2+000;2+290;2000;2290;0.29;експлуатаційні дані 2017;exact_piketage_from_source;data.gov.ua / Укравтодор;набір техніко-експлуатаційного стану доріг;Дані щодо техніко-експлуатаційного стану автомобільних доріг державного значення;2017;https://data.gov.ua/dataset/beca8aa5-96a9-46be-ade7-f1b400213af5;;Категорія міститься безпосередньо у вихідній таблиці показників дороги.;high;original_source_geometry;координати вихідного набору 2017;Зчеплення_Житомир_М_2017.xlsx | М-21 П1_пр | rows 11-12;"Базовий загальноукраїнський шар; категорія може відрізнятися від пізніших реконструкцій.";False
BASE2017-00256;Житомирська;М-21;Під'їзд до м.Бердичів;державного значення;I;1;;2+290;3+740;2290;3740;1.45;експлуатаційні дані 2017;exact_piketage_from_source;data.gov.ua / Укравтодор;набір техніко-експлуатаційного стану доріг;Дані щодо техніко-експлуатаційного стану автомобільних доріг державного значення;2017;https://data.gov.ua/dataset/beca8aa5-96a9-46be-ade7-f1b400213af5;;Категорія міститься безпосередньо у вихідній таблиці показників дороги.;high;original_source_geometry;координати вихідного набору 2017;Зчеплення_Житомир_М_2017.xlsx | М-21 П1_пр | rows 11-12;"Базовий загальноукраїнський шар; категорія може відрізнятися від пізніших реконструкцій.";False
BASE2017-00257;Житомирська;М-21;Під'їзд до м.Бердичів;державного значення;II;2;;0+000;2+290;0;2290;2.29;експлуатаційні дані 2017;exact_piketage_from_source;data.gov.ua / Укравтодор;набір техніко-експлуатаційного стану доріг;Дані щодо техніко-експлуатаційного стану автомобільних доріг державного значення;2017;https://data.gov.ua/dataset/beca8aa5-96a9-46be-ade7-f1b400213af5;;Категорія міститься безпосередньо у вихідній таблиці показників дороги.;high;original_source_geometry;координати вихідного набору 2017;Зчеплення_Житомир_М_2017.xlsx | М-21 П2_пр | rows 9-12;"Базовий загальноукраїнський шар; категорія може відрізнятися від пізніших реконструкцій.";False
BASE2017-00258;Житомирська;М-21;Під'їзд до м.Бердичів;державного значення;II;2;;2+290;3+972;2290;3972;1.682;експлуатаційні дані 2017;exact_piketage_from_source;data.gov.ua / Укравтодор;набір техніко-експлуатаційного стану доріг;Дані щодо техніко-експлуатаційного стану автомобільних доріг державного значення;2017;https://data.gov.ua/dataset/beca8aa5-96a9-46be-ade7-f1b400213af5;;Категорія міститься безпосередньо у вихідній таблиці показників дороги.;high;original_source_geometry;координати вихідного набору 2017;Зчеплення_Житомир_М_2017.xlsx | М-21 П2_пр | rows 9-12;"Базовий загальноукраїнський шар; категорія може відрізнятися від пізніших реконструкцій.";False
BASE2017-00259;Житомирська;Н-03;Житомир - Чернівці;державного значення;III;3;;4+380;4+604;4380;4604;0.224;експлуатаційні дані 2017;exact_piketage_from_source;data.gov.ua / Укравтодор;набір техніко-експлуатаційного стану доріг;Дані щодо техніко-експлуатаційного стану автомобільних доріг державного значення;2017;https://data.gov.ua/dataset/beca8aa5-96a9-46be-ade7-f1b400213af5;;Категорія міститься безпосередньо у вихідній таблиці показників дороги.;high;original_source_geometry;координати вихідного набору 2017;Зчеплення_Житомир_Н_Р_2017.xlsx | Н-03_пр | rows 9-9;"Базовий загальноукраїнський шар; категорія може відрізнятися від пізніших реконструкцій.";False
BASE2017-00260;Житомирська;Н-03;Житомир - Чернівці;державного значення;III;3;;4+604;5+000;4604;5000;0.396;експлуатаційні дані 2017;exact_piketage_from_source;data.gov.ua / Укравтодор;набір техніко-експлуатаційного стану доріг;Дані щодо техніко-експлуатаційного стану автомобільних доріг державного значення;2017;https://data.gov.ua/dataset/beca8aa5-96a9-46be-ade7-f1b400213af5;;Категорія міститься безпосередньо у вихідній таблиці показників дороги.;high;original_source_geometry;координати вихідного набору 2017;Зчеплення_Житомир_Н_Р_2017.xlsx | Н-03_пр | rows 9-9;"Базовий загальноукраїнський шар; категорія може відрізнятися від пізніших реконструкцій.";False
BASE2017-00261;Житомирська;Н-03;Житомир - Чернівці;державного значення;II;2;;5+000;6+000;5000;6000;1.0;експлуатаційні дані 2017;exact_piketage_from_source;data.gov.ua / Укравтодор;набір техніко-експлуатаційного стану доріг;Дані щодо техніко-експлуатаційного стану автомобільних доріг державного значення;2017;https://data.gov.ua/dataset/beca8aa5-96a9-46be-ade7-f1b400213af5;;Категорія міститься безпосередньо у вихідній таблиці показників дороги.;high;original_source_geometry;координати вихідного набору 2017;Зчеплення_Житомир_Н_Р_2017.xlsx | Н-03_пр | rows 10-10;"Базовий загальноукраїнський шар; категорія може відрізнятися від пізніших реконструкцій.";False
BASE2017-00262;Житомирська;Н-03;Житомир - Чернівці;державного значення;IV;4;;6+000;7+000;6000;7000;1.0;експлуатаційні дані 2017;exact_piketage_from_source;data.gov.ua / Укравтодор;набір техніко-експлуатаційного стану доріг;Дані щодо техніко-експлуатаційного стану автомобільних доріг державного значення;2017;https://data.gov.ua/dataset/beca8aa5-96a9-46be-ade7-f1b400213af5;;Категорія міститься безпосередньо у вихідній таблиці показників дороги.;high;original_source_geometry;координати вихідного набору 2017;Зчеплення_Житомир_Н_Р_2017.xlsx | Н-03_пр | rows 11-11;"Базовий загальноукраїнський шар; категорія може відрізнятися від пізніших реконструкцій.";False
BASE2017-00263;Житомирська;Н-03;Житомир - Чернівці;державного значення;III;3;;7+000;7+640;7000;7640;0.64;експлуатаційні дані 2017;exact_piketage_from_source;data.gov.ua / Укравтодор;набір техніко-експлуатаційного стану доріг;Дані щодо техніко-експлуатаційного стану автомобільних доріг державного значення;2017;https://data.gov.ua/dataset/beca8aa5-96a9-46be-ade7-f1b400213af5;;Категорія міститься безпосередньо у вихідній таблиці показників дороги.;high;original_source_geometry;координати вихідного набору 2017;Зчеплення_Житомир_Н_Р_2017.xlsx | Н-03_пр | rows 12-12;"Базовий загальноукраїнський шар; категорія може відрізнятися від пізніших реконструкцій.";False
BASE2017-00264;Житомирська;Н-03;Житомир - Чернівці;державного значення;III;3;;7+640;8+000;7640;8000;0.36;експлуатаційні дані 2017;exact_piketage_from_source;data.gov.ua / Укравтодор;набір техніко-експлуатаційного стану доріг;Дані щодо техніко-експлуатаційного стану автомобільних доріг державного значення;2017;https://data.gov.ua/dataset/beca8aa5-96a9-46be-ade7-f1b400213af5;;Категорія міститься безпосередньо у вихідній таблиці показників дороги.;high;original_source_geometry;координати вихідного набору 2017;Зчеплення_Житомир_Н_Р_2017.xlsx | Н-03_пр | rows 12-12;"Базовий загальноукраїнський шар; категорія може відрізнятися від пізніших реконструкцій.";False
BASE2017-00265;Житомирська;Н-03;Житомир - Чернівці;державного значення;II;2;;8+000;36+000;8000;36000;28.0;експлуатаційні дані 2017;exact_piketage_from_source;data.gov.ua / Укравтодор;набір техніко-експлуатаційного стану доріг;Дані щодо техніко-експлуатаційного стану автомобільних доріг державного значення;2017;https://data.gov.ua/dataset/beca8aa5-96a9-46be-ade7-f1b400213af5;;Категорія міститься безпосередньо у вихідній таблиці показників дороги.;high;original_source_geometry;координати вихідного набору 2017;Зчеплення_Житомир_Н_Р_2017.xlsx | Н-03_пр | rows 13-40;"Базовий загальноукраїнський шар; категорія може відрізнятися від пізніших реконструкцій.";False
BASE2017-00266;Житомирська;Н-03;Житомир - Чернівці;державного значення;III;3;;36+000;42+000;36000;42000;6.0;експлуатаційні дані 2017;exact_piketage_from_source;data.gov.ua / Укравтодор;набір техніко-експлуатаційного стану доріг;Дані щодо техніко-експлуатаційного стану автомобільних доріг державного значення;2017;https://data.gov.ua/dataset/beca8aa5-96a9-46be-ade7-f1b400213af5;;Категорія міститься безпосередньо у вихідній таблиці показників дороги.;high;original_source_geometry;координати вихідного набору 2017;Зчеплення_Житомир_Н_Р_2017.xlsx | Н-03_пр | rows 41-46;"Базовий загальноукраїнський шар; категорія може відрізнятися від пізніших реконструкцій.";False
BASE2017-00267;Житомирська;Н-03;Житомир - Чернівці;державного значення;II;2;;42+000;44+000;42000;44000;2.0;експлуатаційні дані 2017;exact_piketage_from_source;data.gov.ua / Укравтодор;набір техніко-експлуатаційного стану доріг;Дані щодо техніко-експлуатаційного стану автомобільних доріг державного значення;2017;https://data.gov.ua/dataset/beca8aa5-96a9-46be-ade7-f1b400213af5;;Категорія міститься безпосередньо у вихідній таблиці показників дороги.;high;original_source_geometry;координати вихідного набору 2017;Зчеплення_Житомир_Н_Р_2017.xlsx | Н-03_пр | rows 47-48;"Базовий загальноукраїнський шар; категорія може відрізнятися від пізніших реконструкцій.";False
BASE2017-00268;Житомирська;Н-03;Житомир - Чернівці;державного значення;III;3;;44+000;45+000;44000;45000;1.0;експлуатаційні дані 2017;exact_piketage_from_source;data.gov.ua / Укравтодор;набір техніко-експлуатаційного стану доріг;Дані щодо техніко-експлуатаційного стану автомобільних доріг державного значення;2017;https://data.gov.ua/dataset/beca8aa5-96a9-46be-ade7-f1b400213af5;;Категорія міститься безпосередньо у вихідній таблиці показників дороги.;high;original_source_geometry;координати вихідного набору 2017;Зчеплення_Житомир_Н_Р_2017.xlsx | Н-03_пр | rows 49-49;"Базовий загальноукраїнський шар; категорія може відрізнятися від пізніших реконструкцій.";False
BASE2017-00269;Житомирська;Н-03;Житомир - Чернівці;державного значення;II;2;;45+000;51+000;45000;51000;6.0;експлуатаційні дані 2017;exact_piketage_from_source;data.gov.ua / Укравтодор;набір техніко-експлуатаційного стану доріг;Дані щодо техніко-експлуатаційного стану автомобільних доріг державного значення;2017;https://data.gov.ua/dataset/beca8aa5-96a9-46be-ade7-f1b400213af5;;Категорія міститься безпосередньо у вихідній таблиці показників дороги.;high;original_source_geometry;координати вихідного набору 2017;Зчеплення_Житомир_Н_Р_2017.xlsx | Н-03_пр | rows 50-55;"Базовий загальноукраїнський шар; категорія може відрізнятися від пізніших реконструкцій.";False
BASE2017-00270;Житомирська;Н-03;Житомир - Чернівці;державного значення;III;3;;51+000;52+000;51000;52000;1.0;експлуатаційні дані 2017;exact_piketage_from_source;data.gov.ua / Укравтодор;набір техніко-експлуатаційного стану доріг;Дані щодо техніко-експлуатаційного стану автомобільних доріг державного значення;2017;https://data.gov.ua/dataset/beca8aa5-96a9-46be-ade7-f1b400213af5;;Категорія міститься безпосередньо у вихідній таблиці показників дороги.;high;original_source_geometry;координати вихідного набору 2017;Зчеплення_Житомир_Н_Р_2017.xlsx | Н-03_пр | rows 56-56;"Базовий загальноукраїнський шар; категорія може відрізнятися від пізніших реконструкцій.";False
BASE2017-00271;Житомирська;Н-03;Житомир - Чернівці;державного значення;II;2;;52+000;54+000;52000;54000;2.0;експлуатаційні дані 2017;exact_piketage_from_source;data.gov.ua / Укравтодор;набір техніко-експлуатаційного стану доріг;Дані щодо техніко-експлуатаційного стану автомобільних доріг державного значення;2017;https://data.gov.ua/dataset/beca8aa5-96a9-46be-ade7-f1b400213af5;;Категорія міститься безпосередньо у вихідній таблиці показників дороги.;high;original_source_geometry;координати вихідного набору 2017;Зчеплення_Житомир_Н_Р_2017.xlsx | Н-03_пр | rows 57-58;"Базовий загальноукраїнський шар; категорія може відрізнятися від пізніших реконструкцій.";False
BASE2017-00272;Житомирська;Н-03;Житомир - Чернівці;державного значення;III;3;;54+000;57+000;54000;57000;3.0;експлуатаційні дані 2017;exact_piketage_from_source;data.gov.ua / Укравтодор;набір техніко-експлуатаційного стану доріг;Дані щодо техніко-експлуатаційного стану автомобільних доріг державного значення;2017;https://data.gov.ua/dataset/beca8aa5-96a9-46be-ade7-f1b400213af5;;Категорія міститься безпосередньо у вихідній таблиці показників дороги.;high;original_source_geometry;координати вихідного набору 2017;Зчеплення_Житомир_Н_Р_2017.xlsx | Н-03_пр | rows 59-61;"Базовий загальноукраїнський шар; категорія може відрізнятися від пізніших реконструкцій.";False
BASE2017-00273;Житомирська;Н-03;Житомир - Чернівці;державного значення;IV;4;;57+000;58+000;57000;58000;1.0;експлуатаційні дані 2017;exact_piketage_from_source;data.gov.ua / Укравтодор;набір техніко-експлуатаційного стану доріг;Дані щодо техніко-експлуатаційного стану автомобільних доріг державного значення;2017;https://data.gov.ua/dataset/beca8aa5-96a9-46be-ade7-f1b400213af5;;Категорія міститься безпосередньо у вихідній таблиці показників дороги.;high;original_source_geometry;координати вихідного набору 2017;Зчеплення_Житомир_Н_Р_2017.xlsx | Н-03_пр | rows 62-62;"Базовий загальноукраїнський шар; категорія може відрізнятися від пізніших реконструкцій.";False
BASE2017-00274;Житомирська;Н-03;Житомир - Чернівці;державного значення;III;3;;58+000;59+000;58000;59000;1.0;експлуатаційні дані 2017;exact_piketage_from_source;data.gov.ua / Укравтодор;набір техніко-експлуатаційного стану доріг;Дані щодо техніко-експлуатаційного стану автомобільних доріг державного значення;2017;https://data.gov.ua/dataset/beca8aa5-96a9-46be-ade7-f1b400213af5;;Категорія міститься безпосередньо у вихідній таблиці показників дороги.;high;original_source_geometry;координати вихідного набору 2017;Зчеплення_Житомир_Н_Р_2017.xlsx | Н-03_пр | rows 63-63;"Базовий загальноукраїнський шар; категорія може відрізнятися від пізніших реконструкцій.";False
BASE2017-00275;Житомирська;Н-03;Житомир - Чернівці;державного значення;IV;4;;59+000;63+000;59000;63000;4.0;експлуатаційні дані 2017;exact_piketage_from_source;data.gov.ua / Укравтодор;набір техніко-експлуатаційного стану доріг;Дані щодо техніко-експлуатаційного стану автомобільних доріг державного значення;2017;https://data.gov.ua/dataset/beca8aa5-96a9-46be-ade7-f1b400213af5;;Категорія міститься безпосередньо у вихідній таблиці показників дороги.;high;original_source_geometry;координати вихідного набору 2017;Зчеплення_Житомир_Н_Р_2017.xlsx | Н-03_пр | rows 64-67;"Базовий загальноукраїнський шар; категорія може відрізнятися від пізніших реконструкцій.";False
BASE2017-00276;Житомирська;Н-03;Житомир - Чернівці;державного значення;III;3;;63+000;64+000;63000;64000;1.0;експлуатаційні дані 2017;exact_piketage_from_source;data.gov.ua / Укравтодор;набір техніко-експлуатаційного стану доріг;Дані щодо техніко-експлуатаційного стану автомобільних доріг державного значення;2017;https://data.gov.ua/dataset/beca8aa5-96a9-46be-ade7-f1b400213af5;;Категорія міститься безпосередньо у вихідній таблиці показників дороги.;high;original_source_geometry;координати вихідного набору 2017;Зчеплення_Житомир_Н_Р_2017.xlsx | Н-03_пр | rows 68-68;"Базовий загальноукраїнський шар; категорія може відрізнятися від пізніших реконструкцій.";False
BASE2017-00277;Житомирська;Н-03;Житомир - Чернівці;державного значення;IV;4;;64+000;65+000;64000;65000;1.0;експлуатаційні дані 2017;exact_piketage_from_source;data.gov.ua / Укравтодор;набір техніко-експлуатаційного стану доріг;Дані щодо техніко-експлуатаційного стану автомобільних доріг державного значення;2017;https://data.gov.ua/dataset/beca8aa5-96a9-46be-ade7-f1b400213af5;;Категорія міститься безпосередньо у вихідній таблиці показників дороги.;high;original_source_geometry;координати вихідного набору 2017;Зчеплення_Житомир_Н_Р_2017.xlsx | Н-03_пр | rows 69-69;"Базовий загальноукраїнський шар; категорія може відрізнятися від пізніших реконструкцій.";False
BASE2017-00278;Житомирська;Н-03;Житомир - Чернівці;державного значення;III;3;;65+000;76+000;65000;76000;11.0;експлуатаційні дані 2017;exact_piketage_from_source;data.gov.ua / Укравтодор;набір техніко-експлуатаційного стану доріг;Дані щодо техніко-експлуатаційного стану автомобільних доріг державного значення;2017;https://data.gov.ua/dataset/beca8aa5-96a9-46be-ade7-f1b400213af5;;Категорія міститься безпосередньо у вихідній таблиці показників дороги.;high;original_source_geometry;координати вихідного набору 2017;Зчеплення_Житомир_Н_Р_2017.xlsx | Н-03_пр | rows 70-80;"Базовий загальноукраїнський шар; категорія може відрізнятися від пізніших реконструкцій.";False
BASE2017-00279;Житомирська;Н-03;Житомир - Чернівці;державного значення;IV;4;;76+000;77+000;76000;77000;1.0;експлуатаційні дані 2017;exact_piketage_from_source;data.gov.ua / Укравтодор;набір техніко-експлуатаційного стану доріг;Дані щодо техніко-експлуатаційного стану автомобільних доріг державного значення;2017;https://data.gov.ua/dataset/beca8aa5-96a9-46be-ade7-f1b400213af5;;Категорія міститься безпосередньо у вихідній таблиці показників дороги.;high;original_source_geometry;координати вихідного набору 2017;Зчеплення_Житомир_Н_Р_2017.xlsx | Н-03_пр | rows 81-81;"Базовий загальноукраїнський шар; категорія може відрізнятися від пізніших реконструкцій.";False
BASE2017-00280;Житомирська;Н-03;Житомир - Чернівці;державного значення;II;2;;77+000;95+804;77000;95804;18.804;експлуатаційні дані 2017;exact_piketage_from_source;data.gov.ua / Укравтодор;набір техніко-експлуатаційного стану доріг;Дані щодо техніко-експлуатаційного стану автомобільних доріг державного значення;2017;https://data.gov.ua/dataset/beca8aa5-96a9-46be-ade7-f1b400213af5;;Категорія міститься безпосередньо у вихідній таблиці показників дороги.;high;original_source_geometry;координати вихідного набору 2017;Зчеплення_Житомир_Н_Р_2017.xlsx | Н-03_пр | rows 82-100;"Базовий загальноукраїнський шар; категорія може відрізнятися від пізніших реконструкцій.";False
BASE2017-00281;Житомирська;Р-02;Київ - Іванків - Овруч;державного значення;II;2;;139+860;139+000;139860;139000;-0.86;експлуатаційні дані 2017;exact_piketage_from_source;data.gov.ua / Укравтодор;набір техніко-експлуатаційного стану доріг;Дані щодо техніко-експлуатаційного стану автомобільних доріг державного значення;2017;https://data.gov.ua/dataset/beca8aa5-96a9-46be-ade7-f1b400213af5;;Категорія міститься безпосередньо у вихідній таблиці показників дороги.;high;original_source_geometry;координати вихідного набору 2017;Зчеплення_Житомир_Н_Р_2017.xlsx | Р-02_пр | rows 9-9;"Базовий загальноукраїнський шар; категорія може відрізнятися від пізніших реконструкцій.";False
BASE2017-00282;Житомирська;Р-02;Київ - Іванків - Овруч;державного значення;III;3;;183+000;183+159;183000;183159;0.159;експлуатаційні дані 2017;exact_piketage_from_source;data.gov.ua / Укравтодор;набір техніко-експлуатаційного стану доріг;Дані щодо техніко-експлуатаційного стану автомобільних доріг державного значення;2017;https://data.gov.ua/dataset/beca8aa5-96a9-46be-ade7-f1b400213af5;;Категорія міститься безпосередньо у вихідній таблиці показників дороги.;high;original_source_geometry;координати вихідного набору 2017;Зчеплення_Житомир_Н_Р_2017.xlsx | Р-02_пр | rows 53-53;"Базовий загальноукраїнський шар; категорія може відрізнятися від пізніших реконструкцій.";False
BASE2017-00283;Житомирська;Р-18;Житомир - Попільня - Сквира - Володарка - Ставище;державного значення;II;2;;4+222;7+000;4222;7000;2.778;експлуатаційні дані 2017;exact_piketage_from_source;data.gov.ua / Укравтодор;набір техніко-експлуатаційного стану доріг;Дані щодо техніко-експлуатаційного стану автомобільних доріг державного значення;2017;https://data.gov.ua/dataset/beca8aa5-96a9-46be-ade7-f1b400213af5;;Категорія міститься безпосередньо у вихідній таблиці показників дороги.;high;original_source_geometry;координати вихідного набору 2017;Зчеплення_Житомир_Н_Р_2017.xlsx | Р-18_пр | rows 9-11;"Базовий загальноукраїнський шар; категорія може відрізнятися від пізніших реконструкцій.";False
BASE2017-00284;Житомирська;Р-18;Житомир - Попільня - Сквира - Володарка - Ставище;державного значення;III;3;;7+000;10+000;7000;10000;3.0;експлуатаційні дані 2017;exact_piketage_from_source;data.gov.ua / Укравтодор;набір техніко-експлуатаційного стану доріг;Дані щодо техніко-експлуатаційного стану автомобільних доріг державного значення;2017;https://data.gov.ua/dataset/beca8aa5-96a9-46be-ade7-f1b400213af5;;Категорія міститься безпосередньо у вихідній таблиці показників дороги.;high;original_source_geometry;координати вихідного набору 2017;Зчеплення_Житомир_Н_Р_2017.xlsx | Р-18_пр | rows 12-14;"Базовий загальноукраїнський шар; категорія може відрізнятися від пізніших реконструкцій.";False
BASE2017-00285;Житомирська;Р-18;Житомир - Попільня - Сквира - Володарка - Ставище;державного значення;II;2;;10+000;10+300;10000;10300;0.3;експлуатаційні дані 2017;exact_piketage_from_source;data.gov.ua / Укравтодор;набір техніко-експлуатаційного стану доріг;Дані щодо техніко-експлуатаційного стану автомобільних доріг державного значення;2017;https://data.gov.ua/dataset/beca8aa5-96a9-46be-ade7-f1b400213af5;;Категорія міститься безпосередньо у вихідній таблиці показників дороги.;high;original_source_geometry;координати вихідного набору 2017;Зчеплення_Житомир_Н_Р_2017.xlsx | Р-18_пр | rows 15-15;"Базовий загальноукраїнський шар; категорія може відрізнятися від пізніших реконструкцій.";False
BASE2017-00286;Житомирська;Р-18;Житомир - Попільня - Сквира - Володарка - Ставище;державного значення;II;2;;10+300;11+000;10300;11000;0.7;експлуатаційні дані 2017;exact_piketage_from_source;data.gov.ua / Укравтодор;набір техніко-експлуатаційного стану доріг;Дані щодо техніко-експлуатаційного стану автомобільних доріг державного значення;2017;https://data.gov.ua/dataset/beca8aa5-96a9-46be-ade7-f1b400213af5;;Категорія міститься безпосередньо у вихідній таблиці показників дороги.;high;original_source_geometry;координати вихідного набору 2017;Зчеплення_Житомир_Н_Р_2017.xlsx | Р-18_пр | rows 15-15;"Базовий загальноукраїнський шар; категорія може відрізнятися від пізніших реконструкцій.";False
BASE2017-00287;Житомирська;Р-18;Житомир - Попільня - Сквира - Володарка - Ставище;державного значення;III;3;;11+000;16+000;11000;16000;5.0;експлуатаційні дані 2017;exact_piketage_from_source;data.gov.ua / Укравтодор;набір техніко-експлуатаційного стану доріг;Дані щодо техніко-експлуатаційного стану автомобільних доріг державного значення;2017;https://data.gov.ua/dataset/beca8aa5-96a9-46be-ade7-f1b400213af5;;Категорія міститься безпосередньо у вихідній таблиці показників дороги.;high;original_source_geometry;координати вихідного набору 2017;Зчеплення_Житомир_Н_Р_2017.xlsx | Р-18_пр | rows 16-20;"Базовий загальноукраїнський шар; категорія може відрізнятися від пізніших реконструкцій.";False
BASE2017-00288;Житомирська;Р-18;Житомир - Попільня - Сквира - Володарка - Ставище;державного значення;II;2;;16+000;22+000;16000;22000;6.0;експлуатаційні дані 2017;exact_piketage_from_source;data.gov.ua / Укравтодор;набір техніко-експлуатаційного стану доріг;Дані щодо техніко-експлуатаційного стану автомобільних доріг державного значення;2017;https://data.gov.ua/dataset/beca8aa5-96a9-46be-ade7-f1b400213af5;;Категорія міститься безпосередньо у вихідній таблиці показників дороги.;high;original_source_geometry;координати вихідного набору 2017;Зчеплення_Житомир_Н_Р_2017.xlsx | Р-18_пр | rows 21-26;"Базовий загальноукраїнський шар; категорія може відрізнятися від пізніших реконструкцій.";False
BASE2017-00289;Житомирська;Р-18;Житомир - Попільня - Сквира - Володарка - Ставище;державного значення;III;3;;22+000;23+000;22000;23000;1.0;експлуатаційні дані 2017;exact_piketage_from_source;data.gov.ua / Укравтодор;набір техніко-експлуатаційного стану доріг;Дані щодо техніко-експлуатаційного стану автомобільних доріг державного значення;2017;https://data.gov.ua/dataset/beca8aa5-96a9-46be-ade7-f1b400213af5;;Категорія міститься безпосередньо у вихідній таблиці показників дороги.;high;original_source_geometry;координати вихідного набору 2017;Зчеплення_Житомир_Н_Р_2017.xlsx | Р-18_пр | rows 27-27;"Базовий загальноукраїнський шар; категорія може відрізнятися від пізніших реконструкцій.";False
BASE2017-00290;Житомирська;Р-18;Житомир - Попільня - Сквира - Володарка - Ставище;державного значення;II;2;;23+000;65+000;23000;65000;42.0;експлуатаційні дані 2017;exact_piketage_from_source;data.gov.ua / Укравтодор;набір техніко-експлуатаційного стану доріг;Дані щодо техніко-експлуатаційного стану автомобільних доріг державного значення;2017;https://data.gov.ua/dataset/beca8aa5-96a9-46be-ade7-f1b400213af5;;Категорія міститься безпосередньо у вихідній таблиці показників дороги.;high;original_source_geometry;координати вихідного набору 2017;Зчеплення_Житомир_Н_Р_2017.xlsx | Р-18_пр | rows 28-69;"Базовий загальноукраїнський шар; категорія може відрізнятися від пізніших реконструкцій.";False
BASE2017-00291;Житомирська;Р-18;Житомир - Попільня - Сквира - Володарка - Ставище;державного значення;IV;4;;65+000;69+000;65000;69000;4.0;експлуатаційні дані 2017;exact_piketage_from_source;data.gov.ua / Укравтодор;набір техніко-експлуатаційного стану доріг;Дані щодо техніко-експлуатаційного стану автомобільних доріг державного значення;2017;https://data.gov.ua/dataset/beca8aa5-96a9-46be-ade7-f1b400213af5;;Категорія міститься безпосередньо у вихідній таблиці показників дороги.;high;original_source_geometry;координати вихідного набору 2017;Зчеплення_Житомир_Н_Р_2017.xlsx | Р-18_пр | rows 70-73;"Базовий загальноукраїнський шар; категорія може відрізнятися від пізніших реконструкцій.";False
BASE2017-00292;Житомирська;Р-18;Житомир - Попільня - Сквира - Володарка - Ставище;державного значення;III;3;;69+000;74+000;69000;74000;5.0;експлуатаційні дані 2017;exact_piketage_from_source;data.gov.ua / Укравтодор;набір техніко-експлуатаційного стану доріг;Дані щодо техніко-експлуатаційного стану автомобільних доріг державного значення;2017;https://data.gov.ua/dataset/beca8aa5-96a9-46be-ade7-f1b400213af5;;Категорія міститься безпосередньо у вихідній таблиці показників дороги.;high;original_source_geometry;координати вихідного набору 2017;Зчеплення_Житомир_Н_Р_2017.xlsx | Р-18_пр | rows 74-78;"Базовий загальноукраїнський шар; категорія може відрізнятися від пізніших реконструкцій.";False
BASE2017-00293;Житомирська;Р-18;Житомир - Попільня - Сквира - Володарка - Ставище;державного значення;IV;4;;74+000;76+000;74000;76000;2.0;експлуатаційні дані 2017;exact_piketage_from_source;data.gov.ua / Укравтодор;набір техніко-експлуатаційного стану доріг;Дані щодо техніко-експлуатаційного стану автомобільних доріг державного значення;2017;https://data.gov.ua/dataset/beca8aa5-96a9-46be-ade7-f1b400213af5;;Категорія міститься безпосередньо у вихідній таблиці показників дороги.;high;original_source_geometry;координати вихідного набору 2017;Зчеплення_Житомир_Н_Р_2017.xlsx | Р-18_пр | rows 79-80;"Базовий загальноукраїнський шар; категорія може відрізнятися від пізніших реконструкцій.";False
BASE2017-00294;Житомирська;Р-18;Житомир - Попільня - Сквира - Володарка - Ставище;державного значення;III;3;;76+000;86+000;76000;86000;10.0;експлуатаційні дані 2017;exact_piketage_from_source;data.gov.ua / Укравтодор;набір техніко-експлуатаційного стану доріг;Дані щодо техніко-експлуатаційного стану автомобільних доріг державного значення;2017;https://data.gov.ua/dataset/beca8aa5-96a9-46be-ade7-f1b400213af5;;Категорія міститься безпосередньо у вихідній таблиці показників дороги.;high;original_source_geometry;координати вихідного набору 2017;Зчеплення_Житомир_Н_Р_2017.xlsx | Р-18_пр | rows 81-90;"Базовий загальноукраїнський шар; категорія може відрізнятися від пізніших реконструкцій.";False
BASE2017-00295;Житомирська;Р-18;Житомир - Попільня - Сквира - Володарка - Ставище;державного значення;II;2;;86+000;87+000;86000;87000;1.0;експлуатаційні дані 2017;exact_piketage_from_source;data.gov.ua / Укравтодор;набір техніко-експлуатаційного стану доріг;Дані щодо техніко-експлуатаційного стану автомобільних доріг державного значення;2017;https://data.gov.ua/dataset/beca8aa5-96a9-46be-ade7-f1b400213af5;;Категорія міститься безпосередньо у вихідній таблиці показників дороги.;high;original_source_geometry;координати вихідного набору 2017;Зчеплення_Житомир_Н_Р_2017.xlsx | Р-18_пр | rows 91-91;"Базовий загальноукраїнський шар; категорія може відрізнятися від пізніших реконструкцій.";False
BASE2017-00296;Житомирська;Р-18;Житомир - Попільня - Сквира - Володарка - Ставище;державного значення;III;3;;87+000;88+335;87000;88335;1.335;експлуатаційні дані 2017;exact_piketage_from_source;data.gov.ua / Укравтодор;набір техніко-експлуатаційного стану доріг;Дані щодо техніко-експлуатаційного стану автомобільних доріг державного значення;2017;https://data.gov.ua/dataset/beca8aa5-96a9-46be-ade7-f1b400213af5;;Категорія міститься безпосередньо у вихідній таблиці показників дороги.;high;original_source_geometry;координати вихідного набору 2017;Зчеплення_Житомир_Н_Р_2017.xlsx | Р-18_пр | rows 92-93;"Базовий загальноукраїнський шар; категорія може відрізнятися від пізніших реконструкцій.";False
BASE2017-00297;Житомирська;Р-28;Виступовичі (на м.Мозир) - Житомир (через м.Овруч);державного значення;II;2;;0+000;87+993;0;87993;87.993;експлуатаційні дані 2017;exact_piketage_from_source;data.gov.ua / Укравтодор;набір техніко-експлуатаційного стану доріг;Дані щодо техніко-експлуатаційного стану автомобільних доріг державного значення;2017;https://data.gov.ua/dataset/beca8aa5-96a9-46be-ade7-f1b400213af5;;Категорія міститься безпосередньо у вихідній таблиці показників дороги.;high;original_source_geometry;координати вихідного набору 2017;Зчеплення_Житомир_Н_Р_2017.xlsx | Р-28_пр | rows 9-96;"Базовий загальноукраїнський шар; категорія може відрізнятися від пізніших реконструкцій.";False
BASE2017-00298;Житомирська;Р-28;Виступовичі (на м.Мозир) - Житомир (через м.Овруч);державного значення;II;2;;97+600;173+000;97600;173000;75.4;експлуатаційні дані 2017;exact_piketage_from_source;data.gov.ua / Укравтодор;набір техніко-експлуатаційного стану доріг;Дані щодо техніко-експлуатаційного стану автомобільних доріг державного значення;2017;https://data.gov.ua/dataset/beca8aa5-96a9-46be-ade7-f1b400213af5;;Категорія міститься безпосередньо у вихідній таблиці показників дороги.;high;original_source_geometry;координати вихідного набору 2017;Зчеплення_Житомир_Н_Р_2017.xlsx | Р-28_пр | rows 98-173;"Базовий загальноукраїнський шар; категорія може відрізнятися від пізніших реконструкцій.";False
BASE2017-00299;Житомирська;Р-31;Бердичів - Хмільник - Літин - (до автодороги М-12);державного значення;III;3;;2+320;4+000;2320;4000;1.68;експлуатаційні дані 2017;exact_piketage_from_source;data.gov.ua / Укравтодор;набір техніко-експлуатаційного стану доріг;Дані щодо техніко-експлуатаційного стану автомобільних доріг державного значення;2017;https://data.gov.ua/dataset/beca8aa5-96a9-46be-ade7-f1b400213af5;;Категорія міститься безпосередньо у вихідній таблиці показників дороги.;high;original_source_geometry;координати вихідного набору 2017;Зчеплення_Житомир_Н_Р_2017.xlsx | Р-31_пр | rows 9-10;"Базовий загальноукраїнський шар; категорія може відрізнятися від пізніших реконструкцій.";False
BASE2017-00300;Житомирська;Р-31;Бердичів - Хмільник - Літин - (до автодороги М-12);державного значення;II;2;;4+000;5+000;4000;5000;1.0;експлуатаційні дані 2017;exact_piketage_from_source;data.gov.ua / Укравтодор;набір техніко-експлуатаційного стану доріг;Дані щодо техніко-експлуатаційного стану автомобільних доріг державного значення;2017;https://data.gov.ua/dataset/beca8aa5-96a9-46be-ade7-f1b400213af5;;Категорія міститься безпосередньо у вихідній таблиці показників дороги.;high;original_source_geometry;координати вихідного набору 2017;Зчеплення_Житомир_Н_Р_2017.xlsx | Р-31_пр | rows 11-11;"Базовий загальноукраїнський шар; категорія може відрізнятися від пізніших реконструкцій.";False
BASE2017-00301;Житомирська;Р-31;Бердичів - Хмільник - Літин - (до автодороги М-12);державного значення;III;3;;5+000;6+000;5000;6000;1.0;експлуатаційні дані 2017;exact_piketage_from_source;data.gov.ua / Укравтодор;набір техніко-експлуатаційного стану доріг;Дані щодо техніко-експлуатаційного стану автомобільних доріг державного значення;2017;https://data.gov.ua/dataset/beca8aa5-96a9-46be-ade7-f1b400213af5;;Категорія міститься безпосередньо у вихідній таблиці показників дороги.;high;original_source_geometry;координати вихідного набору 2017;Зчеплення_Житомир_Н_Р_2017.xlsx | Р-31_пр | rows 12-12;"Базовий загальноукраїнський шар; категорія може відрізнятися від пізніших реконструкцій.";False
BASE2017-00302;Житомирська;Р-31;Бердичів - Хмільник - Літин - (до автодороги М-12);державного значення;II;2;;6+000;9+000;6000;9000;3.0;експлуатаційні дані 2017;exact_piketage_from_source;data.gov.ua / Укравтодор;набір техніко-експлуатаційного стану доріг;Дані щодо техніко-експлуатаційного стану автомобільних доріг державного значення;2017;https://data.gov.ua/dataset/beca8aa5-96a9-46be-ade7-f1b400213af5;;Категорія міститься безпосередньо у вихідній таблиці показників дороги.;high;original_source_geometry;координати вихідного набору 2017;Зчеплення_Житомир_Н_Р_2017.xlsx | Р-31_пр | rows 13-15;"Базовий загальноукраїнський шар; категорія може відрізнятися від пізніших реконструкцій.";False
BASE2017-00303;Житомирська;Р-31;Бердичів - Хмільник - Літин - (до автодороги М-12);державного значення;I;1;;9+000;23+065;9000;23065;14.065;експлуатаційні дані 2017;exact_piketage_from_source;data.gov.ua / Укравтодор;набір техніко-експлуатаційного стану доріг;Дані щодо техніко-експлуатаційного стану автомобільних доріг державного значення;2017;https://data.gov.ua/dataset/beca8aa5-96a9-46be-ade7-f1b400213af5;;Категорія міститься безпосередньо у вихідній таблиці показників дороги.;high;original_source_geometry;координати вихідного набору 2017;Зчеплення_Житомир_Н_Р_2017.xlsx | Р-31_пр | rows 16-30;"Базовий загальноукраїнський шар; категорія може відрізнятися від пізніших реконструкцій.";False
BASE2017-00304;Житомирська;Р-32;Кременець - Біла Церква - Ржищів (з під'їздом до м.Біла Церква);державного значення;III;3;;137+540;149+708;137540;149708;12.168;експлуатаційні дані 2017;exact_piketage_from_source;data.gov.ua / Укравтодор;набір техніко-експлуатаційного стану доріг;Дані щодо техніко-експлуатаційного стану автомобільних доріг державного значення;2017;https://data.gov.ua/dataset/beca8aa5-96a9-46be-ade7-f1b400213af5;;Категорія міститься безпосередньо у вихідній таблиці показників дороги.;high;original_source_geometry;координати вихідного набору 2017;Зчеплення_Житомир_Н_Р_2017.xlsx | Р-32_пр | rows 9-21;"Базовий загальноукраїнський шар; категорія може відрізнятися від пізніших реконструкцій.";False
BASE2017-00305;Житомирська;Р-32;Кременець - Біла Церква - Ржищів (з під'їздом до м.Біла Церква);державного значення;III;3;;153+000;153+036;153000;153036;0.036;експлуатаційні дані 2017;exact_piketage_from_source;data.gov.ua / Укравтодор;набір техніко-експлуатаційного стану доріг;Дані щодо техніко-експлуатаційного стану автомобільних доріг державного значення;2017;https://data.gov.ua/dataset/beca8aa5-96a9-46be-ade7-f1b400213af5;;Категорія міститься безпосередньо у вихідній таблиці показників дороги.;high;original_source_geometry;координати вихідного набору 2017;Зчеплення_Житомир_Н_Р_2017.xlsx | Р-32_пр | rows 23-58;"Базовий загальноукраїнський шар; категорія може відрізнятися від пізніших реконструкцій.";False
BASE2017-00306;Житомирська;Р-32;Кременець - Біла Церква - Ржищів (з під'їздом до м.Біла Церква);державного значення;III;3;;153+036;189+000;153036;189000;35.964;експлуатаційні дані 2017;exact_piketage_from_source;data.gov.ua / Укравтодор;набір техніко-експлуатаційного стану доріг;Дані щодо техніко-експлуатаційного стану автомобільних доріг державного значення;2017;https://data.gov.ua/dataset/beca8aa5-96a9-46be-ade7-f1b400213af5;;Категорія міститься безпосередньо у вихідній таблиці показників дороги.;high;original_source_geometry;координати вихідного набору 2017;Зчеплення_Житомир_Н_Р_2017.xlsx | Р-32_пр | rows 23-58;"Базовий загальноукраїнський шар; категорія може відрізнятися від пізніших реконструкцій.";False
BASE2017-00307;Житомирська;Р-32;Кременець - Біла Церква - Ржищів (з під'їздом до м.Біла Церква);державного значення;II;2;;189+000;191+000;189000;191000;2.0;експлуатаційні дані 2017;exact_piketage_from_source;data.gov.ua / Укравтодор;набір техніко-експлуатаційного стану доріг;Дані щодо техніко-експлуатаційного стану автомобільних доріг державного значення;2017;https://data.gov.ua/dataset/beca8aa5-96a9-46be-ade7-f1b400213af5;;Категорія міститься безпосередньо у вихідній таблиці показників дороги.;high;original_source_geometry;координати вихідного набору 2017;Зчеплення_Житомир_Н_Р_2017.xlsx | Р-32_пр | rows 59-60;"Базовий загальноукраїнський шар; категорія може відрізнятися від пізніших реконструкцій.";False
BASE2017-00308;Житомирська;Р-32;Кременець - Біла Церква - Ржищів (з під'їздом до м.Біла Церква);державного значення;III;3;;191+000;196+000;191000;196000;5.0;експлуатаційні дані 2017;exact_piketage_from_source;data.gov.ua / Укравтодор;набір техніко-експлуатаційного стану доріг;Дані щодо техніко-експлуатаційного стану автомобільних доріг державного значення;2017;https://data.gov.ua/dataset/beca8aa5-96a9-46be-ade7-f1b400213af5;;Категорія міститься безпосередньо у вихідній таблиці показників дороги.;high;original_source_geometry;координати вихідного набору 2017;Зчеплення_Житомир_Н_Р_2017.xlsx | Р-32_пр | rows 61-65;"Базовий загальноукраїнський шар; категорія може відрізнятися від пізніших реконструкцій.";False
BASE2017-00309;Житомирська;Р-32;Кременець - Біла Церква - Ржищів (з під'їздом до м.Біла Церква);державного значення;II;2;;196+000;200+647;196000;200647;4.647;експлуатаційні дані 2017;exact_piketage_from_source;data.gov.ua / Укравтодор;набір техніко-експлуатаційного стану доріг;Дані щодо техніко-експлуатаційного стану автомобільних доріг державного значення;2017;https://data.gov.ua/dataset/beca8aa5-96a9-46be-ade7-f1b400213af5;;Категорія міститься безпосередньо у вихідній таблиці показників дороги.;high;original_source_geometry;координати вихідного набору 2017;Зчеплення_Житомир_Н_Р_2017.xlsx | Р-32_пр | rows 66-70;"Базовий загальноукраїнський шар; категорія може відрізнятися від пізніших реконструкцій.";False
BASE2017-00310;Житомирська;Р-32;Кременець - Біла Церква - Ржищів (з під'їздом до м.Біла Церква);державного значення;II;2;;245+580;270+000;245580;270000;24.42;експлуатаційні дані 2017;exact_piketage_from_source;data.gov.ua / Укравтодор;набір техніко-експлуатаційного стану доріг;Дані щодо техніко-експлуатаційного стану автомобільних доріг державного значення;2017;https://data.gov.ua/dataset/beca8aa5-96a9-46be-ade7-f1b400213af5;;Категорія міститься безпосередньо у вихідній таблиці показників дороги.;high;original_source_geometry;координати вихідного набору 2017;Зчеплення_Житомир_Н_Р_2017.xlsx | Р-32_пр | rows 72-96;"Базовий загальноукраїнський шар; категорія може відрізнятися від пізніших реконструкцій.";False
BASE2017-00311;Житомирська;Р-32;Кременець - Біла Церква - Ржищів (з під'їздом до м.Біла Церква);державного значення;III;3;;270+000;285+390;270000;285390;15.39;експлуатаційні дані 2017;exact_piketage_from_source;data.gov.ua / Укравтодор;набір техніко-експлуатаційного стану доріг;Дані щодо техніко-експлуатаційного стану автомобільних доріг державного значення;2017;https://data.gov.ua/dataset/beca8aa5-96a9-46be-ade7-f1b400213af5;;Категорія міститься безпосередньо у вихідній таблиці показників дороги.;high;original_source_geometry;координати вихідного набору 2017;Зчеплення_Житомир_Н_Р_2017.xlsx | Р-32_пр | rows 97-112;"Базовий загальноукраїнський шар; категорія може відрізнятися від пізніших реконструкцій.";False
BASE2017-00312;Житомирська;Р-49;Васьковичі - Шепетівка;державного значення;II;2;;0+000;100+000;0;100000;100.0;експлуатаційні дані 2017;exact_piketage_from_source;data.gov.ua / Укравтодор;набір техніко-експлуатаційного стану доріг;Дані щодо техніко-експлуатаційного стану автомобільних доріг державного значення;2017;https://data.gov.ua/dataset/beca8aa5-96a9-46be-ade7-f1b400213af5;;Категорія міститься безпосередньо у вихідній таблиці показників дороги.;high;original_source_geometry;координати вихідного набору 2017;Зчеплення_Житомир_Н_Р_2017.xlsx | Р-49_пр | rows 9-108;"Базовий загальноукраїнський шар; категорія може відрізнятися від пізніших реконструкцій.";False
BASE2017-00313;Житомирська;Р-49;Васьковичі - Шепетівка;державного значення;II;2;;102+000;136+165;102000;136165;34.165;експлуатаційні дані 2017;exact_piketage_from_source;data.gov.ua / Укравтодор;набір техніко-експлуатаційного стану доріг;Дані щодо техніко-експлуатаційного стану автомобільних доріг державного значення;2017;https://data.gov.ua/dataset/beca8aa5-96a9-46be-ade7-f1b400213af5;;Категорія міститься безпосередньо у вихідній таблиці показників дороги.;high;original_source_geometry;координати вихідного набору 2017;Зчеплення_Житомир_Н_Р_2017.xlsx | Р-49_пр | rows 110-144;"Базовий загальноукраїнський шар; категорія може відрізнятися від пізніших реконструкцій.";False
BASE2017-00314;Закарпатська;М-06;Київ - Чоп (на Будапешт через Львів, Мукачеве, Ужгород);державного значення;II;2;;702+424;783+787;702424;783787;81.363;експлуатаційні дані 2017;exact_piketage_from_source;data.gov.ua / Укравтодор;набір техніко-експлуатаційного стану доріг;Дані щодо техніко-експлуатаційного стану автомобільних доріг державного значення;2017;https://data.gov.ua/dataset/beca8aa5-96a9-46be-ade7-f1b400213af5;;Категорія міститься безпосередньо у вихідній таблиці показників дороги.;high;original_source_geometry;координати вихідного набору 2017;Зчеплення_Закарпаття_М_Н_Р_2017.xlsx | м-06_пр | rows 9-90;"Базовий загальноукраїнський шар; категорія може відрізнятися від пізніших реконструкцій.";False
BASE2017-00315;Закарпатська;М-06;Київ - Чоп (на Будапешт через Львів, Мукачеве, Ужгород);державного значення;II;2;;783+787;784+000;783787;784000;0.213;експлуатаційні дані 2017;exact_piketage_from_source;data.gov.ua / Укравтодор;набір техніко-експлуатаційного стану доріг;Дані щодо техніко-експлуатаційного стану автомобільних доріг державного значення;2017;https://data.gov.ua/dataset/beca8aa5-96a9-46be-ade7-f1b400213af5;;Категорія міститься безпосередньо у вихідній таблиці показників дороги.;high;original_source_geometry;координати вихідного набору 2017;Зчеплення_Закарпаття_М_Н_Р_2017.xlsx | м-06_пр | rows 9-90;"Базовий загальноукраїнський шар; категорія може відрізнятися від пізніших реконструкцій.";False
BASE2017-00316;Закарпатська;М-06;Київ - Чоп (на Будапешт через Львів, Мукачеве, Ужгород);державного значення;I;1;;784+000;785+609;784000;785609;1.609;експлуатаційні дані 2017;exact_piketage_from_source;data.gov.ua / Укравтодор;набір техніко-експлуатаційного стану доріг;Дані щодо техніко-експлуатаційного стану автомобільних доріг державного значення;2017;https://data.gov.ua/dataset/beca8aa5-96a9-46be-ade7-f1b400213af5;;Категорія міститься безпосередньо у вихідній таблиці показників дороги.;high;original_source_geometry;координати вихідного набору 2017;Зчеплення_Закарпаття_М_Н_Р_2017.xlsx | м-06_пр | rows 91-92;"Базовий загальноукраїнський шар; категорія може відрізнятися від пізніших реконструкцій.";False
BASE2017-00317;Закарпатська;М-06;Київ - Чоп (на Будапешт через Львів, Мукачеве, Ужгород);державного значення;I;1;;785+609;786+000;785609;786000;0.391;експлуатаційні дані 2017;exact_piketage_from_source;data.gov.ua / Укравтодор;набір техніко-експлуатаційного стану доріг;Дані щодо техніко-експлуатаційного стану автомобільних доріг державного значення;2017;https://data.gov.ua/dataset/beca8aa5-96a9-46be-ade7-f1b400213af5;;Категорія міститься безпосередньо у вихідній таблиці показників дороги.;high;original_source_geometry;координати вихідного набору 2017;Зчеплення_Закарпаття_М_Н_Р_2017.xlsx | м-06_пр | rows 91-92;"Базовий загальноукраїнський шар; категорія може відрізнятися від пізніших реконструкцій.";False
BASE2017-00318;Закарпатська;М-06;Київ - Чоп (на Будапешт через Львів, Мукачеве, Ужгород);державного значення;II;2;;786+000;788+816;786000;788816;2.816;експлуатаційні дані 2017;exact_piketage_from_source;data.gov.ua / Укравтодор;набір техніко-експлуатаційного стану доріг;Дані щодо техніко-експлуатаційного стану автомобільних доріг державного значення;2017;https://data.gov.ua/dataset/beca8aa5-96a9-46be-ade7-f1b400213af5;;Категорія міститься безпосередньо у вихідній таблиці показників дороги.;high;original_source_geometry;координати вихідного набору 2017;Зчеплення_Закарпаття_М_Н_Р_2017.xlsx | м-06_пр | rows 93-95;"Базовий загальноукраїнський шар; категорія може відрізнятися від пізніших реконструкцій.";False
BASE2017-00319;Закарпатська;М-06;Київ - Чоп (на Будапешт через Львів, Мукачеве, Ужгород);державного значення;II;2;;788+816;789+000;788816;789000;0.184;експлуатаційні дані 2017;exact_piketage_from_source;data.gov.ua / Укравтодор;набір техніко-експлуатаційного стану доріг;Дані щодо техніко-експлуатаційного стану автомобільних доріг державного значення;2017;https://data.gov.ua/dataset/beca8aa5-96a9-46be-ade7-f1b400213af5;;Категорія міститься безпосередньо у вихідній таблиці показників дороги.;high;original_source_geometry;координати вихідного набору 2017;Зчеплення_Закарпаття_М_Н_Р_2017.xlsx | м-06_пр | rows 93-95;"Базовий загальноукраїнський шар; категорія може відрізнятися від пізніших реконструкцій.";False
BASE2017-00320;Закарпатська;М-06;Київ - Чоп (на Будапешт через Львів, Мукачеве, Ужгород);державного значення;I;1;;789+000;796+477;789000;796477;7.477;експлуатаційні дані 2017;exact_piketage_from_source;data.gov.ua / Укравтодор;набір техніко-експлуатаційного стану доріг;Дані щодо техніко-експлуатаційного стану автомобільних доріг державного значення;2017;https://data.gov.ua/dataset/beca8aa5-96a9-46be-ade7-f1b400213af5;;Категорія міститься безпосередньо у вихідній таблиці показників дороги.;high;original_source_geometry;координати вихідного набору 2017;Зчеплення_Закарпаття_М_Н_Р_2017.xlsx | м-06_пр | rows 96-103;"Базовий загальноукраїнський шар; категорія може відрізнятися від пізніших реконструкцій.";False
BASE2017-00321;Закарпатська;М-06;Київ - Чоп (на Будапешт через Львів, Мукачеве, Ужгород);державного значення;I;1;;796+477;797+000;796477;797000;0.523;експлуатаційні дані 2017;exact_piketage_from_source;data.gov.ua / Укравтодор;набір техніко-експлуатаційного стану доріг;Дані щодо техніко-експлуатаційного стану автомобільних доріг державного значення;2017;https://data.gov.ua/dataset/beca8aa5-96a9-46be-ade7-f1b400213af5;;Категорія міститься безпосередньо у вихідній таблиці показників дороги.;high;original_source_geometry;координати вихідного набору 2017;Зчеплення_Закарпаття_М_Н_Р_2017.xlsx | м-06_пр | rows 96-103;"Базовий загальноукраїнський шар; категорія може відрізнятися від пізніших реконструкцій.";False
BASE2017-00322;Закарпатська;М-06;Київ - Чоп (на Будапешт через Львів, Мукачеве, Ужгород);державного значення;II;2;;797+000;801+100;797000;801100;4.1;експлуатаційні дані 2017;exact_piketage_from_source;data.gov.ua / Укравтодор;набір техніко-експлуатаційного стану доріг;Дані щодо техніко-експлуатаційного стану автомобільних доріг державного значення;2017;https://data.gov.ua/dataset/beca8aa5-96a9-46be-ade7-f1b400213af5;;Категорія міститься безпосередньо у вихідній таблиці показників дороги.;high;original_source_geometry;координати вихідного набору 2017;Зчеплення_Закарпаття_М_Н_Р_2017.xlsx | м-06_пр | rows 104-108;"Базовий загальноукраїнський шар; категорія може відрізнятися від пізніших реконструкцій.";False
BASE2017-00323;Закарпатська;М-06;Київ - Чоп (на Будапешт через Львів, Мукачеве, Ужгород);державного значення;II;2;;801+100;802+000;801100;802000;0.9;експлуатаційні дані 2017;exact_piketage_from_source;data.gov.ua / Укравтодор;набір техніко-експлуатаційного стану доріг;Дані щодо техніко-експлуатаційного стану автомобільних доріг державного значення;2017;https://data.gov.ua/dataset/beca8aa5-96a9-46be-ade7-f1b400213af5;;Категорія міститься безпосередньо у вихідній таблиці показників дороги.;high;original_source_geometry;координати вихідного набору 2017;Зчеплення_Закарпаття_М_Н_Р_2017.xlsx | м-06_пр | rows 104-108;"Базовий загальноукраїнський шар; категорія може відрізнятися від пізніших реконструкцій.";False
BASE2017-00324;Закарпатська;М-06;Київ - Чоп (на Будапешт через Львів, Мукачеве, Ужгород);державного значення;I;1;;802+000;806+109;802000;806109;4.109;експлуатаційні дані 2017;exact_piketage_from_source;data.gov.ua / Укравтодор;набір техніко-експлуатаційного стану доріг;Дані щодо техніко-експлуатаційного стану автомобільних доріг державного значення;2017;https://data.gov.ua/dataset/beca8aa5-96a9-46be-ade7-f1b400213af5;;Категорія міститься безпосередньо у вихідній таблиці показників дороги.;high;original_source_geometry;координати вихідного набору 2017;Зчеплення_Закарпаття_М_Н_Р_2017.xlsx | м-06_пр | rows 109-113;"Базовий загальноукраїнський шар; категорія може відрізнятися від пізніших реконструкцій.";False
BASE2017-00325;Закарпатська;М-06;Київ - Чоп (на Будапешт через Львів, Мукачеве, Ужгород);державного значення;I;1;;806+109;807+000;806109;807000;0.891;експлуатаційні дані 2017;exact_piketage_from_source;data.gov.ua / Укравтодор;набір техніко-експлуатаційного стану доріг;Дані щодо техніко-експлуатаційного стану автомобільних доріг державного значення;2017;https://data.gov.ua/dataset/beca8aa5-96a9-46be-ade7-f1b400213af5;;Категорія міститься безпосередньо у вихідній таблиці показників дороги.;high;original_source_geometry;координати вихідного набору 2017;Зчеплення_Закарпаття_М_Н_Р_2017.xlsx | м-06_пр | rows 109-113;"Базовий загальноукраїнський шар; категорія може відрізнятися від пізніших реконструкцій.";False
BASE2017-00326;Закарпатська;М-06;Київ - Чоп (на Будапешт через Львів, Мукачеве, Ужгород);державного значення;II;2;;807+000;827+507;807000;827507;20.507;експлуатаційні дані 2017;exact_piketage_from_source;data.gov.ua / Укравтодор;набір техніко-експлуатаційного стану доріг;Дані щодо техніко-експлуатаційного стану автомобільних доріг державного значення;2017;https://data.gov.ua/dataset/beca8aa5-96a9-46be-ade7-f1b400213af5;;Категорія міститься безпосередньо у вихідній таблиці показників дороги.;high;original_source_geometry;координати вихідного набору 2017;Зчеплення_Закарпаття_М_Н_Р_2017.xlsx | м-06_пр | rows 114-134;"Базовий загальноукраїнський шар; категорія може відрізнятися від пізніших реконструкцій.";False
BASE2017-00327;Закарпатська;М-06;Київ - Чоп (на Будапешт через Львів, Мукачеве, Ужгород);державного значення;II;2;;827+507;828+000;827507;828000;0.493;експлуатаційні дані 2017;exact_piketage_from_source;data.gov.ua / Укравтодор;набір техніко-експлуатаційного стану доріг;Дані щодо техніко-експлуатаційного стану автомобільних доріг державного значення;2017;https://data.gov.ua/dataset/beca8aa5-96a9-46be-ade7-f1b400213af5;;Категорія міститься безпосередньо у вихідній таблиці показників дороги.;high;original_source_geometry;координати вихідного набору 2017;Зчеплення_Закарпаття_М_Н_Р_2017.xlsx | м-06_пр | rows 114-134;"Базовий загальноукраїнський шар; категорія може відрізнятися від пізніших реконструкцій.";False
BASE2017-00328;Закарпатська;М-06;Київ - Чоп (на Будапешт через Львів, Мукачеве, Ужгород);державного значення;I;1;;828+000;831+704;828000;831704;3.704;експлуатаційні дані 2017;exact_piketage_from_source;data.gov.ua / Укравтодор;набір техніко-експлуатаційного стану доріг;Дані щодо техніко-експлуатаційного стану автомобільних доріг державного значення;2017;https://data.gov.ua/dataset/beca8aa5-96a9-46be-ade7-f1b400213af5;;Категорія міститься безпосередньо у вихідній таблиці показників дороги.;high;original_source_geometry;координати вихідного набору 2017;Зчеплення_Закарпаття_М_Н_Р_2017.xlsx | м-06_пр | rows 135-138;"Базовий загальноукраїнський шар; категорія може відрізнятися від пізніших реконструкцій.";False
BASE2017-00329;Закарпатська;М-08;Обхід м.Ужгорода - КПП „Ужгород”;державного значення;II;2;;0+000;14+900;0;14900;14.9;експлуатаційні дані 2017;exact_piketage_from_source;data.gov.ua / Укравтодор;набір техніко-експлуатаційного стану доріг;Дані щодо техніко-експлуатаційного стану автомобільних доріг державного значення;2017;https://data.gov.ua/dataset/beca8aa5-96a9-46be-ade7-f1b400213af5;;Категорія міститься безпосередньо у вихідній таблиці показників дороги.;high;original_source_geometry;координати вихідного набору 2017;Зчеплення_Закарпаття_М_Н_Р_2017.xlsx | м-08_пр | rows 9-23;"Базовий загальноукраїнський шар; категорія може відрізнятися від пізніших реконструкцій.";False
BASE2017-00330;Закарпатська;М-23;Берегове - Виноградів - Велика Копаня;державного значення;III;3;;0+000;49+500;0;49500;49.5;експлуатаційні дані 2017;exact_piketage_from_source;data.gov.ua / Укравтодор;набір техніко-експлуатаційного стану доріг;Дані щодо техніко-експлуатаційного стану автомобільних доріг державного значення;2017;https://data.gov.ua/dataset/beca8aa5-96a9-46be-ade7-f1b400213af5;;Категорія міститься безпосередньо у вихідній таблиці показників дороги.;high;original_source_geometry;координати вихідного набору 2017;Зчеплення_Закарпаття_М_Н_Р_2017.xlsx | м-23_пр | rows 9-58;"Базовий загальноукраїнський шар; категорія може відрізнятися від пізніших реконструкцій.";False
BASE2017-00331;Закарпатська;М-24;"Мукачево - Берегове - КПП ""Лужанка""";державного значення;III;3;;0+000;37+500;0;37500;37.5;експлуатаційні дані 2017;exact_piketage_from_source;data.gov.ua / Укравтодор;набір техніко-експлуатаційного стану доріг;Дані щодо техніко-експлуатаційного стану автомобільних доріг державного значення;2017;https://data.gov.ua/dataset/beca8aa5-96a9-46be-ade7-f1b400213af5;;Категорія міститься безпосередньо у вихідній таблиці показників дороги.;high;original_source_geometry;координати вихідного набору 2017;Зчеплення_Закарпаття_М_Н_Р_2017.xlsx | м-24_пр | rows 9-46;"Базовий загальноукраїнський шар; категорія може відрізнятися від пізніших реконструкцій.";False
BASE2017-00332;Закарпатська;М-25;"КПП ""Соломоново"" - Велика Добронь - Яноші з під'їздом до КПП ""Косини""";державного значення;III;3;;0+000;55+000;0;55000;55.0;експлуатаційні дані 2017;exact_piketage_from_source;data.gov.ua / Укравтодор;набір техніко-експлуатаційного стану доріг;Дані щодо техніко-експлуатаційного стану автомобільних доріг державного значення;2017;https://data.gov.ua/dataset/beca8aa5-96a9-46be-ade7-f1b400213af5;;Категорія міститься безпосередньо у вихідній таблиці показників дороги.;high;original_source_geometry;координати вихідного набору 2017;Зчеплення_Закарпаття_М_Н_Р_2017.xlsx | м-25_пр | rows 9-63;"Базовий загальноукраїнський шар; категорія може відрізнятися від пізніших реконструкцій.";False
BASE2017-00333;Закарпатська;М-25 П1;"Під'їзд до КПП ""Косини""";державного значення;III;3;;0+000;4+600;0;4600;4.6;експлуатаційні дані 2017;exact_piketage_from_source;data.gov.ua / Укравтодор;набір техніко-експлуатаційного стану доріг;Дані щодо техніко-експлуатаційного стану автомобільних доріг державного значення;2017;https://data.gov.ua/dataset/beca8aa5-96a9-46be-ade7-f1b400213af5;;Категорія міститься безпосередньо у вихідній таблиці показників дороги.;high;original_source_geometry;координати вихідного набору 2017;Зчеплення_Закарпаття_М_Н_Р_2017.xlsx | м-25_П1_пр | rows 9-13;"Базовий загальноукраїнський шар; категорія може відрізнятися від пізніших реконструкцій.";False
BASE2017-00334;Закарпатська;М-26;"КПП ""Вилок"" - Вилок - Невентленфолу - КПП""Дяково""";державного значення;III;3;;0+000;20+700;0;20700;20.7;експлуатаційні дані 2017;exact_piketage_from_source;data.gov.ua / Укравтодор;набір техніко-експлуатаційного стану доріг;Дані щодо техніко-експлуатаційного стану автомобільних доріг державного значення;2017;https://data.gov.ua/dataset/beca8aa5-96a9-46be-ade7-f1b400213af5;;Категорія міститься безпосередньо у вихідній таблиці показників дороги.;high;original_source_geometry;координати вихідного набору 2017;Зчеплення_Закарпаття_М_Н_Р_2017.xlsx | м-26_пр | rows 9-29;"Базовий загальноукраїнський шар; категорія може відрізнятися від пізніших реконструкцій.";False
BASE2017-00335;Закарпатська;Н-09;Мукачеве - Рахів - Богородчани - Івано-Франківськ - Рогатин - Бібрка - Львів;державного значення;I;1;;1+942;2+000;1942;2000;0.058;експлуатаційні дані 2017;exact_piketage_from_source;data.gov.ua / Укравтодор;набір техніко-експлуатаційного стану доріг;Дані щодо техніко-експлуатаційного стану автомобільних доріг державного значення;2017;https://data.gov.ua/dataset/beca8aa5-96a9-46be-ade7-f1b400213af5;;Категорія міститься безпосередньо у вихідній таблиці показників дороги.;high;original_source_geometry;координати вихідного набору 2017;Зчеплення_Закарпаття_М_Н_Р_2017.xlsx | н-09_пр | rows 9-9;"Базовий загальноукраїнський шар; категорія може відрізнятися від пізніших реконструкцій.";False
BASE2017-00336;Закарпатська;Н-09;Мукачеве - Рахів - Богородчани - Івано-Франківськ - Рогатин - Бібрка - Львів;державного значення;II;2;;2+000;3+000;2000;3000;1.0;експлуатаційні дані 2017;exact_piketage_from_source;data.gov.ua / Укравтодор;набір техніко-експлуатаційного стану доріг;Дані щодо техніко-експлуатаційного стану автомобільних доріг державного значення;2017;https://data.gov.ua/dataset/beca8aa5-96a9-46be-ade7-f1b400213af5;;Категорія міститься безпосередньо у вихідній таблиці показників дороги.;high;original_source_geometry;координати вихідного набору 2017;Зчеплення_Закарпаття_М_Н_Р_2017.xlsx | н-09_пр | rows 10-10;"Базовий загальноукраїнський шар; категорія може відрізнятися від пізніших реконструкцій.";False
BASE2017-00337;Закарпатська;Н-09;Мукачеве - Рахів - Богородчани - Івано-Франківськ - Рогатин - Бібрка - Львів;державного значення;I;1;;3+000;4+000;3000;4000;1.0;експлуатаційні дані 2017;exact_piketage_from_source;data.gov.ua / Укравтодор;набір техніко-експлуатаційного стану доріг;Дані щодо техніко-експлуатаційного стану автомобільних доріг державного значення;2017;https://data.gov.ua/dataset/beca8aa5-96a9-46be-ade7-f1b400213af5;;Категорія міститься безпосередньо у вихідній таблиці показників дороги.;high;original_source_geometry;координати вихідного набору 2017;Зчеплення_Закарпаття_М_Н_Р_2017.xlsx | н-09_пр | rows 11-11;"Базовий загальноукраїнський шар; категорія може відрізнятися від пізніших реконструкцій.";False
BASE2017-00338;Закарпатська;Н-09;Мукачеве - Рахів - Богородчани - Івано-Франківськ - Рогатин - Бібрка - Львів;державного значення;III;3;;4+000;10+000;4000;10000;6.0;експлуатаційні дані 2017;exact_piketage_from_source;data.gov.ua / Укравтодор;набір техніко-експлуатаційного стану доріг;Дані щодо техніко-експлуатаційного стану автомобільних доріг державного значення;2017;https://data.gov.ua/dataset/beca8aa5-96a9-46be-ade7-f1b400213af5;;Категорія міститься безпосередньо у вихідній таблиці показників дороги.;high;original_source_geometry;координати вихідного набору 2017;Зчеплення_Закарпаття_М_Н_Р_2017.xlsx | н-09_пр | rows 12-17;"Базовий загальноукраїнський шар; категорія може відрізнятися від пізніших реконструкцій.";False
BASE2017-00339;Закарпатська;Н-09;Мукачеве - Рахів - Богородчани - Івано-Франківськ - Рогатин - Бібрка - Львів;державного значення;I;1;;10+000;20+000;10000;20000;10.0;експлуатаційні дані 2017;exact_piketage_from_source;data.gov.ua / Укравтодор;набір техніко-експлуатаційного стану доріг;Дані щодо техніко-експлуатаційного стану автомобільних доріг державного значення;2017;https://data.gov.ua/dataset/beca8aa5-96a9-46be-ade7-f1b400213af5;;Категорія міститься безпосередньо у вихідній таблиці показників дороги.;high;original_source_geometry;координати вихідного набору 2017;Зчеплення_Закарпаття_М_Н_Р_2017.xlsx | н-09_пр | rows 18-27;"Базовий загальноукраїнський шар; категорія може відрізнятися від пізніших реконструкцій.";False
BASE2017-00340;Закарпатська;Н-09;Мукачеве - Рахів - Богородчани - Івано-Франківськ - Рогатин - Бібрка - Львів;державного значення;II;2;;20+000;23+000;20000;23000;3.0;експлуатаційні дані 2017;exact_piketage_from_source;data.gov.ua / Укравтодор;набір техніко-експлуатаційного стану доріг;Дані щодо техніко-експлуатаційного стану автомобільних доріг державного значення;2017;https://data.gov.ua/dataset/beca8aa5-96a9-46be-ade7-f1b400213af5;;Категорія міститься безпосередньо у вихідній таблиці показників дороги.;high;original_source_geometry;координати вихідного набору 2017;Зчеплення_Закарпаття_М_Н_Р_2017.xlsx | н-09_пр | rows 28-30;"Базовий загальноукраїнський шар; категорія може відрізнятися від пізніших реконструкцій.";False
BASE2017-00341;Закарпатська;Н-09;Мукачеве - Рахів - Богородчани - Івано-Франківськ - Рогатин - Бібрка - Львів;державного значення;III;3;;23+000;30+000;23000;30000;7.0;експлуатаційні дані 2017;exact_piketage_from_source;data.gov.ua / Укравтодор;набір техніко-експлуатаційного стану доріг;Дані щодо техніко-експлуатаційного стану автомобільних доріг державного значення;2017;https://data.gov.ua/dataset/beca8aa5-96a9-46be-ade7-f1b400213af5;;Категорія міститься безпосередньо у вихідній таблиці показників дороги.;high;original_source_geometry;координати вихідного набору 2017;Зчеплення_Закарпаття_М_Н_Р_2017.xlsx | н-09_пр | rows 31-37;"Базовий загальноукраїнський шар; категорія може відрізнятися від пізніших реконструкцій.";False
BASE2017-00342;Закарпатська;Н-09;Мукачеве - Рахів - Богородчани - Івано-Франківськ - Рогатин - Бібрка - Львів;державного значення;I;1;;30+000;32+000;30000;32000;2.0;експлуатаційні дані 2017;exact_piketage_from_source;data.gov.ua / Укравтодор;набір техніко-експлуатаційного стану доріг;Дані щодо техніко-експлуатаційного стану автомобільних доріг державного значення;2017;https://data.gov.ua/dataset/beca8aa5-96a9-46be-ade7-f1b400213af5;;Категорія міститься безпосередньо у вихідній таблиці показників дороги.;high;original_source_geometry;координати вихідного набору 2017;Зчеплення_Закарпаття_М_Н_Р_2017.xlsx | н-09_пр | rows 38-39;"Базовий загальноукраїнський шар; категорія може відрізнятися від пізніших реконструкцій.";False
BASE2017-00343;Закарпатська;Н-09;Мукачеве - Рахів - Богородчани - Івано-Франківськ - Рогатин - Бібрка - Львів;державного значення;III;3;;32+000;100+000;32000;100000;68.0;експлуатаційні дані 2017;exact_piketage_from_source;data.gov.ua / Укравтодор;набір техніко-експлуатаційного стану доріг;Дані щодо техніко-експлуатаційного стану автомобільних доріг державного значення;2017;https://data.gov.ua/dataset/beca8aa5-96a9-46be-ade7-f1b400213af5;;Категорія міститься безпосередньо у вихідній таблиці показників дороги.;high;original_source_geometry;координати вихідного набору 2017;Зчеплення_Закарпаття_М_Н_Р_2017.xlsx | н-09_пр | rows 40-107;"Базовий загальноукраїнський шар; категорія може відрізнятися від пізніших реконструкцій.";False
BASE2017-00344;Закарпатська;Н-09;Мукачеве - Рахів - Богородчани - Івано-Франківськ - Рогатин - Бібрка - Львів;державного значення;I;1;;100+000;200+000;100000;200000;100.0;експлуатаційні дані 2017;exact_piketage_from_source;data.gov.ua / Укравтодор;набір техніко-експлуатаційного стану доріг;Дані щодо техніко-експлуатаційного стану автомобільних доріг державного значення;2017;https://data.gov.ua/dataset/beca8aa5-96a9-46be-ade7-f1b400213af5;;Категорія міститься безпосередньо у вихідній таблиці показників дороги.;high;original_source_geometry;координати вихідного набору 2017;Зчеплення_Закарпаття_М_Н_Р_2017.xlsx | н-09_пр | rows 108-207;"Базовий загальноукраїнський шар; категорія може відрізнятися від пізніших реконструкцій.";False
BASE2017-00345;Закарпатська;Н-09;Мукачеве - Рахів - Богородчани - Івано-Франківськ - Рогатин - Бібрка - Львів;державного значення;II;2;;200+000;209+020;200000;209020;9.02;експлуатаційні дані 2017;exact_piketage_from_source;data.gov.ua / Укравтодор;набір техніко-експлуатаційного стану доріг;Дані щодо техніко-експлуатаційного стану автомобільних доріг державного значення;2017;https://data.gov.ua/dataset/beca8aa5-96a9-46be-ade7-f1b400213af5;;Категорія міститься безпосередньо у вихідній таблиці показників дороги.;high;original_source_geometry;координати вихідного набору 2017;Зчеплення_Закарпаття_М_Н_Р_2017.xlsx | н-09_пр | rows 208-217;"Базовий загальноукраїнський шар; категорія може відрізнятися від пізніших реконструкцій.";False
BASE2017-00346;Закарпатська;Н-13;Львів - Самбір - Ужгород;державного значення;III;3;;156+203;168+000;156203;168000;11.797;експлуатаційні дані 2017;exact_piketage_from_source;data.gov.ua / Укравтодор;набір техніко-експлуатаційного стану доріг;Дані щодо техніко-експлуатаційного стану автомобільних доріг державного значення;2017;https://data.gov.ua/dataset/beca8aa5-96a9-46be-ade7-f1b400213af5;;Категорія міститься безпосередньо у вихідній таблиці показників дороги.;high;original_source_geometry;координати вихідного набору 2017;Зчеплення_Закарпаття_М_Н_Р_2017.xlsx | н-13_пр | rows 9-20;"Базовий загальноукраїнський шар; категорія може відрізнятися від пізніших реконструкцій.";False
BASE2017-00347;Закарпатська;Н-13;Львів - Самбір - Ужгород;державного значення;IV;4;;168+000;172+000;168000;172000;4.0;експлуатаційні дані 2017;exact_piketage_from_source;data.gov.ua / Укравтодор;набір техніко-експлуатаційного стану доріг;Дані щодо техніко-експлуатаційного стану автомобільних доріг державного значення;2017;https://data.gov.ua/dataset/beca8aa5-96a9-46be-ade7-f1b400213af5;;Категорія міститься безпосередньо у вихідній таблиці показників дороги.;high;original_source_geometry;координати вихідного набору 2017;Зчеплення_Закарпаття_М_Н_Р_2017.xlsx | н-13_пр | rows 21-24;"Базовий загальноукраїнський шар; категорія може відрізнятися від пізніших реконструкцій.";False
BASE2017-00348;Закарпатська;Н-13;Львів - Самбір - Ужгород;державного значення;III;3;;172+000;174+000;172000;174000;2.0;експлуатаційні дані 2017;exact_piketage_from_source;data.gov.ua / Укравтодор;набір техніко-експлуатаційного стану доріг;Дані щодо техніко-експлуатаційного стану автомобільних доріг державного значення;2017;https://data.gov.ua/dataset/beca8aa5-96a9-46be-ade7-f1b400213af5;;Категорія міститься безпосередньо у вихідній таблиці показників дороги.;high;original_source_geometry;координати вихідного набору 2017;Зчеплення_Закарпаття_М_Н_Р_2017.xlsx | н-13_пр | rows 25-26;"Базовий загальноукраїнський шар; категорія може відрізнятися від пізніших реконструкцій.";False
BASE2017-00349;Закарпатська;Н-13;Львів - Самбір - Ужгород;державного значення;IV;4;;174+000;180+000;174000;180000;6.0;експлуатаційні дані 2017;exact_piketage_from_source;data.gov.ua / Укравтодор;набір техніко-експлуатаційного стану доріг;Дані щодо техніко-експлуатаційного стану автомобільних доріг державного значення;2017;https://data.gov.ua/dataset/beca8aa5-96a9-46be-ade7-f1b400213af5;;Категорія міститься безпосередньо у вихідній таблиці показників дороги.;high;original_source_geometry;координати вихідного набору 2017;Зчеплення_Закарпаття_М_Н_Р_2017.xlsx | н-13_пр | rows 27-32;"Базовий загальноукраїнський шар; категорія може відрізнятися від пізніших реконструкцій.";False
BASE2017-00350;Закарпатська;Н-13;Львів - Самбір - Ужгород;державного значення;III;3;;180+000;181+000;180000;181000;1.0;експлуатаційні дані 2017;exact_piketage_from_source;data.gov.ua / Укравтодор;набір техніко-експлуатаційного стану доріг;Дані щодо техніко-експлуатаційного стану автомобільних доріг державного значення;2017;https://data.gov.ua/dataset/beca8aa5-96a9-46be-ade7-f1b400213af5;;Категорія міститься безпосередньо у вихідній таблиці показників дороги.;high;original_source_geometry;координати вихідного набору 2017;Зчеплення_Закарпаття_М_Н_Р_2017.xlsx | н-13_пр | rows 33-33;"Базовий загальноукраїнський шар; категорія може відрізнятися від пізніших реконструкцій.";False
BASE2017-00351;Закарпатська;Н-13;Львів - Самбір - Ужгород;державного значення;IV;4;;181+000;188+000;181000;188000;7.0;експлуатаційні дані 2017;exact_piketage_from_source;data.gov.ua / Укравтодор;набір техніко-експлуатаційного стану доріг;Дані щодо техніко-експлуатаційного стану автомобільних доріг державного значення;2017;https://data.gov.ua/dataset/beca8aa5-96a9-46be-ade7-f1b400213af5;;Категорія міститься безпосередньо у вихідній таблиці показників дороги.;high;original_source_geometry;координати вихідного набору 2017;Зчеплення_Закарпаття_М_Н_Р_2017.xlsx | н-13_пр | rows 34-40;"Базовий загальноукраїнський шар; категорія може відрізнятися від пізніших реконструкцій.";False
BASE2017-00352;Закарпатська;Н-13;Львів - Самбір - Ужгород;державного значення;III;3;;188+000;189+000;188000;189000;1.0;експлуатаційні дані 2017;exact_piketage_from_source;data.gov.ua / Укравтодор;набір техніко-експлуатаційного стану доріг;Дані щодо техніко-експлуатаційного стану автомобільних доріг державного значення;2017;https://data.gov.ua/dataset/beca8aa5-96a9-46be-ade7-f1b400213af5;;Категорія міститься безпосередньо у вихідній таблиці показників дороги.;high;original_source_geometry;координати вихідного набору 2017;Зчеплення_Закарпаття_М_Н_Р_2017.xlsx | н-13_пр | rows 41-41;"Базовий загальноукраїнський шар; категорія може відрізнятися від пізніших реконструкцій.";False
BASE2017-00353;Закарпатська;Н-13;Львів - Самбір - Ужгород;державного значення;IV;4;;189+000;193+000;189000;193000;4.0;експлуатаційні дані 2017;exact_piketage_from_source;data.gov.ua / Укравтодор;набір техніко-експлуатаційного стану доріг;Дані щодо техніко-експлуатаційного стану автомобільних доріг державного значення;2017;https://data.gov.ua/dataset/beca8aa5-96a9-46be-ade7-f1b400213af5;;Категорія міститься безпосередньо у вихідній таблиці показників дороги.;high;original_source_geometry;координати вихідного набору 2017;Зчеплення_Закарпаття_М_Н_Р_2017.xlsx | н-13_пр | rows 42-45;"Базовий загальноукраїнський шар; категорія може відрізнятися від пізніших реконструкцій.";False
BASE2017-00354;Закарпатська;Н-13;Львів - Самбір - Ужгород;державного значення;III;3;;193+000;196+000;193000;196000;3.0;експлуатаційні дані 2017;exact_piketage_from_source;data.gov.ua / Укравтодор;набір техніко-експлуатаційного стану доріг;Дані щодо техніко-експлуатаційного стану автомобільних доріг державного значення;2017;https://data.gov.ua/dataset/beca8aa5-96a9-46be-ade7-f1b400213af5;;Категорія міститься безпосередньо у вихідній таблиці показників дороги.;high;original_source_geometry;координати вихідного набору 2017;Зчеплення_Закарпаття_М_Н_Р_2017.xlsx | н-13_пр | rows 46-48;"Базовий загальноукраїнський шар; категорія може відрізнятися від пізніших реконструкцій.";False
BASE2017-00355;Закарпатська;Н-13;Львів - Самбір - Ужгород;державного значення;IV;4;;196+000;203+000;196000;203000;7.0;експлуатаційні дані 2017;exact_piketage_from_source;data.gov.ua / Укравтодор;набір техніко-експлуатаційного стану доріг;Дані щодо техніко-експлуатаційного стану автомобільних доріг державного значення;2017;https://data.gov.ua/dataset/beca8aa5-96a9-46be-ade7-f1b400213af5;;Категорія міститься безпосередньо у вихідній таблиці показників дороги.;high;original_source_geometry;координати вихідного набору 2017;Зчеплення_Закарпаття_М_Н_Р_2017.xlsx | н-13_пр | rows 49-55;"Базовий загальноукраїнський шар; категорія може відрізнятися від пізніших реконструкцій.";False
BASE2017-00356;Закарпатська;Н-13;Львів - Самбір - Ужгород;державного значення;III;3;;203+000;204+000;203000;204000;1.0;експлуатаційні дані 2017;exact_piketage_from_source;data.gov.ua / Укравтодор;набір техніко-експлуатаційного стану доріг;Дані щодо техніко-експлуатаційного стану автомобільних доріг державного значення;2017;https://data.gov.ua/dataset/beca8aa5-96a9-46be-ade7-f1b400213af5;;Категорія міститься безпосередньо у вихідній таблиці показників дороги.;high;original_source_geometry;координати вихідного набору 2017;Зчеплення_Закарпаття_М_Н_Р_2017.xlsx | н-13_пр | rows 56-56;"Базовий загальноукраїнський шар; категорія може відрізнятися від пізніших реконструкцій.";False
BASE2017-00357;Закарпатська;Н-13;Львів - Самбір - Ужгород;державного значення;II;2;;204+000;212+000;204000;212000;8.0;експлуатаційні дані 2017;exact_piketage_from_source;data.gov.ua / Укравтодор;набір техніко-експлуатаційного стану доріг;Дані щодо техніко-експлуатаційного стану автомобільних доріг державного значення;2017;https://data.gov.ua/dataset/beca8aa5-96a9-46be-ade7-f1b400213af5;;Категорія міститься безпосередньо у вихідній таблиці показників дороги.;high;original_source_geometry;координати вихідного набору 2017;Зчеплення_Закарпаття_М_Н_Р_2017.xlsx | н-13_пр | rows 57-64;"Базовий загальноукраїнський шар; категорія може відрізнятися від пізніших реконструкцій.";False
BASE2017-00358;Закарпатська;Н-13;Львів - Самбір - Ужгород;державного значення;III;3;;212+000;214+000;212000;214000;2.0;експлуатаційні дані 2017;exact_piketage_from_source;data.gov.ua / Укравтодор;набір техніко-експлуатаційного стану доріг;Дані щодо техніко-експлуатаційного стану автомобільних доріг державного значення;2017;https://data.gov.ua/dataset/beca8aa5-96a9-46be-ade7-f1b400213af5;;Категорія міститься безпосередньо у вихідній таблиці показників дороги.;high;original_source_geometry;координати вихідного набору 2017;Зчеплення_Закарпаття_М_Н_Р_2017.xlsx | н-13_пр | rows 65-66;"Базовий загальноукраїнський шар; категорія може відрізнятися від пізніших реконструкцій.";False
BASE2017-00359;Закарпатська;Н-13;Львів - Самбір - Ужгород;державного значення;II;2;;214+000;222+000;214000;222000;8.0;експлуатаційні дані 2017;exact_piketage_from_source;data.gov.ua / Укравтодор;набір техніко-експлуатаційного стану доріг;Дані щодо техніко-експлуатаційного стану автомобільних доріг державного значення;2017;https://data.gov.ua/dataset/beca8aa5-96a9-46be-ade7-f1b400213af5;;Категорія міститься безпосередньо у вихідній таблиці показників дороги.;high;original_source_geometry;координати вихідного набору 2017;Зчеплення_Закарпаття_М_Н_Р_2017.xlsx | н-13_пр | rows 67-74;"Базовий загальноукраїнський шар; категорія може відрізнятися від пізніших реконструкцій.";False
BASE2017-00360;Закарпатська;Н-13;Львів - Самбір - Ужгород;державного значення;III;3;;222+000;224+000;222000;224000;2.0;експлуатаційні дані 2017;exact_piketage_from_source;data.gov.ua / Укравтодор;набір техніко-експлуатаційного стану доріг;Дані щодо техніко-експлуатаційного стану автомобільних доріг державного значення;2017;https://data.gov.ua/dataset/beca8aa5-96a9-46be-ade7-f1b400213af5;;Категорія міститься безпосередньо у вихідній таблиці показників дороги.;high;original_source_geometry;координати вихідного набору 2017;Зчеплення_Закарпаття_М_Н_Р_2017.xlsx | н-13_пр | rows 75-76;"Базовий загальноукраїнський шар; категорія може відрізнятися від пізніших реконструкцій.";False
BASE2017-00361;Закарпатська;Н-13;Львів - Самбір - Ужгород;державного значення;II;2;;224+000;230+000;224000;230000;6.0;експлуатаційні дані 2017;exact_piketage_from_source;data.gov.ua / Укравтодор;набір техніко-експлуатаційного стану доріг;Дані щодо техніко-експлуатаційного стану автомобільних доріг державного значення;2017;https://data.gov.ua/dataset/beca8aa5-96a9-46be-ade7-f1b400213af5;;Категорія міститься безпосередньо у вихідній таблиці показників дороги.;high;original_source_geometry;координати вихідного набору 2017;Зчеплення_Закарпаття_М_Н_Р_2017.xlsx | н-13_пр | rows 77-82;"Базовий загальноукраїнський шар; категорія може відрізнятися від пізніших реконструкцій.";False
BASE2017-00362;Закарпатська;Н-13;Львів - Самбір - Ужгород;державного значення;III;3;;230+000;231+000;230000;231000;1.0;експлуатаційні дані 2017;exact_piketage_from_source;data.gov.ua / Укравтодор;набір техніко-експлуатаційного стану доріг;Дані щодо техніко-експлуатаційного стану автомобільних доріг державного значення;2017;https://data.gov.ua/dataset/beca8aa5-96a9-46be-ade7-f1b400213af5;;Категорія міститься безпосередньо у вихідній таблиці показників дороги.;high;original_source_geometry;координати вихідного набору 2017;Зчеплення_Закарпаття_М_Н_Р_2017.xlsx | н-13_пр | rows 83-83;"Базовий загальноукраїнський шар; категорія може відрізнятися від пізніших реконструкцій.";False
BASE2017-00363;Закарпатська;Н-13;Львів - Самбір - Ужгород;державного значення;II;2;;231+000;232+000;231000;232000;1.0;експлуатаційні дані 2017;exact_piketage_from_source;data.gov.ua / Укравтодор;набір техніко-експлуатаційного стану доріг;Дані щодо техніко-експлуатаційного стану автомобільних доріг державного значення;2017;https://data.gov.ua/dataset/beca8aa5-96a9-46be-ade7-f1b400213af5;;Категорія міститься безпосередньо у вихідній таблиці показників дороги.;high;original_source_geometry;координати вихідного набору 2017;Зчеплення_Закарпаття_М_Н_Р_2017.xlsx | н-13_пр | rows 84-84;"Базовий загальноукраїнський шар; категорія може відрізнятися від пізніших реконструкцій.";False
BASE2017-00364;Закарпатська;Н-13;Львів - Самбір - Ужгород;державного значення;III;3;;232+000;233+000;232000;233000;1.0;експлуатаційні дані 2017;exact_piketage_from_source;data.gov.ua / Укравтодор;набір техніко-експлуатаційного стану доріг;Дані щодо техніко-експлуатаційного стану автомобільних доріг державного значення;2017;https://data.gov.ua/dataset/beca8aa5-96a9-46be-ade7-f1b400213af5;;Категорія міститься безпосередньо у вихідній таблиці показників дороги.;high;original_source_geometry;координати вихідного набору 2017;Зчеплення_Закарпаття_М_Н_Р_2017.xlsx | н-13_пр | rows 85-85;"Базовий загальноукраїнський шар; категорія може відрізнятися від пізніших реконструкцій.";False
BASE2017-00365;Закарпатська;Н-13;Львів - Самбір - Ужгород;державного значення;II;2;;233+000;243+503;233000;243503;10.503;експлуатаційні дані 2017;exact_piketage_from_source;data.gov.ua / Укравтодор;набір техніко-експлуатаційного стану доріг;Дані щодо техніко-експлуатаційного стану автомобільних доріг державного значення;2017;https://data.gov.ua/dataset/beca8aa5-96a9-46be-ade7-f1b400213af5;;Категорія міститься безпосередньо у вихідній таблиці показників дороги.;high;original_source_geometry;координати вихідного набору 2017;Зчеплення_Закарпаття_М_Н_Р_2017.xlsx | н-13_пр | rows 86-96;"Базовий загальноукраїнський шар; категорія може відрізнятися від пізніших реконструкцій.";False
BASE2017-00366;Закарпатська;Р-21;Долина - Хуст;державного значення;III;3;;44+983;57+000;44983;57000;12.017;експлуатаційні дані 2017;exact_piketage_from_source;data.gov.ua / Укравтодор;набір техніко-експлуатаційного стану доріг;Дані щодо техніко-експлуатаційного стану автомобільних доріг державного значення;2017;https://data.gov.ua/dataset/beca8aa5-96a9-46be-ade7-f1b400213af5;;Категорія міститься безпосередньо у вихідній таблиці показників дороги.;high;original_source_geometry;координати вихідного набору 2017;Зчеплення_Закарпаття_М_Н_Р_2017.xlsx | р-21_пр | rows 9-21;"Базовий загальноукраїнський шар; категорія може відрізнятися від пізніших реконструкцій.";False
BASE2017-00367;Закарпатська;Р-21;Долина - Хуст;державного значення;IV;4;;57+000;59+000;57000;59000;2.0;експлуатаційні дані 2017;exact_piketage_from_source;data.gov.ua / Укравтодор;набір техніко-експлуатаційного стану доріг;Дані щодо техніко-експлуатаційного стану автомобільних доріг державного значення;2017;https://data.gov.ua/dataset/beca8aa5-96a9-46be-ade7-f1b400213af5;;Категорія міститься безпосередньо у вихідній таблиці показників дороги.;high;original_source_geometry;координати вихідного набору 2017;Зчеплення_Закарпаття_М_Н_Р_2017.xlsx | р-21_пр | rows 22-23;"Базовий загальноукраїнський шар; категорія може відрізнятися від пізніших реконструкцій.";False
BASE2017-00368;Закарпатська;Р-21;Долина - Хуст;державного значення;III;3;;59+000;74+000;59000;74000;15.0;експлуатаційні дані 2017;exact_piketage_from_source;data.gov.ua / Укравтодор;набір техніко-експлуатаційного стану доріг;Дані щодо техніко-експлуатаційного стану автомобільних доріг державного значення;2017;https://data.gov.ua/dataset/beca8aa5-96a9-46be-ade7-f1b400213af5;;Категорія міститься безпосередньо у вихідній таблиці показників дороги.;high;original_source_geometry;координати вихідного набору 2017;Зчеплення_Закарпаття_М_Н_Р_2017.xlsx | р-21_пр | rows 24-38;"Базовий загальноукраїнський шар; категорія може відрізнятися від пізніших реконструкцій.";False
BASE2017-00369;Закарпатська;Р-21;Долина - Хуст;державного значення;II;2;;74+000;75+000;74000;75000;1.0;експлуатаційні дані 2017;exact_piketage_from_source;data.gov.ua / Укравтодор;набір техніко-експлуатаційного стану доріг;Дані щодо техніко-експлуатаційного стану автомобільних доріг державного значення;2017;https://data.gov.ua/dataset/beca8aa5-96a9-46be-ade7-f1b400213af5;;Категорія міститься безпосередньо у вихідній таблиці показників дороги.;high;original_source_geometry;координати вихідного набору 2017;Зчеплення_Закарпаття_М_Н_Р_2017.xlsx | р-21_пр | rows 39-39;"Базовий загальноукраїнський шар; категорія може відрізнятися від пізніших реконструкцій.";False
BASE2017-00370;Закарпатська;Р-21;Долина - Хуст;державного значення;III;3;;75+000;86+000;75000;86000;11.0;експлуатаційні дані 2017;exact_piketage_from_source;data.gov.ua / Укравтодор;набір техніко-експлуатаційного стану доріг;Дані щодо техніко-експлуатаційного стану автомобільних доріг державного значення;2017;https://data.gov.ua/dataset/beca8aa5-96a9-46be-ade7-f1b400213af5;;Категорія міститься безпосередньо у вихідній таблиці показників дороги.;high;original_source_geometry;координати вихідного набору 2017;Зчеплення_Закарпаття_М_Н_Р_2017.xlsx | р-21_пр | rows 40-50;"Базовий загальноукраїнський шар; категорія може відрізнятися від пізніших реконструкцій.";False
BASE2017-00371;Закарпатська;Р-21;Долина - Хуст;державного значення;IV;4;;86+000;87+000;86000;87000;1.0;експлуатаційні дані 2017;exact_piketage_from_source;data.gov.ua / Укравтодор;набір техніко-експлуатаційного стану доріг;Дані щодо техніко-експлуатаційного стану автомобільних доріг державного значення;2017;https://data.gov.ua/dataset/beca8aa5-96a9-46be-ade7-f1b400213af5;;Категорія міститься безпосередньо у вихідній таблиці показників дороги.;high;original_source_geometry;координати вихідного набору 2017;Зчеплення_Закарпаття_М_Н_Р_2017.xlsx | р-21_пр | rows 51-51;"Базовий загальноукраїнський шар; категорія може відрізнятися від пізніших реконструкцій.";False
BASE2017-00372;Закарпатська;Р-21;Долина - Хуст;державного значення;II;2;;87+000;100+000;87000;100000;13.0;експлуатаційні дані 2017;exact_piketage_from_source;data.gov.ua / Укравтодор;набір техніко-експлуатаційного стану доріг;Дані щодо техніко-експлуатаційного стану автомобільних доріг державного значення;2017;https://data.gov.ua/dataset/beca8aa5-96a9-46be-ade7-f1b400213af5;;Категорія міститься безпосередньо у вихідній таблиці показників дороги.;high;original_source_geometry;координати вихідного набору 2017;Зчеплення_Закарпаття_М_Н_Р_2017.xlsx | р-21_пр | rows 52-64;"Базовий загальноукраїнський шар; категорія може відрізнятися від пізніших реконструкцій.";False
BASE2017-00373;Закарпатська;Р-21;Долина - Хуст;державного значення;III;3;;100+000;128+729;100000;128729;28.729;експлуатаційні дані 2017;exact_piketage_from_source;data.gov.ua / Укравтодор;набір техніко-експлуатаційного стану доріг;Дані щодо техніко-експлуатаційного стану автомобільних доріг державного значення;2017;https://data.gov.ua/dataset/beca8aa5-96a9-46be-ade7-f1b400213af5;;Категорія міститься безпосередньо у вихідній таблиці показників дороги.;high;original_source_geometry;координати вихідного набору 2017;Зчеплення_Закарпаття_М_Н_Р_2017.xlsx | р-21_пр | rows 65-93;"Базовий загальноукраїнський шар; категорія може відрізнятися від пізніших реконструкцій.";False
BASE2017-00374;Закарпатська;Р-53;"КПП ""Малий Березний"" - Малий Березний";державного значення;II;2;;0+000;3+100;0;3100;3.1;експлуатаційні дані 2017;exact_piketage_from_source;data.gov.ua / Укравтодор;набір техніко-експлуатаційного стану доріг;Дані щодо техніко-експлуатаційного стану автомобільних доріг державного значення;2017;https://data.gov.ua/dataset/beca8aa5-96a9-46be-ade7-f1b400213af5;;Категорія міститься безпосередньо у вихідній таблиці показників дороги.;high;original_source_geometry;координати вихідного набору 2017;Зчеплення_Закарпаття_М_Н_Р_2017.xlsx | р-53_пр | rows 9-12;"Базовий загальноукраїнський шар; категорія може відрізнятися від пізніших реконструкцій.";False
BASE2017-00375;Запорізька;М-14;Одеса - Мелітополь - Новоазовськ (на Таганрог);державного значення;II;2;;400+531;442+731;400531;442731;42.2;експлуатаційні дані 2017;exact_piketage_from_source;data.gov.ua / Укравтодор;набір техніко-експлуатаційного стану доріг;Дані щодо техніко-експлуатаційного стану автомобільних доріг державного значення;2017;https://data.gov.ua/dataset/beca8aa5-96a9-46be-ade7-f1b400213af5;;Категорія міститься безпосередньо у вихідній таблиці показників дороги.;high;original_source_geometry;координати вихідного набору 2017;Зчеплення_Запор_жжя_М_Н_2017.xlsx | М-14_пр | rows 9-51;"Базовий загальноукраїнський шар; категорія може відрізнятися від пізніших реконструкцій.";False
BASE2017-00376;Запорізька;М-14;Одеса - Мелітополь - Новоазовськ (на Таганрог);державного значення;II;2;;452+231;604+086;452231;604086;151.855;експлуатаційні дані 2017;exact_piketage_from_source;data.gov.ua / Укравтодор;набір техніко-експлуатаційного стану доріг;Дані щодо техніко-експлуатаційного стану автомобільних доріг державного значення;2017;https://data.gov.ua/dataset/beca8aa5-96a9-46be-ade7-f1b400213af5;;Категорія міститься безпосередньо у вихідній таблиці показників дороги.;high;original_source_geometry;координати вихідного набору 2017;Зчеплення_Запор_жжя_М_Н_2017.xlsx | М-14_пр | rows 53-205;"Базовий загальноукраїнський шар; категорія може відрізнятися від пізніших реконструкцій.";False
BASE2017-00377;Запорізька;М-14-03;Обхід м. Мелітополь;державного значення;I;1;;0+000;16+795;0;16795;16.795;експлуатаційні дані 2017;exact_piketage_from_source;data.gov.ua / Укравтодор;набір техніко-експлуатаційного стану доріг;Дані щодо техніко-експлуатаційного стану автомобільних доріг державного значення;2017;https://data.gov.ua/dataset/beca8aa5-96a9-46be-ade7-f1b400213af5;;Категорія міститься безпосередньо у вихідній таблиці показників дороги.;high;original_source_geometry;координати вихідного набору 2017;Зчеплення_Запор_жжя_М_Н_2017.xlsx | М-14 О_пр  | rows 9-25;"Базовий загальноукраїнський шар; категорія може відрізнятися від пізніших реконструкцій.";False
BASE2017-00378;Запорізька;М-18;Харків - Сімферополь - Алушта - Ялта;державного значення;II;2;;255+100;283+861;255100;283861;28.761;експлуатаційні дані 2017;exact_piketage_from_source;data.gov.ua / Укравтодор;набір техніко-експлуатаційного стану доріг;Дані щодо техніко-експлуатаційного стану автомобільних доріг державного значення;2017;https://data.gov.ua/dataset/beca8aa5-96a9-46be-ade7-f1b400213af5;;Категорія міститься безпосередньо у вихідній таблиці показників дороги.;high;original_source_geometry;координати вихідного набору 2017;Зчеплення_Запор_жжя_М_Н_2017.xlsx | М-18_пр | rows 9-37;"Базовий загальноукраїнський шар; категорія може відрізнятися від пізніших реконструкцій.";False
BASE2017-00379;Запорізька;М-18;Харків - Сімферополь - Алушта - Ялта;державного значення;II;2;;288+250;289+655;288250;289655;1.405;експлуатаційні дані 2017;exact_piketage_from_source;data.gov.ua / Укравтодор;набір техніко-експлуатаційного стану доріг;Дані щодо техніко-експлуатаційного стану автомобільних доріг державного значення;2017;https://data.gov.ua/dataset/beca8aa5-96a9-46be-ade7-f1b400213af5;;Категорія міститься безпосередньо у вихідній таблиці показників дороги.;high;original_source_geometry;координати вихідного набору 2017;Зчеплення_Запор_жжя_М_Н_2017.xlsx | М-18_пр | rows 39-40;"Базовий загальноукраїнський шар; категорія може відрізнятися від пізніших реконструкцій.";False
BASE2017-00380;Запорізька;М-18;Харків - Сімферополь - Алушта - Ялта;державного значення;II;2;;299+491;405+091;299491;405091;105.6;експлуатаційні дані 2017;exact_piketage_from_source;data.gov.ua / Укравтодор;набір техніко-експлуатаційного стану доріг;Дані щодо техніко-експлуатаційного стану автомобільних доріг державного значення;2017;https://data.gov.ua/dataset/beca8aa5-96a9-46be-ade7-f1b400213af5;;Категорія міститься безпосередньо у вихідній таблиці показників дороги.;high;original_source_geometry;координати вихідного набору 2017;Зчеплення_Запор_жжя_М_Н_2017.xlsx | М-18_пр | rows 42-148;"Базовий загальноукраїнський шар; категорія може відрізнятися від пізніших реконструкцій.";False
BASE2017-00381;Запорізька;М-18;Харків - Сімферополь - Алушта - Ялта;державного значення;II;2;;412+354;458+460;412354;458460;46.106;експлуатаційні дані 2017;exact_piketage_from_source;data.gov.ua / Укравтодор;набір техніко-експлуатаційного стану доріг;Дані щодо техніко-експлуатаційного стану автомобільних доріг державного значення;2017;https://data.gov.ua/dataset/beca8aa5-96a9-46be-ade7-f1b400213af5;;Категорія міститься безпосередньо у вихідній таблиці показників дороги.;high;original_source_geometry;координати вихідного набору 2017;Зчеплення_Запор_жжя_М_Н_2017.xlsx | М-18_пр | rows 150-196;"Базовий загальноукраїнський шар; категорія може відрізнятися від пізніших реконструкцій.";False
BASE2017-00382;Запорізька;Н-08;Бориспіль - Дніпропетровськ - Запоріжжя (через Кременчук);державного значення;II;2;;450+455;474+193;450455;474193;23.738;експлуатаційні дані 2017;exact_piketage_from_source;data.gov.ua / Укравтодор;набір техніко-експлуатаційного стану доріг;Дані щодо техніко-експлуатаційного стану автомобільних доріг державного значення;2017;https://data.gov.ua/dataset/beca8aa5-96a9-46be-ade7-f1b400213af5;;Категорія міститься безпосередньо у вихідній таблиці показників дороги.;high;original_source_geometry;координати вихідного набору 2017;Зчеплення_Запор_жжя_М_Н_2017.xlsx | Н-08_пр | rows 9-33;"Базовий загальноукраїнський шар; категорія може відрізнятися від пізніших реконструкцій.";False
BASE2017-00383;Запорізька;Н-15;Запоріжжя - Донецьк;державного значення;II;2;;8+850;10+000;8850;10000;1.15;експлуатаційні дані 2017;exact_piketage_from_source;data.gov.ua / Укравтодор;набір техніко-експлуатаційного стану доріг;Дані щодо техніко-експлуатаційного стану автомобільних доріг державного значення;2017;https://data.gov.ua/dataset/beca8aa5-96a9-46be-ade7-f1b400213af5;;Категорія міститься безпосередньо у вихідній таблиці показників дороги.;high;original_source_geometry;координати вихідного набору 2017;Зчеплення_Запор_жжя_М_Н_2017.xlsx | Н-15_пр | rows 9-10;"Базовий загальноукраїнський шар; категорія може відрізнятися від пізніших реконструкцій.";False
BASE2017-00384;Запорізька;Н-15;Запоріжжя - Донецьк;державного значення;III;3;;10+000;13+000;10000;13000;3.0;експлуатаційні дані 2017;exact_piketage_from_source;data.gov.ua / Укравтодор;набір техніко-експлуатаційного стану доріг;Дані щодо техніко-експлуатаційного стану автомобільних доріг державного значення;2017;https://data.gov.ua/dataset/beca8aa5-96a9-46be-ade7-f1b400213af5;;Категорія міститься безпосередньо у вихідній таблиці показників дороги.;high;original_source_geometry;координати вихідного набору 2017;Зчеплення_Запор_жжя_М_Н_2017.xlsx | Н-15_пр | rows 11-13;"Базовий загальноукраїнський шар; категорія може відрізнятися від пізніших реконструкцій.";False
BASE2017-00385;Запорізька;Н-15;Запоріжжя - Донецьк;державного значення;I;1;;13+000;20+000;13000;20000;7.0;експлуатаційні дані 2017;exact_piketage_from_source;data.gov.ua / Укравтодор;набір техніко-експлуатаційного стану доріг;Дані щодо техніко-експлуатаційного стану автомобільних доріг державного значення;2017;https://data.gov.ua/dataset/beca8aa5-96a9-46be-ade7-f1b400213af5;;Категорія міститься безпосередньо у вихідній таблиці показників дороги.;high;original_source_geometry;координати вихідного набору 2017;Зчеплення_Запор_жжя_М_Н_2017.xlsx | Н-15_пр | rows 14-20;"Базовий загальноукраїнський шар; категорія може відрізнятися від пізніших реконструкцій.";False
BASE2017-00386;Запорізька;Н-15;Запоріжжя - Донецьк;державного значення;II;2;;20+000;78+980;20000;78980;58.98;експлуатаційні дані 2017;exact_piketage_from_source;data.gov.ua / Укравтодор;набір техніко-експлуатаційного стану доріг;Дані щодо техніко-експлуатаційного стану автомобільних доріг державного значення;2017;https://data.gov.ua/dataset/beca8aa5-96a9-46be-ade7-f1b400213af5;;Категорія міститься безпосередньо у вихідній таблиці показників дороги.;high;original_source_geometry;координати вихідного набору 2017;Зчеплення_Запор_жжя_М_Н_2017.xlsx | Н-15_пр | rows 21-79;"Базовий загальноукраїнський шар; категорія може відрізнятися від пізніших реконструкцій.";False
BASE2017-00387;Запорізька;Н-23;Кіровоград - Кривий Ріг - Запоріжжя;державного значення;II;2;;308+489;318+489;308489;318489;10.0;експлуатаційні дані 2017;exact_piketage_from_source;data.gov.ua / Укравтодор;набір техніко-експлуатаційного стану доріг;Дані щодо техніко-експлуатаційного стану автомобільних доріг державного значення;2017;https://data.gov.ua/dataset/beca8aa5-96a9-46be-ade7-f1b400213af5;;Категорія міститься безпосередньо у вихідній таблиці показників дороги.;high;original_source_geometry;координати вихідного набору 2017;Зчеплення_Запор_жжя_М_Н_2017.xlsx | Н-23_пр | rows 9-19;"Базовий загальноукраїнський шар; категорія може відрізнятися від пізніших реконструкцій.";False
BASE2017-00388;Запорізька;Р-37;Енергодар - Василівка - Бердянськ;державного значення;II;2;;3+828;74+479;3828;74479;70.651;експлуатаційні дані 2017;exact_piketage_from_source;data.gov.ua / Укравтодор;набір техніко-експлуатаційного стану доріг;Дані щодо техніко-експлуатаційного стану автомобільних доріг державного значення;2017;https://data.gov.ua/dataset/beca8aa5-96a9-46be-ade7-f1b400213af5;;Категорія міститься безпосередньо у вихідній таблиці показників дороги.;high;original_source_geometry;координати вихідного набору 2017;Зчеплення_Запор_жжя_Р_2017.xlsx | р-37_пр | rows 9-80;"Базовий загальноукраїнський шар; категорія може відрізнятися від пізніших реконструкцій.";False
BASE2017-00389;Запорізька;Р-37;Енергодар - Василівка - Бердянськ;державного значення;II;2;;80+784;216+787;80784;216787;136.003;експлуатаційні дані 2017;exact_piketage_from_source;data.gov.ua / Укравтодор;набір техніко-експлуатаційного стану доріг;Дані щодо техніко-експлуатаційного стану автомобільних доріг державного значення;2017;https://data.gov.ua/dataset/beca8aa5-96a9-46be-ade7-f1b400213af5;;Категорія міститься безпосередньо у вихідній таблиці показників дороги.;high;original_source_geometry;координати вихідного набору 2017;Зчеплення_Запор_жжя_Р_2017.xlsx | р-37_пр | rows 82-218;"Базовий загальноукраїнський шар; категорія може відрізнятися від пізніших реконструкцій.";False
BASE2017-00390;Запорізька;Р-73;від а/д Н-08  - Нікополь;державного значення;II;2;;0+000;7+595;0;7595;7.595;експлуатаційні дані 2017;exact_piketage_from_source;data.gov.ua / Укравтодор;набір техніко-експлуатаційного стану доріг;Дані щодо техніко-експлуатаційного стану автомобільних доріг державного значення;2017;https://data.gov.ua/dataset/beca8aa5-96a9-46be-ade7-f1b400213af5;;Категорія міститься безпосередньо у вихідній таблиці показників дороги.;high;original_source_geometry;координати вихідного набору 2017;Зчеплення_Запор_жжя_Р_2017.xlsx | р-73_пр | rows 9-16;"Базовий загальноукраїнський шар; категорія може відрізнятися від пізніших реконструкцій.";False
BASE2017-00391;Кіровоградська;М-04;Знам'янка - Луганськ - Ізварине (на Волгоград через Дніпропетровськ, Донецьк);державного значення;II;2;;6+760;16+000;6760;16000;9.24;експлуатаційні дані 2017;exact_piketage_from_source;data.gov.ua / Укравтодор;набір техніко-експлуатаційного стану доріг;Дані щодо техніко-експлуатаційного стану автомобільних доріг державного значення;2017;https://data.gov.ua/dataset/beca8aa5-96a9-46be-ade7-f1b400213af5;;Категорія міститься безпосередньо у вихідній таблиці показників дороги.;high;original_source_geometry;координати вихідного набору 2017;Зчеплення_К_ровоградська_М_Н_Р_2017.xlsx | М-04_пр | rows 9-18;"Базовий загальноукраїнський шар; категорія може відрізнятися від пізніших реконструкцій.";False
BASE2017-00392;Кіровоградська;М-04;Знам'янка - Луганськ - Ізварине (на Волгоград через Дніпропетровськ, Донецьк);державного значення;I;1;;16+000;30+000;16000;30000;14.0;експлуатаційні дані 2017;exact_piketage_from_source;data.gov.ua / Укравтодор;набір техніко-експлуатаційного стану доріг;Дані щодо техніко-експлуатаційного стану автомобільних доріг державного значення;2017;https://data.gov.ua/dataset/beca8aa5-96a9-46be-ade7-f1b400213af5;;Категорія міститься безпосередньо у вихідній таблиці показників дороги.;high;original_source_geometry;координати вихідного набору 2017;Зчеплення_К_ровоградська_М_Н_Р_2017.xlsx | М-04_пр | rows 19-32;"Базовий загальноукраїнський шар; категорія може відрізнятися від пізніших реконструкцій.";False
BASE2017-00393;Кіровоградська;М-04;Знам'янка - Луганськ - Ізварине (на Волгоград через Дніпропетровськ, Донецьк);державного значення;II;2;;30+000;47+000;30000;47000;17.0;експлуатаційні дані 2017;exact_piketage_from_source;data.gov.ua / Укравтодор;набір техніко-експлуатаційного стану доріг;Дані щодо техніко-експлуатаційного стану автомобільних доріг державного значення;2017;https://data.gov.ua/dataset/beca8aa5-96a9-46be-ade7-f1b400213af5;;Категорія міститься безпосередньо у вихідній таблиці показників дороги.;high;original_source_geometry;координати вихідного набору 2017;Зчеплення_К_ровоградська_М_Н_Р_2017.xlsx | М-04_пр | rows 33-49;"Базовий загальноукраїнський шар; категорія може відрізнятися від пізніших реконструкцій.";False
BASE2017-00394;Кіровоградська;М-04;Знам'янка - Луганськ - Ізварине (на Волгоград через Дніпропетровськ, Донецьк);державного значення;I;1;;47+000;48+000;47000;48000;1.0;експлуатаційні дані 2017;exact_piketage_from_source;data.gov.ua / Укравтодор;набір техніко-експлуатаційного стану доріг;Дані щодо техніко-експлуатаційного стану автомобільних доріг державного значення;2017;https://data.gov.ua/dataset/beca8aa5-96a9-46be-ade7-f1b400213af5;;Категорія міститься безпосередньо у вихідній таблиці показників дороги.;high;original_source_geometry;координати вихідного набору 2017;Зчеплення_К_ровоградська_М_Н_Р_2017.xlsx | М-04_пр | rows 50-50;"Базовий загальноукраїнський шар; категорія може відрізнятися від пізніших реконструкцій.";False
BASE2017-00395;Кіровоградська;М-04;Знам'янка - Луганськ - Ізварине (на Волгоград через Дніпропетровськ, Донецьк);державного значення;II;2;;48+000;57+000;48000;57000;9.0;експлуатаційні дані 2017;exact_piketage_from_source;data.gov.ua / Укравтодор;набір техніко-експлуатаційного стану доріг;Дані щодо техніко-експлуатаційного стану автомобільних доріг державного значення;2017;https://data.gov.ua/dataset/beca8aa5-96a9-46be-ade7-f1b400213af5;;Категорія міститься безпосередньо у вихідній таблиці показників дороги.;high;original_source_geometry;координати вихідного набору 2017;Зчеплення_К_ровоградська_М_Н_Р_2017.xlsx | М-04_пр | rows 51-59;"Базовий загальноукраїнський шар; категорія може відрізнятися від пізніших реконструкцій.";False
BASE2017-00396;Кіровоградська;М-04;Знам'янка - Луганськ - Ізварине (на Волгоград через Дніпропетровськ, Донецьк);державного значення;I;1;;57+000;63+000;57000;63000;6.0;експлуатаційні дані 2017;exact_piketage_from_source;data.gov.ua / Укравтодор;набір техніко-експлуатаційного стану доріг;Дані щодо техніко-експлуатаційного стану автомобільних доріг державного значення;2017;https://data.gov.ua/dataset/beca8aa5-96a9-46be-ade7-f1b400213af5;;Категорія міститься безпосередньо у вихідній таблиці показників дороги.;high;original_source_geometry;координати вихідного набору 2017;Зчеплення_К_ровоградська_М_Н_Р_2017.xlsx | М-04_пр | rows 60-65;"Базовий загальноукраїнський шар; категорія може відрізнятися від пізніших реконструкцій.";False
BASE2017-00397;Кіровоградська;М-04;Знам'янка - Луганськ - Ізварине (на Волгоград через Дніпропетровськ, Донецьк);державного значення;II;2;;63+000;64+000;63000;64000;1.0;експлуатаційні дані 2017;exact_piketage_from_source;data.gov.ua / Укравтодор;набір техніко-експлуатаційного стану доріг;Дані щодо техніко-експлуатаційного стану автомобільних доріг державного значення;2017;https://data.gov.ua/dataset/beca8aa5-96a9-46be-ade7-f1b400213af5;;Категорія міститься безпосередньо у вихідній таблиці показників дороги.;high;original_source_geometry;координати вихідного набору 2017;Зчеплення_К_ровоградська_М_Н_Р_2017.xlsx | М-04_пр | rows 66-66;"Базовий загальноукраїнський шар; категорія може відрізнятися від пізніших реконструкцій.";False
BASE2017-00398;Кіровоградська;М-04;Знам'янка - Луганськ - Ізварине (на Волгоград через Дніпропетровськ, Донецьк);державного значення;I;1;;64+000;65+000;64000;65000;1.0;експлуатаційні дані 2017;exact_piketage_from_source;data.gov.ua / Укравтодор;набір техніко-експлуатаційного стану доріг;Дані щодо техніко-експлуатаційного стану автомобільних доріг державного значення;2017;https://data.gov.ua/dataset/beca8aa5-96a9-46be-ade7-f1b400213af5;;Категорія міститься безпосередньо у вихідній таблиці показників дороги.;high;original_source_geometry;координати вихідного набору 2017;Зчеплення_К_ровоградська_М_Н_Р_2017.xlsx | М-04_пр | rows 67-67;"Базовий загальноукраїнський шар; категорія може відрізнятися від пізніших реконструкцій.";False
BASE2017-00399;Кіровоградська;М-04;Знам'янка - Луганськ - Ізварине (на Волгоград через Дніпропетровськ, Донецьк);державного значення;II;2;;65+000;72+088;65000;72088;7.088;експлуатаційні дані 2017;exact_piketage_from_source;data.gov.ua / Укравтодор;набір техніко-експлуатаційного стану доріг;Дані щодо техніко-експлуатаційного стану автомобільних доріг державного значення;2017;https://data.gov.ua/dataset/beca8aa5-96a9-46be-ade7-f1b400213af5;;Категорія міститься безпосередньо у вихідній таблиці показників дороги.;high;original_source_geometry;координати вихідного набору 2017;Зчеплення_К_ровоградська_М_Н_Р_2017.xlsx | М-04_пр | rows 68-75;"Базовий загальноукраїнський шар; категорія може відрізнятися від пізніших реконструкцій.";False
BASE2017-00400;Кіровоградська;М-12;Стрий - Тернопіль - Кіровоград - Знам'янка (через Вінницю);державного значення;III;3;;578+928;600+000;578928;600000;21.072;експлуатаційні дані 2017;exact_piketage_from_source;data.gov.ua / Укравтодор;набір техніко-експлуатаційного стану доріг;Дані щодо техніко-експлуатаційного стану автомобільних доріг державного значення;2017;https://data.gov.ua/dataset/beca8aa5-96a9-46be-ade7-f1b400213af5;;Категорія міститься безпосередньо у вихідній таблиці показників дороги.;high;original_source_geometry;координати вихідного набору 2017;Зчеплення_К_ровоградська_М_Н_Р_2017.xlsx | М-12_пр | rows 9-30;"Базовий загальноукраїнський шар; категорія може відрізнятися від пізніших реконструкцій.";False
BASE2017-00401;Кіровоградська;М-12;Стрий - Тернопіль - Кіровоград - Знам'янка (через Вінницю);державного значення;II;2;;600+000;755+519;600000;755519;155.519;експлуатаційні дані 2017;exact_piketage_from_source;data.gov.ua / Укравтодор;набір техніко-експлуатаційного стану доріг;Дані щодо техніко-експлуатаційного стану автомобільних доріг державного значення;2017;https://data.gov.ua/dataset/beca8aa5-96a9-46be-ade7-f1b400213af5;;Категорія міститься безпосередньо у вихідній таблиці показників дороги.;high;original_source_geometry;координати вихідного набору 2017;Зчеплення_К_ровоградська_М_Н_Р_2017.xlsx | М-12_пр | rows 31-186;"Базовий загальноукраїнський шар; категорія може відрізнятися від пізніших реконструкцій.";False
BASE2017-00402;Кіровоградська;М-13;Кіровоград - Платонове;державного значення;III;3;;0+000;3+000;0;3000;3.0;експлуатаційні дані 2017;exact_piketage_from_source;data.gov.ua / Укравтодор;набір техніко-експлуатаційного стану доріг;Дані щодо техніко-експлуатаційного стану автомобільних доріг державного значення;2017;https://data.gov.ua/dataset/beca8aa5-96a9-46be-ade7-f1b400213af5;;Категорія міститься безпосередньо у вихідній таблиці показників дороги.;high;original_source_geometry;координати вихідного набору 2017;Зчеплення_К_ровоградська_М_Н_Р_2017.xlsx | М-13_пр | rows 9-11;"Базовий загальноукраїнський шар; категорія може відрізнятися від пізніших реконструкцій.";False
BASE2017-00403;Кіровоградська;М-13;Кіровоград - Платонове;державного значення;II;2;;3+000;10+000;3000;10000;7.0;експлуатаційні дані 2017;exact_piketage_from_source;data.gov.ua / Укравтодор;набір техніко-експлуатаційного стану доріг;Дані щодо техніко-експлуатаційного стану автомобільних доріг державного значення;2017;https://data.gov.ua/dataset/beca8aa5-96a9-46be-ade7-f1b400213af5;;Категорія міститься безпосередньо у вихідній таблиці показників дороги.;high;original_source_geometry;координати вихідного набору 2017;Зчеплення_К_ровоградська_М_Н_Р_2017.xlsx | М-13_пр | rows 12-18;"Базовий загальноукраїнський шар; категорія може відрізнятися від пізніших реконструкцій.";False
BASE2017-00404;Кіровоградська;М-13;Кіровоград - Платонове;державного значення;III;3;;10+000;23+000;10000;23000;13.0;експлуатаційні дані 2017;exact_piketage_from_source;data.gov.ua / Укравтодор;набір техніко-експлуатаційного стану доріг;Дані щодо техніко-експлуатаційного стану автомобільних доріг державного значення;2017;https://data.gov.ua/dataset/beca8aa5-96a9-46be-ade7-f1b400213af5;;Категорія міститься безпосередньо у вихідній таблиці показників дороги.;high;original_source_geometry;координати вихідного набору 2017;Зчеплення_К_ровоградська_М_Н_Р_2017.xlsx | М-13_пр | rows 19-31;"Базовий загальноукраїнський шар; категорія може відрізнятися від пізніших реконструкцій.";False
BASE2017-00405;Кіровоградська;М-13;Кіровоград - Платонове;державного значення;II;2;;23+000;76+432;23000;76432;53.432;експлуатаційні дані 2017;exact_piketage_from_source;data.gov.ua / Укравтодор;набір техніко-експлуатаційного стану доріг;Дані щодо техніко-експлуатаційного стану автомобільних доріг державного значення;2017;https://data.gov.ua/dataset/beca8aa5-96a9-46be-ade7-f1b400213af5;;Категорія міститься безпосередньо у вихідній таблиці показників дороги.;high;original_source_geometry;координати вихідного набору 2017;Зчеплення_К_ровоградська_М_Н_Р_2017.xlsx | М-13_пр | rows 32-85;"Базовий загальноукраїнський шар; категорія може відрізнятися від пізніших реконструкцій.";False
BASE2017-00406;Кіровоградська;М-22;Полтава - Олександрія;державного значення;I;1;;126+781;163+708;126781;163708;36.927;експлуатаційні дані 2017;exact_piketage_from_source;data.gov.ua / Укравтодор;набір техніко-експлуатаційного стану доріг;Дані щодо техніко-експлуатаційного стану автомобільних доріг державного значення;2017;https://data.gov.ua/dataset/beca8aa5-96a9-46be-ade7-f1b400213af5;;Категорія міститься безпосередньо у вихідній таблиці показників дороги.;high;original_source_geometry;координати вихідного набору 2017;Зчеплення_К_ровоградська_М_Н_Р_2017.xlsx | М-22_пр | rows 9-46;"Базовий загальноукраїнський шар; категорія може відрізнятися від пізніших реконструкцій.";False
BASE2017-00407;Кіровоградська;Н-01;Київ - Знам'янка;державного значення;II;2;;241+622;287+954;241622;287954;46.332;експлуатаційні дані 2017;exact_piketage_from_source;data.gov.ua / Укравтодор;набір техніко-експлуатаційного стану доріг;Дані щодо техніко-експлуатаційного стану автомобільних доріг державного значення;2017;https://data.gov.ua/dataset/beca8aa5-96a9-46be-ade7-f1b400213af5;;Категорія міститься безпосередньо у вихідній таблиці показників дороги.;high;original_source_geometry;координати вихідного набору 2017;Зчеплення_К_ровоградська_М_Н_Р_2017.xlsx | Н-01_пр | rows 9-55;"Базовий загальноукраїнський шар; категорія може відрізнятися від пізніших реконструкцій.";False
BASE2017-00408;Кіровоградська;Н-08;Бориспіль - Дніпропетровськ - Запоріжжя (через Кременчук);державного значення;III;3;;273+649;296+735;273649;296735;23.086;експлуатаційні дані 2017;exact_piketage_from_source;data.gov.ua / Укравтодор;набір техніко-експлуатаційного стану доріг;Дані щодо техніко-експлуатаційного стану автомобільних доріг державного значення;2017;https://data.gov.ua/dataset/beca8aa5-96a9-46be-ade7-f1b400213af5;;Категорія міститься безпосередньо у вихідній таблиці показників дороги.;high;original_source_geometry;координати вихідного набору 2017;Зчеплення_К_ровоградська_М_Н_Р_2017.xlsx | Н-08_пр | rows 9-32;"Базовий загальноукраїнський шар; категорія може відрізнятися від пізніших реконструкцій.";False
BASE2017-00409;Кіровоградська;Н-14;Олександрівка - Кіровоград - Миколаїв;державного значення;II;2;;1+341;46+386;1341;46386;45.045;експлуатаційні дані 2017;exact_piketage_from_source;data.gov.ua / Укравтодор;набір техніко-експлуатаційного стану доріг;Дані щодо техніко-експлуатаційного стану автомобільних доріг державного значення;2017;https://data.gov.ua/dataset/beca8aa5-96a9-46be-ade7-f1b400213af5;;Категорія міститься безпосередньо у вихідній таблиці показників дороги.;high;original_source_geometry;координати вихідного набору 2017;Зчеплення_К_ровоградська_М_Н_Р_2017.xlsx | Н-14_пр | rows 9-54;"Базовий загальноукраїнський шар; категорія може відрізнятися від пізніших реконструкцій.";False
BASE2017-00410;Кіровоградська;Н-14;Олександрівка - Кіровоград - Миколаїв;державного значення;II;2;;70+362;90+000;70362;90000;19.638;експлуатаційні дані 2017;exact_piketage_from_source;data.gov.ua / Укравтодор;набір техніко-експлуатаційного стану доріг;Дані щодо техніко-експлуатаційного стану автомобільних доріг державного значення;2017;https://data.gov.ua/dataset/beca8aa5-96a9-46be-ade7-f1b400213af5;;Категорія міститься безпосередньо у вихідній таблиці показників дороги.;high;original_source_geometry;координати вихідного набору 2017;Зчеплення_К_ровоградська_М_Н_Р_2017.xlsx | Н-14_пр | rows 56-75;"Базовий загальноукраїнський шар; категорія може відрізнятися від пізніших реконструкцій.";False
BASE2017-00411;Кіровоградська;Н-14;Олександрівка - Кіровоград - Миколаїв;державного значення;III;3;;90+000;95+000;90000;95000;5.0;експлуатаційні дані 2017;exact_piketage_from_source;data.gov.ua / Укравтодор;набір техніко-експлуатаційного стану доріг;Дані щодо техніко-експлуатаційного стану автомобільних доріг державного значення;2017;https://data.gov.ua/dataset/beca8aa5-96a9-46be-ade7-f1b400213af5;;Категорія міститься безпосередньо у вихідній таблиці показників дороги.;high;original_source_geometry;координати вихідного набору 2017;Зчеплення_К_ровоградська_М_Н_Р_2017.xlsx | Н-14_пр | rows 76-80;"Базовий загальноукраїнський шар; категорія може відрізнятися від пізніших реконструкцій.";False
BASE2017-00412;Кіровоградська;Н-14;Олександрівка - Кіровоград - Миколаїв;державного значення;IV;4;;95+000;100+000;95000;100000;5.0;експлуатаційні дані 2017;exact_piketage_from_source;data.gov.ua / Укравтодор;набір техніко-експлуатаційного стану доріг;Дані щодо техніко-експлуатаційного стану автомобільних доріг державного значення;2017;https://data.gov.ua/dataset/beca8aa5-96a9-46be-ade7-f1b400213af5;;Категорія міститься безпосередньо у вихідній таблиці показників дороги.;high;original_source_geometry;координати вихідного набору 2017;Зчеплення_К_ровоградська_М_Н_Р_2017.xlsx | Н-14_пр | rows 81-85;"Базовий загальноукраїнський шар; категорія може відрізнятися від пізніших реконструкцій.";False
BASE2017-00413;Кіровоградська;Н-14;Олександрівка - Кіровоград - Миколаїв;державного значення;II;2;;100+000;153+455;100000;153455;53.455;експлуатаційні дані 2017;exact_piketage_from_source;data.gov.ua / Укравтодор;набір техніко-експлуатаційного стану доріг;Дані щодо техніко-експлуатаційного стану автомобільних доріг державного значення;2017;https://data.gov.ua/dataset/beca8aa5-96a9-46be-ade7-f1b400213af5;;Категорія міститься безпосередньо у вихідній таблиці показників дороги.;high;original_source_geometry;координати вихідного набору 2017;Зчеплення_К_ровоградська_М_Н_Р_2017.xlsx | Н-14_пр | rows 86-139;"Базовий загальноукраїнський шар; категорія може відрізнятися від пізніших реконструкцій.";False
BASE2017-00414;Кіровоградська;Н-14;Південний обхід м.Кіровограда;державного значення;II;2;;0+000;1+341;0;1341;1.341;експлуатаційні дані 2017;exact_piketage_from_source;data.gov.ua / Укравтодор;набір техніко-експлуатаційного стану доріг;Дані щодо техніко-експлуатаційного стану автомобільних доріг державного значення;2017;https://data.gov.ua/dataset/beca8aa5-96a9-46be-ade7-f1b400213af5;;Категорія міститься безпосередньо у вихідній таблиці показників дороги.;high;original_source_geometry;координати вихідного набору 2017;Зчеплення_К_ровоградська_М_Н_Р_2017.xlsx | Н-14_О_пр | rows 9-34;"Базовий загальноукраїнський шар; категорія може відрізнятися від пізніших реконструкцій.";False
BASE2017-00415;Кіровоградська;Н-14;Південний обхід м.Кіровограда;державного значення;II;2;;1+341;25+580;1341;25580;24.239;експлуатаційні дані 2017;exact_piketage_from_source;data.gov.ua / Укравтодор;набір техніко-експлуатаційного стану доріг;Дані щодо техніко-експлуатаційного стану автомобільних доріг державного значення;2017;https://data.gov.ua/dataset/beca8aa5-96a9-46be-ade7-f1b400213af5;;Категорія міститься безпосередньо у вихідній таблиці показників дороги.;high;original_source_geometry;координати вихідного набору 2017;Зчеплення_К_ровоградська_М_Н_Р_2017.xlsx | Н-14_О_пр | rows 9-34;"Базовий загальноукраїнський шар; категорія може відрізнятися від пізніших реконструкцій.";False
BASE2017-00416;Кіровоградська;Н-23;Кіровоград - Кривий Ріг - Запоріжжя;державного значення;II;2;;0+000;81+735;0;81735;81.735;експлуатаційні дані 2017;exact_piketage_from_source;data.gov.ua / Укравтодор;набір техніко-експлуатаційного стану доріг;Дані щодо техніко-експлуатаційного стану автомобільних доріг державного значення;2017;https://data.gov.ua/dataset/beca8aa5-96a9-46be-ade7-f1b400213af5;;Категорія міститься безпосередньо у вихідній таблиці показників дороги.;high;original_source_geometry;координати вихідного набору 2017;Зчеплення_К_ровоградська_М_Н_Р_2017.xlsx | Н-23_пр | rows 9-90;"Базовий загальноукраїнський шар; категорія може відрізнятися від пізніших реконструкцій.";False
BASE2017-00417;Кіровоградська;Р-06;Ульяновка - Миколаїв;державного значення;II;2;;0+000;13+000;0;13000;13.0;експлуатаційні дані 2017;exact_piketage_from_source;data.gov.ua / Укравтодор;набір техніко-експлуатаційного стану доріг;Дані щодо техніко-експлуатаційного стану автомобільних доріг державного значення;2017;https://data.gov.ua/dataset/beca8aa5-96a9-46be-ade7-f1b400213af5;;Категорія міститься безпосередньо у вихідній таблиці показників дороги.;high;original_source_geometry;координати вихідного набору 2017;Зчеплення_К_ровоградська_М_Н_Р_2017.xlsx | Р-06_пр | rows 9-21;"Базовий загальноукраїнський шар; категорія може відрізнятися від пізніших реконструкцій.";False
BASE2017-00418;Кіровоградська;Р-06;Ульяновка - Миколаїв;державного значення;IV;4;;13+000;14+000;13000;14000;1.0;експлуатаційні дані 2017;exact_piketage_from_source;data.gov.ua / Укравтодор;набір техніко-експлуатаційного стану доріг;Дані щодо техніко-експлуатаційного стану автомобільних доріг державного значення;2017;https://data.gov.ua/dataset/beca8aa5-96a9-46be-ade7-f1b400213af5;;Категорія міститься безпосередньо у вихідній таблиці показників дороги.;high;original_source_geometry;координати вихідного набору 2017;Зчеплення_К_ровоградська_М_Н_Р_2017.xlsx | Р-06_пр | rows 22-22;"Базовий загальноукраїнський шар; категорія може відрізнятися від пізніших реконструкцій.";False
BASE2017-00419;Кіровоградська;Р-06;Ульяновка - Миколаїв;державного значення;II;2;;14+000;15+000;14000;15000;1.0;експлуатаційні дані 2017;exact_piketage_from_source;data.gov.ua / Укравтодор;набір техніко-експлуатаційного стану доріг;Дані щодо техніко-експлуатаційного стану автомобільних доріг державного значення;2017;https://data.gov.ua/dataset/beca8aa5-96a9-46be-ade7-f1b400213af5;;Категорія міститься безпосередньо у вихідній таблиці показників дороги.;high;original_source_geometry;координати вихідного набору 2017;Зчеплення_К_ровоградська_М_Н_Р_2017.xlsx | Р-06_пр | rows 23-23;"Базовий загальноукраїнський шар; категорія може відрізнятися від пізніших реконструкцій.";False
BASE2017-00420;Кіровоградська;Р-06;Ульяновка - Миколаїв;державного значення;III;3;;15+000;16+000;15000;16000;1.0;експлуатаційні дані 2017;exact_piketage_from_source;data.gov.ua / Укравтодор;набір техніко-експлуатаційного стану доріг;Дані щодо техніко-експлуатаційного стану автомобільних доріг державного значення;2017;https://data.gov.ua/dataset/beca8aa5-96a9-46be-ade7-f1b400213af5;;Категорія міститься безпосередньо у вихідній таблиці показників дороги.;high;original_source_geometry;координати вихідного набору 2017;Зчеплення_К_ровоградська_М_Н_Р_2017.xlsx | Р-06_пр | rows 24-24;"Базовий загальноукраїнський шар; категорія може відрізнятися від пізніших реконструкцій.";False
BASE2017-00421;Кіровоградська;Р-06;Ульяновка - Миколаїв;державного значення;IV;4;;16+000;17+000;16000;17000;1.0;експлуатаційні дані 2017;exact_piketage_from_source;data.gov.ua / Укравтодор;набір техніко-експлуатаційного стану доріг;Дані щодо техніко-експлуатаційного стану автомобільних доріг державного значення;2017;https://data.gov.ua/dataset/beca8aa5-96a9-46be-ade7-f1b400213af5;;Категорія міститься безпосередньо у вихідній таблиці показників дороги.;high;original_source_geometry;координати вихідного набору 2017;Зчеплення_К_ровоградська_М_Н_Р_2017.xlsx | Р-06_пр | rows 25-25;"Базовий загальноукраїнський шар; категорія може відрізнятися від пізніших реконструкцій.";False
BASE2017-00422;Кіровоградська;Р-06;Ульяновка - Миколаїв;державного значення;II;2;;17+000;43+580;17000;43580;26.58;експлуатаційні дані 2017;exact_piketage_from_source;data.gov.ua / Укравтодор;набір техніко-експлуатаційного стану доріг;Дані щодо техніко-експлуатаційного стану автомобільних доріг державного значення;2017;https://data.gov.ua/dataset/beca8aa5-96a9-46be-ade7-f1b400213af5;;Категорія міститься безпосередньо у вихідній таблиці показників дороги.;high;original_source_geometry;координати вихідного набору 2017;Зчеплення_К_ровоградська_М_Н_Р_2017.xlsx | Р-06_пр | rows 26-52;"Базовий загальноукраїнський шар; категорія може відрізнятися від пізніших реконструкцій.";False
BASE2017-00423;Кіровоградська;Р-10;Канів - Чигирин - Кременчук;державного значення;IV;4;;166+319;173+000;166319;173000;6.681;експлуатаційні дані 2017;exact_piketage_from_source;data.gov.ua / Укравтодор;набір техніко-експлуатаційного стану доріг;Дані щодо техніко-експлуатаційного стану автомобільних доріг державного значення;2017;https://data.gov.ua/dataset/beca8aa5-96a9-46be-ade7-f1b400213af5;;Категорія міститься безпосередньо у вихідній таблиці показників дороги.;high;original_source_geometry;координати вихідного набору 2017;Зчеплення_К_ровоградська_М_Н_Р_2017.xlsx | Р-10_пр | rows 9-15;"Базовий загальноукраїнський шар; категорія може відрізнятися від пізніших реконструкцій.";False
BASE2017-00424;Кіровоградська;Р-10;Канів - Чигирин - Кременчук;державного значення;III;3;;173+000;174+000;173000;174000;1.0;експлуатаційні дані 2017;exact_piketage_from_source;data.gov.ua / Укравтодор;набір техніко-експлуатаційного стану доріг;Дані щодо техніко-експлуатаційного стану автомобільних доріг державного значення;2017;https://data.gov.ua/dataset/beca8aa5-96a9-46be-ade7-f1b400213af5;;Категорія міститься безпосередньо у вихідній таблиці показників дороги.;high;original_source_geometry;координати вихідного набору 2017;Зчеплення_К_ровоградська_М_Н_Р_2017.xlsx | Р-10_пр | rows 16-16;"Базовий загальноукраїнський шар; категорія може відрізнятися від пізніших реконструкцій.";False
BASE2017-00425;Кіровоградська;Р-10;Канів - Чигирин - Кременчук;державного значення;IV;4;;174+000;190+387;174000;190387;16.387;експлуатаційні дані 2017;exact_piketage_from_source;data.gov.ua / Укравтодор;набір техніко-експлуатаційного стану доріг;Дані щодо техніко-експлуатаційного стану автомобільних доріг державного значення;2017;https://data.gov.ua/dataset/beca8aa5-96a9-46be-ade7-f1b400213af5;;Категорія міститься безпосередньо у вихідній таблиці показників дороги.;high;original_source_geometry;координати вихідного набору 2017;Зчеплення_К_ровоградська_М_Н_Р_2017.xlsx | Р-10_пр | rows 17-33;"Базовий загальноукраїнський шар; категорія може відрізнятися від пізніших реконструкцій.";False
BASE2017-00426;Кіровоградська;Р-10;Канів - Чигирин - Кременчук;державного значення;III;3;;203+854;208+107;203854;208107;4.253;експлуатаційні дані 2017;exact_piketage_from_source;data.gov.ua / Укравтодор;набір техніко-експлуатаційного стану доріг;Дані щодо техніко-експлуатаційного стану автомобільних доріг державного значення;2017;https://data.gov.ua/dataset/beca8aa5-96a9-46be-ade7-f1b400213af5;;Категорія міститься безпосередньо у вихідній таблиці показників дороги.;high;original_source_geometry;координати вихідного набору 2017;Зчеплення_К_ровоградська_М_Н_Р_2017.xlsx | Р-10_пр | rows 35-40;"Базовий загальноукраїнський шар; категорія може відрізнятися від пізніших реконструкцій.";False
BASE2017-00427;Кіровоградська;Р-71;Одеса - Іванівка - Ананьїв - Піщана - Хащувате - Колодисте - Рижовка - /М-05/;державного значення;III;3;;244+820;282+697;244820;282697;37.877;експлуатаційні дані 2017;exact_piketage_from_source;data.gov.ua / Укравтодор;набір техніко-експлуатаційного стану доріг;Дані щодо техніко-експлуатаційного стану автомобільних доріг державного значення;2017;https://data.gov.ua/dataset/beca8aa5-96a9-46be-ade7-f1b400213af5;;Категорія міститься безпосередньо у вихідній таблиці показників дороги.;high;original_source_geometry;координати вихідного набору 2017;Зчеплення_К_ровоградська_М_Н_Р_2017.xlsx | Р-71_пр | rows 9-47;"Базовий загальноукраїнський шар; категорія може відрізнятися від пізніших реконструкцій.";False
BASE2017-00428;Київська;М-01П;Київ-Чернігів-Нові Яриловичі (на Гомель);державного значення;I;1;;18+730;61+160;18730;61160;42.43;експлуатаційні дані 2017;exact_piketage_from_source;data.gov.ua / Укравтодор;набір техніко-експлуатаційного стану доріг;Дані щодо техніко-експлуатаційного стану автомобільних доріг державного значення;2017;https://data.gov.ua/dataset/beca8aa5-96a9-46be-ade7-f1b400213af5;;Категорія міститься безпосередньо у вихідній таблиці показників дороги.;high;original_source_geometry;координати вихідного набору 2017;Зчеплення_Київ_М_Н_2017.xlsx | М-01_пр_1к_1см | rows 9-52;"Базовий загальноукраїнський шар; категорія може відрізнятися від пізніших реконструкцій.";False
BASE2017-00429;Київська;М-01П;під'їзд до м.Броварів;державного значення;I;1;;0+000;5+000;0;5000;5.0;експлуатаційні дані 2017;exact_piketage_from_source;data.gov.ua / Укравтодор;набір техніко-експлуатаційного стану доріг;Дані щодо техніко-експлуатаційного стану автомобільних доріг державного значення;2017;https://data.gov.ua/dataset/beca8aa5-96a9-46be-ade7-f1b400213af5;;Категорія міститься безпосередньо у вихідній таблиці показників дороги.;high;original_source_geometry;координати вихідного набору 2017;Зчеплення_Київ_М_Н_2017.xlsx | М-01_П_пр_1к_1см | rows 9-13;"Базовий загальноукраїнський шар; категорія може відрізнятися від пізніших реконструкцій.";False
BASE2017-00430;Київська;М-03П;Київ-Харків-Довжанський;державного значення;I;1;;18+000;33+000;18000;33000;15.0;експлуатаційні дані 2017;exact_piketage_from_source;data.gov.ua / Укравтодор;набір техніко-експлуатаційного стану доріг;Дані щодо техніко-експлуатаційного стану автомобільних доріг державного значення;2017;https://data.gov.ua/dataset/beca8aa5-96a9-46be-ade7-f1b400213af5;;Категорія міститься безпосередньо у вихідній таблиці показників дороги.;high;original_source_geometry;координати вихідного набору 2017;Зчеплення_Київ_М_Н_2017.xlsx | М-03_пр_1к_1см | rows 9-25;"Базовий загальноукраїнський шар; категорія може відрізнятися від пізніших реконструкцій.";False
BASE2017-00431;Київська;М-03П;Київ-Харків-Довжанський;державного значення;I;1;;33+000;35+000;33000;35000;2.0;експлуатаційні дані 2017;exact_piketage_from_source;data.gov.ua / Укравтодор;набір техніко-експлуатаційного стану доріг;Дані щодо техніко-експлуатаційного стану автомобільних доріг державного значення;2017;https://data.gov.ua/dataset/beca8aa5-96a9-46be-ade7-f1b400213af5;;Категорія міститься безпосередньо у вихідній таблиці показників дороги.;high;original_source_geometry;координати вихідного набору 2017;Зчеплення_Київ_М_Н_2017.xlsx | М-03_пр_1к_1см | rows 9-25;"Базовий загальноукраїнський шар; категорія може відрізнятися від пізніших реконструкцій.";False
BASE2017-00432;Київська;М-03П;Київ-Харків-Довжанський;державного значення;I;1;;41+311;126+700;41311;126700;85.389;експлуатаційні дані 2017;exact_piketage_from_source;data.gov.ua / Укравтодор;набір техніко-експлуатаційного стану доріг;Дані щодо техніко-експлуатаційного стану автомобільних доріг державного значення;2017;https://data.gov.ua/dataset/beca8aa5-96a9-46be-ade7-f1b400213af5;;Категорія міститься безпосередньо у вихідній таблиці показників дороги.;high;original_source_geometry;координати вихідного набору 2017;Зчеплення_Київ_М_Н_2017.xlsx | М-03_пр_1к_1см | rows 26-111;"Базовий загальноукраїнський шар; категорія може відрізнятися від пізніших реконструкцій.";False
BASE2017-00433;Київська;М-05П;Київ-Одеса;державного значення;I;1;;11+660;17+740;11660;17740;6.08;експлуатаційні дані 2017;exact_piketage_from_source;data.gov.ua / Укравтодор;набір техніко-експлуатаційного стану доріг;Дані щодо техніко-експлуатаційного стану автомобільних доріг державного значення;2017;https://data.gov.ua/dataset/beca8aa5-96a9-46be-ade7-f1b400213af5;;Категорія міститься безпосередньо у вихідній таблиці показників дороги.;high;original_source_geometry;координати вихідного набору 2017;mixed | mixed | rows source XLSX + restored gap;"Базовий загальноукраїнський шар; категорія може відрізнятися від пізніших реконструкцій.";False
BASE2017-00434;Київська;М-05П;Київ-Одеса;державного значення;I;1;;17+740;87+000;17740;87000;69.26;експлуатаційні дані 2017;exact_piketage_from_source;data.gov.ua / Укравтодор;набір техніко-експлуатаційного стану доріг;Дані щодо техніко-експлуатаційного стану автомобільних доріг державного значення;2017;https://data.gov.ua/dataset/beca8aa5-96a9-46be-ade7-f1b400213af5;;Категорія міститься безпосередньо у вихідній таблиці показників дороги.;high;original_source_geometry;координати вихідного набору 2017;mixed | mixed | rows source XLSX + restored gap;"Базовий загальноукраїнський шар; категорія може відрізнятися від пізніших реконструкцій.";False
BASE2017-00435;Київська;М-05П;Київ-Одеса;державного значення;I;1;;87+000;143+028;87000;143028;56.028;експлуатаційні дані 2017;exact_piketage_from_source;data.gov.ua / Укравтодор;набір техніко-експлуатаційного стану доріг;Дані щодо техніко-експлуатаційного стану автомобільних доріг державного значення;2017;https://data.gov.ua/dataset/beca8aa5-96a9-46be-ade7-f1b400213af5;;Категорія міститься безпосередньо у вихідній таблиці показників дороги.;high;original_source_geometry;координати вихідного набору 2017;mixed | mixed | rows source XLSX + restored gap;"Базовий загальноукраїнський шар; категорія може відрізнятися від пізніших реконструкцій.";False
BASE2017-00436;Київська;М-06П;Київ-Чоп (на Будапешт через Львів, Мукачеве, Ужгород);державного значення;I;1;;14+080;68+430;14080;68430;54.35;експлуатаційні дані 2017;exact_piketage_from_source;data.gov.ua / Укравтодор;набір техніко-експлуатаційного стану доріг;Дані щодо техніко-експлуатаційного стану автомобільних доріг державного значення;2017;https://data.gov.ua/dataset/beca8aa5-96a9-46be-ade7-f1b400213af5;;Категорія міститься безпосередньо у вихідній таблиці показників дороги.;high;original_source_geometry;координати вихідного набору 2017;Зчеплення_Київ_М_Н_2017.xlsx | М-06_пр_1к_1см | rows 9-63;"Базовий загальноукраїнський шар; категорія може відрізнятися від пізніших реконструкцій.";False
BASE2017-00437;Київська;М-07;Київ-Ковель-Ягодин (на Люблін);державного значення;III;3;;19+100;22+900;19100;22900;3.8;експлуатаційні дані 2017;exact_piketage_from_source;data.gov.ua / Укравтодор;набір техніко-експлуатаційного стану доріг;Дані щодо техніко-експлуатаційного стану автомобільних доріг державного значення;2017;https://data.gov.ua/dataset/beca8aa5-96a9-46be-ade7-f1b400213af5;;Категорія міститься безпосередньо у вихідній таблиці показників дороги.;high;original_source_geometry;координати вихідного набору 2017;Зчеплення_Київ_М_Н_2017.xlsx | М-07_пр | rows 9-14;"Базовий загальноукраїнський шар; категорія може відрізнятися від пізніших реконструкцій.";False
BASE2017-00438;Київська;М-07;Київ-Ковель-Ягодин (на Люблін);державного значення;III;3;;22+900;23+875;22900;23875;0.975;експлуатаційні дані 2017;exact_piketage_from_source;data.gov.ua / Укравтодор;набір техніко-експлуатаційного стану доріг;Дані щодо техніко-експлуатаційного стану автомобільних доріг державного значення;2017;https://data.gov.ua/dataset/beca8aa5-96a9-46be-ade7-f1b400213af5;;Категорія міститься безпосередньо у вихідній таблиці показників дороги.;high;original_source_geometry;координати вихідного набору 2017;Зчеплення_Київ_М_Н_2017.xlsx | М-07_пр | rows 9-14;"Базовий загальноукраїнський шар; категорія може відрізнятися від пізніших реконструкцій.";False
BASE2017-00439;Київська;М-07;Київ-Ковель-Ягодин (на Люблін);державного значення;III;3;;23+875;24+875;23875;24875;1.0;експлуатаційні дані 2017;exact_piketage_from_source;data.gov.ua / Укравтодор;набір техніко-експлуатаційного стану доріг;Дані щодо техніко-експлуатаційного стану автомобільних доріг державного значення;2017;https://data.gov.ua/dataset/beca8aa5-96a9-46be-ade7-f1b400213af5;;Категорія міститься безпосередньо у вихідній таблиці показників дороги.;high;original_source_geometry;координати вихідного набору 2017;Зчеплення_Київ_М_Н_2017.xlsx | М-07_пр | rows 9-14;"Базовий загальноукраїнський шар; категорія може відрізнятися від пізніших реконструкцій.";False
BASE2017-00440;Київська;М-07;Київ-Ковель-Ягодин (на Люблін);державного значення;III;3;;24+875;25+000;24875;25000;0.125;експлуатаційні дані 2017;exact_piketage_from_source;data.gov.ua / Укравтодор;набір техніко-експлуатаційного стану доріг;Дані щодо техніко-експлуатаційного стану автомобільних доріг державного значення;2017;https://data.gov.ua/dataset/beca8aa5-96a9-46be-ade7-f1b400213af5;;Категорія міститься безпосередньо у вихідній таблиці показників дороги.;high;original_source_geometry;координати вихідного набору 2017;Зчеплення_Київ_М_Н_2017.xlsx | М-07_пр | rows 9-14;"Базовий загальноукраїнський шар; категорія може відрізнятися від пізніших реконструкцій.";False
BASE2017-00441;Київська;М-07;Київ-Ковель-Ягодин (на Люблін);державного значення;II;2;;25+000;26+000;25000;26000;1.0;експлуатаційні дані 2017;exact_piketage_from_source;data.gov.ua / Укравтодор;набір техніко-експлуатаційного стану доріг;Дані щодо техніко-експлуатаційного стану автомобільних доріг державного значення;2017;https://data.gov.ua/dataset/beca8aa5-96a9-46be-ade7-f1b400213af5;;Категорія міститься безпосередньо у вихідній таблиці показників дороги.;high;original_source_geometry;координати вихідного набору 2017;Зчеплення_Київ_М_Н_2017.xlsx | М-07_пр | rows 15-15;"Базовий загальноукраїнський шар; категорія може відрізнятися від пізніших реконструкцій.";False
BASE2017-00442;Київська;М-07;Київ-Ковель-Ягодин (на Люблін);державного значення;III;3;;26+000;49+000;26000;49000;23.0;експлуатаційні дані 2017;exact_piketage_from_source;data.gov.ua / Укравтодор;набір техніко-експлуатаційного стану доріг;Дані щодо техніко-експлуатаційного стану автомобільних доріг державного значення;2017;https://data.gov.ua/dataset/beca8aa5-96a9-46be-ade7-f1b400213af5;;Категорія міститься безпосередньо у вихідній таблиці показників дороги.;high;original_source_geometry;координати вихідного набору 2017;Зчеплення_Київ_М_Н_2017.xlsx | М-07_пр | rows 16-38;"Базовий загальноукраїнський шар; категорія може відрізнятися від пізніших реконструкцій.";False
BASE2017-00443;Київська;М-07;Київ-Ковель-Ягодин (на Люблін);державного значення;I;1;;49+000;79+390;49000;79390;30.39;експлуатаційні дані 2017;exact_piketage_from_source;data.gov.ua / Укравтодор;набір техніко-експлуатаційного стану доріг;Дані щодо техніко-експлуатаційного стану автомобільних доріг державного значення;2017;https://data.gov.ua/dataset/beca8aa5-96a9-46be-ade7-f1b400213af5;;Категорія міститься безпосередньо у вихідній таблиці показників дороги.;high;original_source_geometry;координати вихідного набору 2017;Зчеплення_Київ_М_Н_2017.xlsx | М-07_пр | rows 39-69;"Базовий загальноукраїнський шар; категорія може відрізнятися від пізніших реконструкцій.";False
BASE2017-00444;Київська;М-07П;Київ-Ковель-Ягодин (на Люблін);державного значення;I;1;;22+900;23+875;22900;23875;0.975;експлуатаційні дані 2017;exact_piketage_from_source;data.gov.ua / Укравтодор;набір техніко-експлуатаційного стану доріг;Дані щодо техніко-експлуатаційного стану автомобільних доріг державного значення;2017;https://data.gov.ua/dataset/beca8aa5-96a9-46be-ade7-f1b400213af5;;Категорія міститься безпосередньо у вихідній таблиці показників дороги.;high;original_source_geometry;координати вихідного набору 2017;Зчеплення_Київ_М_Н_2017.xlsx | М-07_пр_1к_1см | rows 9-10;"Базовий загальноукраїнський шар; категорія може відрізнятися від пізніших реконструкцій.";False
BASE2017-00445;Київська;Н-01;Київ-Знам'янка;державного значення;II;2;;43+345;123+750;43345;123750;80.405;експлуатаційні дані 2017;exact_piketage_from_source;data.gov.ua / Укравтодор;набір техніко-експлуатаційного стану доріг;Дані щодо техніко-експлуатаційного стану автомобільних доріг державного значення;2017;https://data.gov.ua/dataset/beca8aa5-96a9-46be-ade7-f1b400213af5;;Категорія міститься безпосередньо у вихідній таблиці показників дороги.;high;original_source_geometry;координати вихідного набору 2017;Зчеплення_Київ_М_Н_2017.xlsx | Н-01_пр | rows 9-89;"Базовий загальноукраїнський шар; категорія може відрізнятися від пізніших реконструкцій.";False
BASE2017-00446;Київська;Н-01;Під'їзд до м.Обухів;державного значення;II;2;;0+000;8+300;0;8300;8.3;експлуатаційні дані 2017;exact_piketage_from_source;data.gov.ua / Укравтодор;набір техніко-експлуатаційного стану доріг;Дані щодо техніко-експлуатаційного стану автомобільних доріг державного значення;2017;https://data.gov.ua/dataset/beca8aa5-96a9-46be-ade7-f1b400213af5;;Категорія міститься безпосередньо у вихідній таблиці показників дороги.;high;original_source_geometry;координати вихідного набору 2017;Зчеплення_Київ_М_Н_2017.xlsx | Н-01_П_пр | rows 9-17;"Базовий загальноукраїнський шар; категорія може відрізнятися від пізніших реконструкцій.";False
BASE2017-00447;Київська;Н-07;Київ-Суми-Юнаківка (на Курськ);державного значення;III;3;;25+480;65+500;25480;65500;40.02;експлуатаційні дані 2017;exact_piketage_from_source;data.gov.ua / Укравтодор;набір техніко-експлуатаційного стану доріг;Дані щодо техніко-експлуатаційного стану автомобільних доріг державного значення;2017;https://data.gov.ua/dataset/beca8aa5-96a9-46be-ade7-f1b400213af5;;Категорія міститься безпосередньо у вихідній таблиці показників дороги.;high;original_source_geometry;координати вихідного набору 2017;Зчеплення_Київ_М_Н_2017.xlsx | Н-07_пр | rows 9-49;"Базовий загальноукраїнський шар; категорія може відрізнятися від пізніших реконструкцій.";False
BASE2017-00448;Київська;Н-08;Бориспіль-Дніпропетровськ-Запоріжжя (через Кременчук);державного значення;II;2;;0+160;2+000;160;2000;1.84;експлуатаційні дані 2017;exact_piketage_from_source;data.gov.ua / Укравтодор;набір техніко-експлуатаційного стану доріг;Дані щодо техніко-експлуатаційного стану автомобільних доріг державного значення;2017;https://data.gov.ua/dataset/beca8aa5-96a9-46be-ade7-f1b400213af5;;Категорія міститься безпосередньо у вихідній таблиці показників дороги.;high;original_source_geometry;координати вихідного набору 2017;Зчеплення_Київ_М_Н_2017.xlsx | Н-08_пр | rows 9-10;"Базовий загальноукраїнський шар; категорія може відрізнятися від пізніших реконструкцій.";False
BASE2017-00449;Київська;Н-08;Бориспіль-Дніпропетровськ-Запоріжжя (через Кременчук);державного значення;III;3;;2+000;3+000;2000;3000;1.0;експлуатаційні дані 2017;exact_piketage_from_source;data.gov.ua / Укравтодор;набір техніко-експлуатаційного стану доріг;Дані щодо техніко-експлуатаційного стану автомобільних доріг державного значення;2017;https://data.gov.ua/dataset/beca8aa5-96a9-46be-ade7-f1b400213af5;;Категорія міститься безпосередньо у вихідній таблиці показників дороги.;high;original_source_geometry;координати вихідного набору 2017;Зчеплення_Київ_М_Н_2017.xlsx | Н-08_пр | rows 11-11;"Базовий загальноукраїнський шар; категорія може відрізнятися від пізніших реконструкцій.";False
BASE2017-00450;Київська;Н-08;Бориспіль-Дніпропетровськ-Запоріжжя (через Кременчук);державного значення;II;2;;3+000;19+000;3000;19000;16.0;експлуатаційні дані 2017;exact_piketage_from_source;data.gov.ua / Укравтодор;набір техніко-експлуатаційного стану доріг;Дані щодо техніко-експлуатаційного стану автомобільних доріг державного значення;2017;https://data.gov.ua/dataset/beca8aa5-96a9-46be-ade7-f1b400213af5;;Категорія міститься безпосередньо у вихідній таблиці показників дороги.;high;original_source_geometry;координати вихідного набору 2017;Зчеплення_Київ_М_Н_2017.xlsx | Н-08_пр | rows 12-27;"Базовий загальноукраїнський шар; категорія може відрізнятися від пізніших реконструкцій.";False
BASE2017-00451;Київська;Н-08;Бориспіль-Дніпропетровськ-Запоріжжя (через Кременчук);державного значення;III;3;;19+000;30+000;19000;30000;11.0;експлуатаційні дані 2017;exact_piketage_from_source;data.gov.ua / Укравтодор;набір техніко-експлуатаційного стану доріг;Дані щодо техніко-експлуатаційного стану автомобільних доріг державного значення;2017;https://data.gov.ua/dataset/beca8aa5-96a9-46be-ade7-f1b400213af5;;Категорія міститься безпосередньо у вихідній таблиці показників дороги.;high;original_source_geometry;координати вихідного набору 2017;Зчеплення_Київ_М_Н_2017.xlsx | Н-08_пр | rows 28-38;"Базовий загальноукраїнський шар; категорія може відрізнятися від пізніших реконструкцій.";False
BASE2017-00452;Київська;Н-08;Бориспіль-Дніпропетровськ-Запоріжжя (через Кременчук);державного значення;II;2;;30+000;34+000;30000;34000;4.0;експлуатаційні дані 2017;exact_piketage_from_source;data.gov.ua / Укравтодор;набір техніко-експлуатаційного стану доріг;Дані щодо техніко-експлуатаційного стану автомобільних доріг державного значення;2017;https://data.gov.ua/dataset/beca8aa5-96a9-46be-ade7-f1b400213af5;;Категорія міститься безпосередньо у вихідній таблиці показників дороги.;high;original_source_geometry;координати вихідного набору 2017;Зчеплення_Київ_М_Н_2017.xlsx | Н-08_пр | rows 39-42;"Базовий загальноукраїнський шар; категорія може відрізнятися від пізніших реконструкцій.";False
BASE2017-00453;Київська;Н-08;Бориспіль-Дніпропетровськ-Запоріжжя (через Кременчук);державного значення;III;3;;34+000;35+000;34000;35000;1.0;експлуатаційні дані 2017;exact_piketage_from_source;data.gov.ua / Укравтодор;набір техніко-експлуатаційного стану доріг;Дані щодо техніко-експлуатаційного стану автомобільних доріг державного значення;2017;https://data.gov.ua/dataset/beca8aa5-96a9-46be-ade7-f1b400213af5;;Категорія міститься безпосередньо у вихідній таблиці показників дороги.;high;original_source_geometry;координати вихідного набору 2017;Зчеплення_Київ_М_Н_2017.xlsx | Н-08_пр | rows 43-43;"Базовий загальноукраїнський шар; категорія може відрізнятися від пізніших реконструкцій.";False
BASE2017-00454;Київська;Н-08;Бориспіль-Дніпропетровськ-Запоріжжя (через Кременчук);державного значення;II;2;;35+000;81+300;35000;81300;46.3;експлуатаційні дані 2017;exact_piketage_from_source;data.gov.ua / Укравтодор;набір техніко-експлуатаційного стану доріг;Дані щодо техніко-експлуатаційного стану автомобільних доріг державного значення;2017;https://data.gov.ua/dataset/beca8aa5-96a9-46be-ade7-f1b400213af5;;Категорія міститься безпосередньо у вихідній таблиці показників дороги.;high;original_source_geometry;координати вихідного набору 2017;Зчеплення_Київ_М_Н_2017.xlsx | Н-08_пр | rows 44-90;"Базовий загальноукраїнський шар; категорія може відрізнятися від пізніших реконструкцій.";False
BASE2017-00455;Київська;Р-01;Київ-Обухів;державного значення;II;2;;16+010;36+310;16010;36310;20.3;експлуатаційні дані 2017;exact_piketage_from_source;data.gov.ua / Укравтодор;набір техніко-експлуатаційного стану доріг;Дані щодо техніко-експлуатаційного стану автомобільних доріг державного значення;2017;https://data.gov.ua/dataset/beca8aa5-96a9-46be-ade7-f1b400213af5;;Категорія міститься безпосередньо у вихідній таблиці показників дороги.;high;original_source_geometry;координати вихідного набору 2017;Зчеплення_Київ_Р_2017.xlsx | Р-01_пр | rows 9-29;"Базовий загальноукраїнський шар; категорія може відрізнятися від пізніших реконструкцій.";False
BASE2017-00456;Київська;Р-02;Київ-Іванків_Овруч;державного значення;II;2;;11+432;19+000;11432;19000;7.568;експлуатаційні дані 2017;exact_piketage_from_source;data.gov.ua / Укравтодор;набір техніко-експлуатаційного стану доріг;Дані щодо техніко-експлуатаційного стану автомобільних доріг державного значення;2017;https://data.gov.ua/dataset/beca8aa5-96a9-46be-ade7-f1b400213af5;;Категорія міститься безпосередньо у вихідній таблиці показників дороги.;high;original_source_geometry;координати вихідного набору 2017;Зчеплення_Київ_Р_2017.xlsx | Р-02_пр | rows 9-16;"Базовий загальноукраїнський шар; категорія може відрізнятися від пізніших реконструкцій.";False
BASE2017-00457;Київська;Р-02;Київ-Іванків_Овруч;державного значення;III;3;;19+000;100+000;19000;100000;81.0;експлуатаційні дані 2017;exact_piketage_from_source;data.gov.ua / Укравтодор;набір техніко-експлуатаційного стану доріг;Дані щодо техніко-експлуатаційного стану автомобільних доріг державного значення;2017;https://data.gov.ua/dataset/beca8aa5-96a9-46be-ade7-f1b400213af5;;Категорія міститься безпосередньо у вихідній таблиці показників дороги.;high;original_source_geometry;координати вихідного набору 2017;Зчеплення_Київ_Р_2017.xlsx | Р-02_пр | rows 17-97;"Базовий загальноукраїнський шар; категорія може відрізнятися від пізніших реконструкцій.";False
BASE2017-00458;Київська;Р-02;Київ-Іванків_Овруч;державного значення;II;2;;100+000;139+860;100000;139860;39.86;експлуатаційні дані 2017;exact_piketage_from_source;data.gov.ua / Укравтодор;набір техніко-експлуатаційного стану доріг;Дані щодо техніко-експлуатаційного стану автомобільних доріг державного значення;2017;https://data.gov.ua/dataset/beca8aa5-96a9-46be-ade7-f1b400213af5;;Категорія міститься безпосередньо у вихідній таблиці показників дороги.;high;original_source_geometry;координати вихідного набору 2017;Зчеплення_Київ_Р_2017.xlsx | Р-02_пр | rows 98-137;"Базовий загальноукраїнський шар; категорія може відрізнятися від пізніших реконструкцій.";False
BASE2017-00459;Київська;Р-02;Під'їзд до меморіального комплексу в с.Нові Петрівці;державного значення;II;2;;0+000;2+000;0;2000;2.0;експлуатаційні дані 2017;exact_piketage_from_source;data.gov.ua / Укравтодор;набір техніко-експлуатаційного стану доріг;Дані щодо техніко-експлуатаційного стану автомобільних доріг державного значення;2017;https://data.gov.ua/dataset/beca8aa5-96a9-46be-ade7-f1b400213af5;;Категорія міститься безпосередньо у вихідній таблиці показників дороги.;high;original_source_geometry;координати вихідного набору 2017;Зчеплення_Київ_Р_2017.xlsx | Р-02_П2_пр | rows 9-10;"Базовий загальноукраїнський шар; категорія може відрізнятися від пізніших реконструкцій.";False
BASE2017-00460;Київська;Р-02;"під'їзд до ЧАЕС (КПП ""Дитятки"")";державного значення;III;3;;2+000;10+000;2000;10000;8.0;експлуатаційні дані 2017;exact_piketage_from_source;data.gov.ua / Укравтодор;набір техніко-експлуатаційного стану доріг;Дані щодо техніко-експлуатаційного стану автомобільних доріг державного значення;2017;https://data.gov.ua/dataset/beca8aa5-96a9-46be-ade7-f1b400213af5;;Категорія міститься безпосередньо у вихідній таблиці показників дороги.;high;original_source_geometry;координати вихідного набору 2017;Зчеплення_Київ_Р_2017.xlsx | Р-02_П_пр | rows 11-18;"Базовий загальноукраїнський шар; категорія може відрізнятися від пізніших реконструкцій.";False
BASE2017-00461;Київська;Р-02;"під'їзд до ЧАЕС (КПП ""Дитятки"")";державного значення;II;2;;10+000;11+432;10000;11432;1.432;експлуатаційні дані 2017;exact_piketage_from_source;data.gov.ua / Укравтодор;набір техніко-експлуатаційного стану доріг;Дані щодо техніко-експлуатаційного стану автомобільних доріг державного значення;2017;https://data.gov.ua/dataset/beca8aa5-96a9-46be-ade7-f1b400213af5;;Категорія міститься безпосередньо у вихідній таблиці показників дороги.;high;original_source_geometry;координати вихідного набору 2017;Зчеплення_Київ_Р_2017.xlsx | Р-02_П_пр | rows 19-27;"Базовий загальноукраїнський шар; категорія може відрізнятися від пізніших реконструкцій.";False
BASE2017-00462;Київська;Р-02;"під'їзд до ЧАЕС (КПП ""Дитятки"")";державного значення;II;2;;11+432;19+000;11432;19000;7.568;експлуатаційні дані 2017;exact_piketage_from_source;data.gov.ua / Укравтодор;набір техніко-експлуатаційного стану доріг;Дані щодо техніко-експлуатаційного стану автомобільних доріг державного значення;2017;https://data.gov.ua/dataset/beca8aa5-96a9-46be-ade7-f1b400213af5;;Категорія міститься безпосередньо у вихідній таблиці показників дороги.;high;original_source_geometry;координати вихідного набору 2017;Зчеплення_Київ_Р_2017.xlsx | Р-02_П_пр | rows 19-27;"Базовий загальноукраїнський шар; категорія може відрізнятися від пізніших реконструкцій.";False
BASE2017-00463;Київська;Р-02;"під'їзд до ЧАЕС (КПП ""Дитятки"")";державного значення;III;3;;19+000;27+676;19000;27676;8.676;експлуатаційні дані 2017;exact_piketage_from_source;data.gov.ua / Укравтодор;набір техніко-експлуатаційного стану доріг;Дані щодо техніко-експлуатаційного стану автомобільних доріг державного значення;2017;https://data.gov.ua/dataset/beca8aa5-96a9-46be-ade7-f1b400213af5;;Категорія міститься безпосередньо у вихідній таблиці показників дороги.;high;original_source_geometry;координати вихідного набору 2017;Зчеплення_Київ_Р_2017.xlsx | Р-02_П_пр | rows 28-36;"Базовий загальноукраїнський шар; категорія може відрізнятися від пізніших реконструкцій.";False
BASE2017-00464;Київська;Р-02;Під'їзд до меморіального комплексу в с.Нові Петрівці;державного значення;II;2;;0+000;2+000;0;2000;2.0;експлуатаційні дані 2017;exact_piketage_from_source;data.gov.ua / Укравтодор;набір техніко-експлуатаційного стану доріг;Дані щодо техніко-експлуатаційного стану автомобільних доріг державного значення;2017;https://data.gov.ua/dataset/beca8aa5-96a9-46be-ade7-f1b400213af5;;Категорія міститься безпосередньо у вихідній таблиці показників дороги.;high;original_source_geometry;координати вихідного набору 2017;Зчеплення_Київ_Р_2017.xlsx | Р-02_П2_пр | rows 9-10;"Базовий загальноукраїнський шар; категорія може відрізнятися від пізніших реконструкцій.";False
BASE2017-00465;Київська;Р-03;Північно-східний обхід м.Києва;державного значення;II;2;;0+000;19+903;0;19903;19.903;експлуатаційні дані 2017;exact_piketage_from_source;data.gov.ua / Укравтодор;набір техніко-експлуатаційного стану доріг;Дані щодо техніко-експлуатаційного стану автомобільних доріг державного значення;2017;https://data.gov.ua/dataset/beca8aa5-96a9-46be-ade7-f1b400213af5;;Категорія міститься безпосередньо у вихідній таблиці показників дороги.;high;original_source_geometry;координати вихідного набору 2017;Зчеплення_Київ_Р_2017.xlsx | Р-03_пр | rows 9-36;"Базовий загальноукраїнський шар; категорія може відрізнятися від пізніших реконструкцій.";False
BASE2017-00466;Київська;Р-03;Північно-східний обхід м.Києва;державного значення;II;2;;19+903;28+000;19903;28000;8.097;експлуатаційні дані 2017;exact_piketage_from_source;data.gov.ua / Укравтодор;набір техніко-експлуатаційного стану доріг;Дані щодо техніко-експлуатаційного стану автомобільних доріг державного значення;2017;https://data.gov.ua/dataset/beca8aa5-96a9-46be-ade7-f1b400213af5;;Категорія міститься безпосередньо у вихідній таблиці показників дороги.;high;original_source_geometry;координати вихідного набору 2017;Зчеплення_Київ_Р_2017.xlsx | Р-03_пр | rows 9-36;"Базовий загальноукраїнський шар; категорія може відрізнятися від пізніших реконструкцій.";False
BASE2017-00467;Київська;Р-03П;Північно-східний обхід м.Києва;державного значення;I;1;;19+903;28+000;19903;28000;8.097;експлуатаційні дані 2017;exact_piketage_from_source;data.gov.ua / Укравтодор;набір техніко-експлуатаційного стану доріг;Дані щодо техніко-експлуатаційного стану автомобільних доріг державного значення;2017;https://data.gov.ua/dataset/beca8aa5-96a9-46be-ade7-f1b400213af5;;Категорія міститься безпосередньо у вихідній таблиці показників дороги.;high;original_source_geometry;координати вихідного набору 2017;Зчеплення_Київ_Р_2017.xlsx | Р-03_пр_1к_1см | rows 9-17;"Базовий загальноукраїнський шар; категорія може відрізнятися від пізніших реконструкцій.";False
BASE2017-00468;Київська;Р-03;під'їзд до а/д М-03;державного значення;II;2;;0+000;5+500;0;5500;5.5;експлуатаційні дані 2017;exact_piketage_from_source;data.gov.ua / Укравтодор;набір техніко-експлуатаційного стану доріг;Дані щодо техніко-експлуатаційного стану автомобільних доріг державного значення;2017;https://data.gov.ua/dataset/beca8aa5-96a9-46be-ade7-f1b400213af5;;Категорія міститься безпосередньо у вихідній таблиці показників дороги.;high;original_source_geometry;координати вихідного набору 2017;Зчеплення_Київ_Р_2017.xlsx | Р-03_П_пр | rows 9-14;"Базовий загальноукраїнський шар; категорія може відрізнятися від пізніших реконструкцій.";False
BASE2017-00469;Київська;Р-04;Київ-Фастів-Біла Церква-Тараща-Звенигородка;державного значення;II;2;;0+000;2+000;0;2000;2.0;експлуатаційні дані 2017;exact_piketage_from_source;data.gov.ua / Укравтодор;набір техніко-експлуатаційного стану доріг;Дані щодо техніко-експлуатаційного стану автомобільних доріг державного значення;2017;https://data.gov.ua/dataset/beca8aa5-96a9-46be-ade7-f1b400213af5;;Категорія міститься безпосередньо у вихідній таблиці показників дороги.;high;original_source_geometry;координати вихідного набору 2017;Зчеплення_Київ_Р_2017.xlsx | Р-04_пр | rows 9-10;"Базовий загальноукраїнський шар; категорія може відрізнятися від пізніших реконструкцій.";False
BASE2017-00470;Київська;Р-04;Київ-Фастів-Біла Церква-Тараща-Звенигородка;державного значення;III;3;;2+000;3+000;2000;3000;1.0;експлуатаційні дані 2017;exact_piketage_from_source;data.gov.ua / Укравтодор;набір техніко-експлуатаційного стану доріг;Дані щодо техніко-експлуатаційного стану автомобільних доріг державного значення;2017;https://data.gov.ua/dataset/beca8aa5-96a9-46be-ade7-f1b400213af5;;Категорія міститься безпосередньо у вихідній таблиці показників дороги.;high;original_source_geometry;координати вихідного набору 2017;Зчеплення_Київ_Р_2017.xlsx | Р-04_пр | rows 11-11;"Базовий загальноукраїнський шар; категорія може відрізнятися від пізніших реконструкцій.";False
BASE2017-00471;Київська;Р-04;Київ-Фастів-Біла Церква-Тараща-Звенигородка;державного значення;II;2;;3+000;19+000;3000;19000;16.0;експлуатаційні дані 2017;exact_piketage_from_source;data.gov.ua / Укравтодор;набір техніко-експлуатаційного стану доріг;Дані щодо техніко-експлуатаційного стану автомобільних доріг державного значення;2017;https://data.gov.ua/dataset/beca8aa5-96a9-46be-ade7-f1b400213af5;;Категорія міститься безпосередньо у вихідній таблиці показників дороги.;high;original_source_geometry;координати вихідного набору 2017;Зчеплення_Київ_Р_2017.xlsx | Р-04_пр | rows 12-27;"Базовий загальноукраїнський шар; категорія може відрізнятися від пізніших реконструкцій.";False
BASE2017-00472;Київська;Р-04;Київ-Фастів-Біла Церква-Тараща-Звенигородка;державного значення;III;3;;19+000;22+000;19000;22000;3.0;експлуатаційні дані 2017;exact_piketage_from_source;data.gov.ua / Укравтодор;набір техніко-експлуатаційного стану доріг;Дані щодо техніко-експлуатаційного стану автомобільних доріг державного значення;2017;https://data.gov.ua/dataset/beca8aa5-96a9-46be-ade7-f1b400213af5;;Категорія міститься безпосередньо у вихідній таблиці показників дороги.;high;original_source_geometry;координати вихідного набору 2017;Зчеплення_Київ_Р_2017.xlsx | Р-04_пр | rows 28-30;"Базовий загальноукраїнський шар; категорія може відрізнятися від пізніших реконструкцій.";False
BASE2017-00473;Київська;Р-04;Київ-Фастів-Біла Церква-Тараща-Звенигородка;державного значення;II;2;;22+000;72+832;22000;72832;50.832;експлуатаційні дані 2017;exact_piketage_from_source;data.gov.ua / Укравтодор;набір техніко-експлуатаційного стану доріг;Дані щодо техніко-експлуатаційного стану автомобільних доріг державного значення;2017;https://data.gov.ua/dataset/beca8aa5-96a9-46be-ade7-f1b400213af5;;Категорія міститься безпосередньо у вихідній таблиці показників дороги.;high;original_source_geometry;координати вихідного набору 2017;Зчеплення_Київ_Р_2017.xlsx | Р-04_пр | rows 31-81;"Базовий загальноукраїнський шар; категорія може відрізнятися від пізніших реконструкцій.";False
BASE2017-00474;Київська;Р-04;Київ-Фастів-Біла Церква-Тараща-Звенигородка;державного значення;II;2;;75+690;105+205;75690;105205;29.515;експлуатаційні дані 2017;exact_piketage_from_source;data.gov.ua / Укравтодор;набір техніко-експлуатаційного стану доріг;Дані щодо техніко-експлуатаційного стану автомобільних доріг державного значення;2017;https://data.gov.ua/dataset/beca8aa5-96a9-46be-ade7-f1b400213af5;;Категорія міститься безпосередньо у вихідній таблиці показників дороги.;high;original_source_geometry;координати вихідного набору 2017;Зчеплення_Київ_Р_2017.xlsx | Р-04_пр | rows 82-112;"Базовий загальноукраїнський шар; категорія може відрізнятися від пізніших реконструкцій.";False
BASE2017-00475;Київська;Р-04;Київ-Фастів-Біла Церква-Тараща-Звенигородка;державного значення;II;2;;113+714;120+512;113714;120512;6.798;експлуатаційні дані 2017;exact_piketage_from_source;data.gov.ua / Укравтодор;набір техніко-експлуатаційного стану доріг;Дані щодо техніко-експлуатаційного стану автомобільних доріг державного значення;2017;https://data.gov.ua/dataset/beca8aa5-96a9-46be-ade7-f1b400213af5;;Категорія міститься безпосередньо у вихідній таблиці показників дороги.;high;original_source_geometry;координати вихідного набору 2017;Зчеплення_Київ_Р_2017.xlsx | Р-04_пр | rows 113-120;"Базовий загальноукраїнський шар; категорія може відрізнятися від пізніших реконструкцій.";False
BASE2017-00476;Київська;Р-04;Київ-Фастів-Біла Церква-Тараща-Звенигородка;державного значення;II;2;;121+838;151+146;121838;151146;29.308;експлуатаційні дані 2017;exact_piketage_from_source;data.gov.ua / Укравтодор;набір техніко-експлуатаційного стану доріг;Дані щодо техніко-експлуатаційного стану автомобільних доріг державного значення;2017;https://data.gov.ua/dataset/beca8aa5-96a9-46be-ade7-f1b400213af5;;Категорія міститься безпосередньо у вихідній таблиці показників дороги.;high;original_source_geometry;координати вихідного набору 2017;Зчеплення_Київ_Р_2017.xlsx | Р-04_пр | rows 121-151;"Базовий загальноукраїнський шар; категорія може відрізнятися від пізніших реконструкцій.";False
BASE2017-00477;Київська;Р-04;Київ-Фастів-Біла Церква-Тараща-Звенигородка;державного значення;II;2;;153+260;181+000;153260;181000;27.74;експлуатаційні дані 2017;exact_piketage_from_source;data.gov.ua / Укравтодор;набір техніко-експлуатаційного стану доріг;Дані щодо техніко-експлуатаційного стану автомобільних доріг державного значення;2017;https://data.gov.ua/dataset/beca8aa5-96a9-46be-ade7-f1b400213af5;;Категорія міститься безпосередньо у вихідній таблиці показників дороги.;high;original_source_geometry;координати вихідного набору 2017;Зчеплення_Київ_Р_2017.xlsx | Р-04_пр | rows 152-179;"Базовий загальноукраїнський шар; категорія може відрізнятися від пізніших реконструкцій.";False
BASE2017-00478;Київська;Р-04;Київ-Фастів-Біла Церква-Тараща-Звенигородка;державного значення;III;3;;181+000;186+570;181000;186570;5.57;експлуатаційні дані 2017;exact_piketage_from_source;data.gov.ua / Укравтодор;набір техніко-експлуатаційного стану доріг;Дані щодо техніко-експлуатаційного стану автомобільних доріг державного значення;2017;https://data.gov.ua/dataset/beca8aa5-96a9-46be-ade7-f1b400213af5;;Категорія міститься безпосередньо у вихідній таблиці показників дороги.;high;original_source_geometry;координати вихідного набору 2017;Зчеплення_Київ_Р_2017.xlsx | Р-04_пр | rows 180-185;"Базовий загальноукраїнський шар; категорія може відрізнятися від пізніших реконструкцій.";False
BASE2017-00479;Київська;Р-04;Під'їзд до м.Фастів №1;державного значення;II;2;;0+000;1+100;0;1100;1.1;експлуатаційні дані 2017;exact_piketage_from_source;data.gov.ua / Укравтодор;набір техніко-експлуатаційного стану доріг;Дані щодо техніко-експлуатаційного стану автомобільних доріг державного значення;2017;https://data.gov.ua/dataset/beca8aa5-96a9-46be-ade7-f1b400213af5;;Категорія міститься безпосередньо у вихідній таблиці показників дороги.;high;original_source_geometry;координати вихідного набору 2017;Зчеплення_Київ_Р_2017.xlsx | Р-04_П1_пр | rows 9-10;"Базовий загальноукраїнський шар; категорія може відрізнятися від пізніших реконструкцій.";False
BASE2017-00480;Київська;Р-04;Під'їзд до м.Фастів №2;державного значення;II;2;;0+000;0+430;0;430;0.43;експлуатаційні дані 2017;exact_piketage_from_source;data.gov.ua / Укравтодор;набір техніко-експлуатаційного стану доріг;Дані щодо техніко-експлуатаційного стану автомобільних доріг державного значення;2017;https://data.gov.ua/dataset/beca8aa5-96a9-46be-ade7-f1b400213af5;;Категорія міститься безпосередньо у вихідній таблиці показників дороги.;high;original_source_geometry;координати вихідного набору 2017;Зчеплення_Київ_Р_2017.xlsx | Р-04_П2_пр | rows 9-9;"Базовий загальноукраїнський шар; категорія може відрізнятися від пізніших реконструкцій.";False
BASE2017-00481;Київська;Р-09;Миронівка-Канів-Софіївка;державного значення;II;2;;0+000;2+000;0;2000;2.0;експлуатаційні дані 2017;exact_piketage_from_source;data.gov.ua / Укравтодор;набір техніко-експлуатаційного стану доріг;Дані щодо техніко-експлуатаційного стану автомобільних доріг державного значення;2017;https://data.gov.ua/dataset/beca8aa5-96a9-46be-ade7-f1b400213af5;;Категорія міститься безпосередньо у вихідній таблиці показників дороги.;high;original_source_geometry;координати вихідного набору 2017;Зчеплення_Київ_Р_2017.xlsx | Р-09_пр | rows 9-10;"Базовий загальноукраїнський шар; категорія може відрізнятися від пізніших реконструкцій.";False
BASE2017-00482;Київська;Р-09;Миронівка-Канів-Софіївка;державного значення;III;3;;2+000;4+000;2000;4000;2.0;експлуатаційні дані 2017;exact_piketage_from_source;data.gov.ua / Укравтодор;набір техніко-експлуатаційного стану доріг;Дані щодо техніко-експлуатаційного стану автомобільних доріг державного значення;2017;https://data.gov.ua/dataset/beca8aa5-96a9-46be-ade7-f1b400213af5;;Категорія міститься безпосередньо у вихідній таблиці показників дороги.;high;original_source_geometry;координати вихідного набору 2017;Зчеплення_Київ_Р_2017.xlsx | Р-09_пр | rows 11-12;"Базовий загальноукраїнський шар; категорія може відрізнятися від пізніших реконструкцій.";False
BASE2017-00483;Київська;Р-09;Миронівка-Канів-Софіївка;державного значення;IV;4;;4+000;5+000;4000;5000;1.0;експлуатаційні дані 2017;exact_piketage_from_source;data.gov.ua / Укравтодор;набір техніко-експлуатаційного стану доріг;Дані щодо техніко-експлуатаційного стану автомобільних доріг державного значення;2017;https://data.gov.ua/dataset/beca8aa5-96a9-46be-ade7-f1b400213af5;;Категорія міститься безпосередньо у вихідній таблиці показників дороги.;high;original_source_geometry;координати вихідного набору 2017;Зчеплення_Київ_Р_2017.xlsx | Р-09_пр | rows 13-13;"Базовий загальноукраїнський шар; категорія може відрізнятися від пізніших реконструкцій.";False
BASE2017-00484;Київська;Р-09;Миронівка-Канів-Софіївка;державного значення;II;2;;5+000;7+000;5000;7000;2.0;експлуатаційні дані 2017;exact_piketage_from_source;data.gov.ua / Укравтодор;набір техніко-експлуатаційного стану доріг;Дані щодо техніко-експлуатаційного стану автомобільних доріг державного значення;2017;https://data.gov.ua/dataset/beca8aa5-96a9-46be-ade7-f1b400213af5;;Категорія міститься безпосередньо у вихідній таблиці показників дороги.;high;original_source_geometry;координати вихідного набору 2017;Зчеплення_Київ_Р_2017.xlsx | Р-09_пр | rows 14-15;"Базовий загальноукраїнський шар; категорія може відрізнятися від пізніших реконструкцій.";False
BASE2017-00485;Київська;Р-09;Миронівка-Канів-Софіївка;державного значення;III;3;;7+000;10+000;7000;10000;3.0;експлуатаційні дані 2017;exact_piketage_from_source;data.gov.ua / Укравтодор;набір техніко-експлуатаційного стану доріг;Дані щодо техніко-експлуатаційного стану автомобільних доріг державного значення;2017;https://data.gov.ua/dataset/beca8aa5-96a9-46be-ade7-f1b400213af5;;Категорія міститься безпосередньо у вихідній таблиці показників дороги.;high;original_source_geometry;координати вихідного набору 2017;Зчеплення_Київ_Р_2017.xlsx | Р-09_пр | rows 16-18;"Базовий загальноукраїнський шар; категорія може відрізнятися від пізніших реконструкцій.";False
BASE2017-00486;Київська;Р-09;Миронівка-Канів-Софіївка;державного значення;II;2;;10+000;18+000;10000;18000;8.0;експлуатаційні дані 2017;exact_piketage_from_source;data.gov.ua / Укравтодор;набір техніко-експлуатаційного стану доріг;Дані щодо техніко-експлуатаційного стану автомобільних доріг державного значення;2017;https://data.gov.ua/dataset/beca8aa5-96a9-46be-ade7-f1b400213af5;;Категорія міститься безпосередньо у вихідній таблиці показників дороги.;high;original_source_geometry;координати вихідного набору 2017;Зчеплення_Київ_Р_2017.xlsx | Р-09_пр | rows 19-26;"Базовий загальноукраїнський шар; категорія може відрізнятися від пізніших реконструкцій.";False
BASE2017-00487;Київська;Р-09;Миронівка-Канів-Софіївка;державного значення;III;3;;18+000;21+700;18000;21700;3.7;експлуатаційні дані 2017;exact_piketage_from_source;data.gov.ua / Укравтодор;набір техніко-експлуатаційного стану доріг;Дані щодо техніко-експлуатаційного стану автомобільних доріг державного значення;2017;https://data.gov.ua/dataset/beca8aa5-96a9-46be-ade7-f1b400213af5;;Категорія міститься безпосередньо у вихідній таблиці показників дороги.;high;original_source_geometry;координати вихідного набору 2017;Зчеплення_Київ_Р_2017.xlsx | Р-09_пр | rows 27-30;"Базовий загальноукраїнський шар; категорія може відрізнятися від пізніших реконструкцій.";False
BASE2017-00488;Київська;Р-17;Біла Церква-Тетіїв-Липовець-Гуменне-/М-12/;державного значення;III;3;;1+900;4+000;1900;4000;2.1;експлуатаційні дані 2017;exact_piketage_from_source;data.gov.ua / Укравтодор;набір техніко-експлуатаційного стану доріг;Дані щодо техніко-експлуатаційного стану автомобільних доріг державного значення;2017;https://data.gov.ua/dataset/beca8aa5-96a9-46be-ade7-f1b400213af5;;Категорія міститься безпосередньо у вихідній таблиці показників дороги.;high;original_source_geometry;координати вихідного набору 2017;Зчеплення_Київ_Р_2017.xlsx | Р-17_пр | rows 9-11;"Базовий загальноукраїнський шар; категорія може відрізнятися від пізніших реконструкцій.";False
BASE2017-00489;Київська;Р-17;Біла Церква-Тетіїв-Липовець-Гуменне-/М-12/;державного значення;II;2;;4+000;12+000;4000;12000;8.0;експлуатаційні дані 2017;exact_piketage_from_source;data.gov.ua / Укравтодор;набір техніко-експлуатаційного стану доріг;Дані щодо техніко-експлуатаційного стану автомобільних доріг державного значення;2017;https://data.gov.ua/dataset/beca8aa5-96a9-46be-ade7-f1b400213af5;;Категорія міститься безпосередньо у вихідній таблиці показників дороги.;high;original_source_geometry;координати вихідного набору 2017;Зчеплення_Київ_Р_2017.xlsx | Р-17_пр | rows 12-19;"Базовий загальноукраїнський шар; категорія може відрізнятися від пізніших реконструкцій.";False
BASE2017-00490;Київська;Р-17;Біла Церква-Тетіїв-Липовець-Гуменне-/М-12/;державного значення;III;3;;12+000;33+369;12000;33369;21.369;експлуатаційні дані 2017;exact_piketage_from_source;data.gov.ua / Укравтодор;набір техніко-експлуатаційного стану доріг;Дані щодо техніко-експлуатаційного стану автомобільних доріг державного значення;2017;https://data.gov.ua/dataset/beca8aa5-96a9-46be-ade7-f1b400213af5;;Категорія міститься безпосередньо у вихідній таблиці показників дороги.;high;original_source_geometry;координати вихідного набору 2017;Зчеплення_Київ_Р_2017.xlsx | Р-17_пр | rows 20-41;"Базовий загальноукраїнський шар; категорія може відрізнятися від пізніших реконструкцій.";False
BASE2017-00491;Київська;Р-17;Біла Церква-Тетіїв-Липовець-Гуменне-/М-12/;державного значення;III;3;;38+105;40+000;38105;40000;1.895;експлуатаційні дані 2017;exact_piketage_from_source;data.gov.ua / Укравтодор;набір техніко-експлуатаційного стану доріг;Дані щодо техніко-експлуатаційного стану автомобільних доріг державного значення;2017;https://data.gov.ua/dataset/beca8aa5-96a9-46be-ade7-f1b400213af5;;Категорія міститься безпосередньо у вихідній таблиці показників дороги.;high;original_source_geometry;координати вихідного набору 2017;Зчеплення_Київ_Р_2017.xlsx | Р-17_пр | rows 42-43;"Базовий загальноукраїнський шар; категорія може відрізнятися від пізніших реконструкцій.";False
BASE2017-00492;Київська;Р-17;Біла Церква-Тетіїв-Липовець-Гуменне-/М-12/;державного значення;II;2;;40+000;63+269;40000;63269;23.269;експлуатаційні дані 2017;exact_piketage_from_source;data.gov.ua / Укравтодор;набір техніко-експлуатаційного стану доріг;Дані щодо техніко-експлуатаційного стану автомобільних доріг державного значення;2017;https://data.gov.ua/dataset/beca8aa5-96a9-46be-ade7-f1b400213af5;;Категорія міститься безпосередньо у вихідній таблиці показників дороги.;high;original_source_geometry;координати вихідного набору 2017;Зчеплення_Київ_Р_2017.xlsx | Р-17_пр | rows 44-67;"Базовий загальноукраїнський шар; категорія може відрізнятися від пізніших реконструкцій.";False
BASE2017-00493;Київська;Р-17;Біла Церква-Тетіїв-Липовець-Гуменне-/М-12/;державного значення;II;2;;68+783;75+504;68783;75504;6.721;експлуатаційні дані 2017;exact_piketage_from_source;data.gov.ua / Укравтодор;набір техніко-експлуатаційного стану доріг;Дані щодо техніко-експлуатаційного стану автомобільних доріг державного значення;2017;https://data.gov.ua/dataset/beca8aa5-96a9-46be-ade7-f1b400213af5;;Категорія міститься безпосередньо у вихідній таблиці показників дороги.;high;original_source_geometry;координати вихідного набору 2017;Зчеплення_Київ_Р_2017.xlsx | Р-17_пр | rows 68-75;"Базовий загальноукраїнський шар; категорія може відрізнятися від пізніших реконструкцій.";False
BASE2017-00494;Київська;Р-18;Житомир-Попільня-Сквира-Володарка-Ставище;державного значення;III;3;;88+335;100+000;88335;100000;11.665;експлуатаційні дані 2017;exact_piketage_from_source;data.gov.ua / Укравтодор;набір техніко-експлуатаційного стану доріг;Дані щодо техніко-експлуатаційного стану автомобільних доріг державного значення;2017;https://data.gov.ua/dataset/beca8aa5-96a9-46be-ade7-f1b400213af5;;Категорія міститься безпосередньо у вихідній таблиці показників дороги.;high;original_source_geometry;координати вихідного набору 2017;Зчеплення_Київ_Р_2017.xlsx | Р-18_пр | rows 9-20;"Базовий загальноукраїнський шар; категорія може відрізнятися від пізніших реконструкцій.";False
BASE2017-00495;Київська;Р-18;Житомир-Попільня-Сквира-Володарка-Ставище;державного значення;III;3;;104+202;134+935;104202;134935;30.733;експлуатаційні дані 2017;exact_piketage_from_source;data.gov.ua / Укравтодор;набір техніко-експлуатаційного стану доріг;Дані щодо техніко-експлуатаційного стану автомобільних доріг державного значення;2017;https://data.gov.ua/dataset/beca8aa5-96a9-46be-ade7-f1b400213af5;;Категорія міститься безпосередньо у вихідній таблиці показників дороги.;high;original_source_geometry;координати вихідного набору 2017;Зчеплення_Київ_Р_2017.xlsx | Р-18_пр | rows 22-52;"Базовий загальноукраїнський шар; категорія може відрізнятися від пізніших реконструкцій.";False
BASE2017-00496;Київська;Р-18;Житомир-Попільня-Сквира-Володарка-Ставище;державного значення;III;3;;136+152;154+592;136152;154592;18.44;експлуатаційні дані 2017;exact_piketage_from_source;data.gov.ua / Укравтодор;набір техніко-експлуатаційного стану доріг;Дані щодо техніко-експлуатаційного стану автомобільних доріг державного значення;2017;https://data.gov.ua/dataset/beca8aa5-96a9-46be-ade7-f1b400213af5;;Категорія міститься безпосередньо у вихідній таблиці показників дороги.;high;original_source_geometry;координати вихідного набору 2017;Зчеплення_Київ_Р_2017.xlsx | Р-18_пр | rows 53-71;"Базовий загальноукраїнський шар; категорія може відрізнятися від пізніших реконструкцій.";False
BASE2017-00497;Київська;Р-18;Житомир-Попільня-Сквира-Володарка-Ставище;державного значення;III;3;;155+706;159+584;155706;159584;3.878;експлуатаційні дані 2017;exact_piketage_from_source;data.gov.ua / Укравтодор;набір техніко-експлуатаційного стану доріг;Дані щодо техніко-експлуатаційного стану автомобільних доріг державного значення;2017;https://data.gov.ua/dataset/beca8aa5-96a9-46be-ade7-f1b400213af5;;Категорія міститься безпосередньо у вихідній таблиці показників дороги.;high;original_source_geometry;координати вихідного набору 2017;Зчеплення_Київ_Р_2017.xlsx | Р-18_пр | rows 72-76;"Базовий загальноукраїнський шар; категорія може відрізнятися від пізніших реконструкцій.";False
BASE2017-00498;Київська;Р-19;Фастів-Митниця-Обухів-Ржищів-Канів;державного значення;III;3;;0+000;4+000;0;4000;4.0;експлуатаційні дані 2017;exact_piketage_from_source;data.gov.ua / Укравтодор;набір техніко-експлуатаційного стану доріг;Дані щодо техніко-експлуатаційного стану автомобільних доріг державного значення;2017;https://data.gov.ua/dataset/beca8aa5-96a9-46be-ade7-f1b400213af5;;Категорія міститься безпосередньо у вихідній таблиці показників дороги.;high;original_source_geometry;координати вихідного набору 2017;Зчеплення_Київ_Р_2017.xlsx | Р-19_пр | rows 9-12;"Базовий загальноукраїнський шар; категорія може відрізнятися від пізніших реконструкцій.";False
BASE2017-00499;Київська;Р-19;Фастів-Митниця-Обухів-Ржищів-Канів;державного значення;II;2;;4+000;5+000;4000;5000;1.0;експлуатаційні дані 2017;exact_piketage_from_source;data.gov.ua / Укравтодор;набір техніко-експлуатаційного стану доріг;Дані щодо техніко-експлуатаційного стану автомобільних доріг державного значення;2017;https://data.gov.ua/dataset/beca8aa5-96a9-46be-ade7-f1b400213af5;;Категорія міститься безпосередньо у вихідній таблиці показників дороги.;high;original_source_geometry;координати вихідного набору 2017;Зчеплення_Київ_Р_2017.xlsx | Р-19_пр | rows 13-13;"Базовий загальноукраїнський шар; категорія може відрізнятися від пізніших реконструкцій.";False
BASE2017-00500;Київська;Р-19;Фастів-Митниця-Обухів-Ржищів-Канів;державного значення;III;3;;5+000;9+000;5000;9000;4.0;експлуатаційні дані 2017;exact_piketage_from_source;data.gov.ua / Укравтодор;набір техніко-експлуатаційного стану доріг;Дані щодо техніко-експлуатаційного стану автомобільних доріг державного значення;2017;https://data.gov.ua/dataset/beca8aa5-96a9-46be-ade7-f1b400213af5;;Категорія міститься безпосередньо у вихідній таблиці показників дороги.;high;original_source_geometry;координати вихідного набору 2017;Зчеплення_Київ_Р_2017.xlsx | Р-19_пр | rows 14-17;"Базовий загальноукраїнський шар; категорія може відрізнятися від пізніших реконструкцій.";False
BASE2017-00501;Київська;Р-19;Фастів-Митниця-Обухів-Ржищів-Канів;державного значення;II;2;;9+000;10+000;9000;10000;1.0;експлуатаційні дані 2017;exact_piketage_from_source;data.gov.ua / Укравтодор;набір техніко-експлуатаційного стану доріг;Дані щодо техніко-експлуатаційного стану автомобільних доріг державного значення;2017;https://data.gov.ua/dataset/beca8aa5-96a9-46be-ade7-f1b400213af5;;Категорія міститься безпосередньо у вихідній таблиці показників дороги.;high;original_source_geometry;координати вихідного набору 2017;Зчеплення_Київ_Р_2017.xlsx | Р-19_пр | rows 18-18;"Базовий загальноукраїнський шар; категорія може відрізнятися від пізніших реконструкцій.";False
BASE2017-00502;Київська;Р-19;Фастів-Митниця-Обухів-Ржищів-Канів;державного значення;III;3;;10+000;29+300;10000;29300;19.3;експлуатаційні дані 2017;exact_piketage_from_source;data.gov.ua / Укравтодор;набір техніко-експлуатаційного стану доріг;Дані щодо техніко-експлуатаційного стану автомобільних доріг державного значення;2017;https://data.gov.ua/dataset/beca8aa5-96a9-46be-ade7-f1b400213af5;;Категорія міститься безпосередньо у вихідній таблиці показників дороги.;high;original_source_geometry;координати вихідного набору 2017;Зчеплення_Київ_Р_2017.xlsx | Р-19_пр | rows 19-38;"Базовий загальноукраїнський шар; категорія може відрізнятися від пізніших реконструкцій.";False
BASE2017-00503;Київська;Р-19;Фастів-Митниця-Обухів-Ржищів-Канів;державного значення;III;3;;34+890;39+000;34890;39000;4.11;експлуатаційні дані 2017;exact_piketage_from_source;data.gov.ua / Укравтодор;набір техніко-експлуатаційного стану доріг;Дані щодо техніко-експлуатаційного стану автомобільних доріг державного значення;2017;https://data.gov.ua/dataset/beca8aa5-96a9-46be-ade7-f1b400213af5;;Категорія міститься безпосередньо у вихідній таблиці показників дороги.;high;original_source_geometry;координати вихідного набору 2017;Зчеплення_Київ_Р_2017.xlsx | Р-19_пр | rows 39-43;"Базовий загальноукраїнський шар; категорія може відрізнятися від пізніших реконструкцій.";False
BASE2017-00504;Київська;Р-19;Фастів-Митниця-Обухів-Ржищів-Канів;державного значення;II;2;;39+000;41+000;39000;41000;2.0;експлуатаційні дані 2017;exact_piketage_from_source;data.gov.ua / Укравтодор;набір техніко-експлуатаційного стану доріг;Дані щодо техніко-експлуатаційного стану автомобільних доріг державного значення;2017;https://data.gov.ua/dataset/beca8aa5-96a9-46be-ade7-f1b400213af5;;Категорія міститься безпосередньо у вихідній таблиці показників дороги.;high;original_source_geometry;координати вихідного набору 2017;Зчеплення_Київ_Р_2017.xlsx | Р-19_пр | rows 44-45;"Базовий загальноукраїнський шар; категорія може відрізнятися від пізніших реконструкцій.";False
BASE2017-00505;Київська;Р-19;Фастів-Митниця-Обухів-Ржищів-Канів;державного значення;III;3;;41+000;42+000;41000;42000;1.0;експлуатаційні дані 2017;exact_piketage_from_source;data.gov.ua / Укравтодор;набір техніко-експлуатаційного стану доріг;Дані щодо техніко-експлуатаційного стану автомобільних доріг державного значення;2017;https://data.gov.ua/dataset/beca8aa5-96a9-46be-ade7-f1b400213af5;;Категорія міститься безпосередньо у вихідній таблиці показників дороги.;high;original_source_geometry;координати вихідного набору 2017;Зчеплення_Київ_Р_2017.xlsx | Р-19_пр | rows 46-46;"Базовий загальноукраїнський шар; категорія може відрізнятися від пізніших реконструкцій.";False
BASE2017-00506;Київська;Р-19;Фастів-Митниця-Обухів-Ржищів-Канів;державного значення;II;2;;42+000;43+000;42000;43000;1.0;експлуатаційні дані 2017;exact_piketage_from_source;data.gov.ua / Укравтодор;набір техніко-експлуатаційного стану доріг;Дані щодо техніко-експлуатаційного стану автомобільних доріг державного значення;2017;https://data.gov.ua/dataset/beca8aa5-96a9-46be-ade7-f1b400213af5;;Категорія міститься безпосередньо у вихідній таблиці показників дороги.;high;original_source_geometry;координати вихідного набору 2017;Зчеплення_Київ_Р_2017.xlsx | Р-19_пр | rows 47-47;"Базовий загальноукраїнський шар; категорія може відрізнятися від пізніших реконструкцій.";False
BASE2017-00507;Київська;Р-19;Фастів-Митниця-Обухів-Ржищів-Канів;державного значення;III;3;;43+000;48+000;43000;48000;5.0;експлуатаційні дані 2017;exact_piketage_from_source;data.gov.ua / Укравтодор;набір техніко-експлуатаційного стану доріг;Дані щодо техніко-експлуатаційного стану автомобільних доріг державного значення;2017;https://data.gov.ua/dataset/beca8aa5-96a9-46be-ade7-f1b400213af5;;Категорія міститься безпосередньо у вихідній таблиці показників дороги.;high;original_source_geometry;координати вихідного набору 2017;Зчеплення_Київ_Р_2017.xlsx | Р-19_пр | rows 48-52;"Базовий загальноукраїнський шар; категорія може відрізнятися від пізніших реконструкцій.";False
BASE2017-00508;Київська;Р-19;Фастів-Митниця-Обухів-Ржищів-Канів;державного значення;II;2;;48+000;49+000;48000;49000;1.0;експлуатаційні дані 2017;exact_piketage_from_source;data.gov.ua / Укравтодор;набір техніко-експлуатаційного стану доріг;Дані щодо техніко-експлуатаційного стану автомобільних доріг державного значення;2017;https://data.gov.ua/dataset/beca8aa5-96a9-46be-ade7-f1b400213af5;;Категорія міститься безпосередньо у вихідній таблиці показників дороги.;high;original_source_geometry;координати вихідного набору 2017;Зчеплення_Київ_Р_2017.xlsx | Р-19_пр | rows 53-53;"Базовий загальноукраїнський шар; категорія може відрізнятися від пізніших реконструкцій.";False
BASE2017-00509;Київська;Р-19;Фастів-Митниця-Обухів-Ржищів-Канів;державного значення;III;3;;49+000;60+370;49000;60370;11.37;експлуатаційні дані 2017;exact_piketage_from_source;data.gov.ua / Укравтодор;набір техніко-експлуатаційного стану доріг;Дані щодо техніко-експлуатаційного стану автомобільних доріг державного значення;2017;https://data.gov.ua/dataset/beca8aa5-96a9-46be-ade7-f1b400213af5;;Категорія міститься безпосередньо у вихідній таблиці показників дороги.;high;original_source_geometry;координати вихідного набору 2017;Зчеплення_Київ_Р_2017.xlsx | Р-19_пр | rows 54-65;"Базовий загальноукраїнський шар; категорія може відрізнятися від пізніших реконструкцій.";False
BASE2017-00510;Київська;Р-19;Фастів-Митниця-Обухів-Ржищів-Канів;державного значення;II;2;;65+140;66+060;65140;66060;0.92;експлуатаційні дані 2017;exact_piketage_from_source;data.gov.ua / Укравтодор;набір техніко-експлуатаційного стану доріг;Дані щодо техніко-експлуатаційного стану автомобільних доріг державного значення;2017;https://data.gov.ua/dataset/beca8aa5-96a9-46be-ade7-f1b400213af5;;Категорія міститься безпосередньо у вихідній таблиці показників дороги.;high;original_source_geometry;координати вихідного набору 2017;Зчеплення_Київ_Р_2017.xlsx | Р-19_пр | rows 66-67;"Базовий загальноукраїнський шар; категорія може відрізнятися від пізніших реконструкцій.";False
BASE2017-00511;Київська;Р-19;Фастів-Митниця-Обухів-Ржищів-Канів;державного значення;IV;4;;68+800;70+000;68800;70000;1.2;експлуатаційні дані 2017;exact_piketage_from_source;data.gov.ua / Укравтодор;набір техніко-експлуатаційного стану доріг;Дані щодо техніко-експлуатаційного стану автомобільних доріг державного значення;2017;https://data.gov.ua/dataset/beca8aa5-96a9-46be-ade7-f1b400213af5;;Категорія міститься безпосередньо у вихідній таблиці показників дороги.;high;original_source_geometry;координати вихідного набору 2017;Зчеплення_Київ_Р_2017.xlsx | Р-19_пр | rows 68-69;"Базовий загальноукраїнський шар; категорія може відрізнятися від пізніших реконструкцій.";False
BASE2017-00512;Київська;Р-19;Фастів-Митниця-Обухів-Ржищів-Канів;державного значення;III;3;;70+000;77+000;70000;77000;7.0;експлуатаційні дані 2017;exact_piketage_from_source;data.gov.ua / Укравтодор;набір техніко-експлуатаційного стану доріг;Дані щодо техніко-експлуатаційного стану автомобільних доріг державного значення;2017;https://data.gov.ua/dataset/beca8aa5-96a9-46be-ade7-f1b400213af5;;Категорія міститься безпосередньо у вихідній таблиці показників дороги.;high;original_source_geometry;координати вихідного набору 2017;Зчеплення_Київ_Р_2017.xlsx | Р-19_пр | rows 70-76;"Базовий загальноукраїнський шар; категорія може відрізнятися від пізніших реконструкцій.";False
BASE2017-00513;Київська;Р-19;Фастів-Митниця-Обухів-Ржищів-Канів;державного значення;II;2;;77+000;78+000;77000;78000;1.0;експлуатаційні дані 2017;exact_piketage_from_source;data.gov.ua / Укравтодор;набір техніко-експлуатаційного стану доріг;Дані щодо техніко-експлуатаційного стану автомобільних доріг державного значення;2017;https://data.gov.ua/dataset/beca8aa5-96a9-46be-ade7-f1b400213af5;;Категорія міститься безпосередньо у вихідній таблиці показників дороги.;high;original_source_geometry;координати вихідного набору 2017;Зчеплення_Київ_Р_2017.xlsx | Р-19_пр | rows 77-77;"Базовий загальноукраїнський шар; категорія може відрізнятися від пізніших реконструкцій.";False
BASE2017-00514;Київська;Р-19;Фастів-Митниця-Обухів-Ржищів-Канів;державного значення;IV;4;;78+000;79+000;78000;79000;1.0;експлуатаційні дані 2017;exact_piketage_from_source;data.gov.ua / Укравтодор;набір техніко-експлуатаційного стану доріг;Дані щодо техніко-експлуатаційного стану автомобільних доріг державного значення;2017;https://data.gov.ua/dataset/beca8aa5-96a9-46be-ade7-f1b400213af5;;Категорія міститься безпосередньо у вихідній таблиці показників дороги.;high;original_source_geometry;координати вихідного набору 2017;Зчеплення_Київ_Р_2017.xlsx | Р-19_пр | rows 78-78;"Базовий загальноукраїнський шар; категорія може відрізнятися від пізніших реконструкцій.";False
BASE2017-00515;Київська;Р-19;Фастів-Митниця-Обухів-Ржищів-Канів;державного значення;III;3;;79+000;81+000;79000;81000;2.0;експлуатаційні дані 2017;exact_piketage_from_source;data.gov.ua / Укравтодор;набір техніко-експлуатаційного стану доріг;Дані щодо техніко-експлуатаційного стану автомобільних доріг державного значення;2017;https://data.gov.ua/dataset/beca8aa5-96a9-46be-ade7-f1b400213af5;;Категорія міститься безпосередньо у вихідній таблиці показників дороги.;high;original_source_geometry;координати вихідного набору 2017;Зчеплення_Київ_Р_2017.xlsx | Р-19_пр | rows 79-80;"Базовий загальноукраїнський шар; категорія може відрізнятися від пізніших реконструкцій.";False
BASE2017-00516;Київська;Р-19;Фастів-Митниця-Обухів-Ржищів-Канів;державного значення;II;2;;81+000;82+000;81000;82000;1.0;експлуатаційні дані 2017;exact_piketage_from_source;data.gov.ua / Укравтодор;набір техніко-експлуатаційного стану доріг;Дані щодо техніко-експлуатаційного стану автомобільних доріг державного значення;2017;https://data.gov.ua/dataset/beca8aa5-96a9-46be-ade7-f1b400213af5;;Категорія міститься безпосередньо у вихідній таблиці показників дороги.;high;original_source_geometry;координати вихідного набору 2017;Зчеплення_Київ_Р_2017.xlsx | Р-19_пр | rows 81-81;"Базовий загальноукраїнський шар; категорія може відрізнятися від пізніших реконструкцій.";False
BASE2017-00517;Київська;Р-19;Фастів-Митниця-Обухів-Ржищів-Канів;державного значення;IV;4;;82+000;83+000;82000;83000;1.0;експлуатаційні дані 2017;exact_piketage_from_source;data.gov.ua / Укравтодор;набір техніко-експлуатаційного стану доріг;Дані щодо техніко-експлуатаційного стану автомобільних доріг державного значення;2017;https://data.gov.ua/dataset/beca8aa5-96a9-46be-ade7-f1b400213af5;;Категорія міститься безпосередньо у вихідній таблиці показників дороги.;high;original_source_geometry;координати вихідного набору 2017;Зчеплення_Київ_Р_2017.xlsx | Р-19_пр | rows 82-82;"Базовий загальноукраїнський шар; категорія може відрізнятися від пізніших реконструкцій.";False
BASE2017-00518;Київська;Р-19;Фастів-Митниця-Обухів-Ржищів-Канів;державного значення;III;3;;83+000;87+000;83000;87000;4.0;експлуатаційні дані 2017;exact_piketage_from_source;data.gov.ua / Укравтодор;набір техніко-експлуатаційного стану доріг;Дані щодо техніко-експлуатаційного стану автомобільних доріг державного значення;2017;https://data.gov.ua/dataset/beca8aa5-96a9-46be-ade7-f1b400213af5;;Категорія міститься безпосередньо у вихідній таблиці показників дороги.;high;original_source_geometry;координати вихідного набору 2017;Зчеплення_Київ_Р_2017.xlsx | Р-19_пр | rows 83-86;"Базовий загальноукраїнський шар; категорія може відрізнятися від пізніших реконструкцій.";False
BASE2017-00519;Київська;Р-19;Фастів-Митниця-Обухів-Ржищів-Канів;державного значення;II;2;;87+000;88+000;87000;88000;1.0;експлуатаційні дані 2017;exact_piketage_from_source;data.gov.ua / Укравтодор;набір техніко-експлуатаційного стану доріг;Дані щодо техніко-експлуатаційного стану автомобільних доріг державного значення;2017;https://data.gov.ua/dataset/beca8aa5-96a9-46be-ade7-f1b400213af5;;Категорія міститься безпосередньо у вихідній таблиці показників дороги.;high;original_source_geometry;координати вихідного набору 2017;Зчеплення_Київ_Р_2017.xlsx | Р-19_пр | rows 87-87;"Базовий загальноукраїнський шар; категорія може відрізнятися від пізніших реконструкцій.";False
BASE2017-00520;Київська;Р-19;Фастів-Митниця-Обухів-Ржищів-Канів;державного значення;III;3;;88+000;90+000;88000;90000;2.0;експлуатаційні дані 2017;exact_piketage_from_source;data.gov.ua / Укравтодор;набір техніко-експлуатаційного стану доріг;Дані щодо техніко-експлуатаційного стану автомобільних доріг державного значення;2017;https://data.gov.ua/dataset/beca8aa5-96a9-46be-ade7-f1b400213af5;;Категорія міститься безпосередньо у вихідній таблиці показників дороги.;high;original_source_geometry;координати вихідного набору 2017;Зчеплення_Київ_Р_2017.xlsx | Р-19_пр | rows 88-89;"Базовий загальноукраїнський шар; категорія може відрізнятися від пізніших реконструкцій.";False
BASE2017-00521;Київська;Р-19;Фастів-Митниця-Обухів-Ржищів-Канів;державного значення;II;2;;90+000;91+000;90000;91000;1.0;експлуатаційні дані 2017;exact_piketage_from_source;data.gov.ua / Укравтодор;набір техніко-експлуатаційного стану доріг;Дані щодо техніко-експлуатаційного стану автомобільних доріг державного значення;2017;https://data.gov.ua/dataset/beca8aa5-96a9-46be-ade7-f1b400213af5;;Категорія міститься безпосередньо у вихідній таблиці показників дороги.;high;original_source_geometry;координати вихідного набору 2017;Зчеплення_Київ_Р_2017.xlsx | Р-19_пр | rows 90-90;"Базовий загальноукраїнський шар; категорія може відрізнятися від пізніших реконструкцій.";False
BASE2017-00522;Київська;Р-19;Фастів-Митниця-Обухів-Ржищів-Канів;державного значення;III;3;;91+000;96+000;91000;96000;5.0;експлуатаційні дані 2017;exact_piketage_from_source;data.gov.ua / Укравтодор;набір техніко-експлуатаційного стану доріг;Дані щодо техніко-експлуатаційного стану автомобільних доріг державного значення;2017;https://data.gov.ua/dataset/beca8aa5-96a9-46be-ade7-f1b400213af5;;Категорія міститься безпосередньо у вихідній таблиці показників дороги.;high;original_source_geometry;координати вихідного набору 2017;Зчеплення_Київ_Р_2017.xlsx | Р-19_пр | rows 91-95;"Базовий загальноукраїнський шар; категорія може відрізнятися від пізніших реконструкцій.";False
BASE2017-00523;Київська;Р-19;Фастів-Митниця-Обухів-Ржищів-Канів;державного значення;II;2;;96+000;97+000;96000;97000;1.0;експлуатаційні дані 2017;exact_piketage_from_source;data.gov.ua / Укравтодор;набір техніко-експлуатаційного стану доріг;Дані щодо техніко-експлуатаційного стану автомобільних доріг державного значення;2017;https://data.gov.ua/dataset/beca8aa5-96a9-46be-ade7-f1b400213af5;;Категорія міститься безпосередньо у вихідній таблиці показників дороги.;high;original_source_geometry;координати вихідного набору 2017;Зчеплення_Київ_Р_2017.xlsx | Р-19_пр | rows 96-96;"Базовий загальноукраїнський шар; категорія може відрізнятися від пізніших реконструкцій.";False
BASE2017-00524;Київська;Р-19;Фастів-Митниця-Обухів-Ржищів-Канів;державного значення;III;3;;97+000;98+000;97000;98000;1.0;експлуатаційні дані 2017;exact_piketage_from_source;data.gov.ua / Укравтодор;набір техніко-експлуатаційного стану доріг;Дані щодо техніко-експлуатаційного стану автомобільних доріг державного значення;2017;https://data.gov.ua/dataset/beca8aa5-96a9-46be-ade7-f1b400213af5;;Категорія міститься безпосередньо у вихідній таблиці показників дороги.;high;original_source_geometry;координати вихідного набору 2017;Зчеплення_Київ_Р_2017.xlsx | Р-19_пр | rows 97-97;"Базовий загальноукраїнський шар; категорія може відрізнятися від пізніших реконструкцій.";False
BASE2017-00525;Київська;Р-19;Фастів-Митниця-Обухів-Ржищів-Канів;державного значення;II;2;;98+000;100+000;98000;100000;2.0;експлуатаційні дані 2017;exact_piketage_from_source;data.gov.ua / Укравтодор;набір техніко-експлуатаційного стану доріг;Дані щодо техніко-експлуатаційного стану автомобільних доріг державного значення;2017;https://data.gov.ua/dataset/beca8aa5-96a9-46be-ade7-f1b400213af5;;Категорія міститься безпосередньо у вихідній таблиці показників дороги.;high;original_source_geometry;координати вихідного набору 2017;Зчеплення_Київ_Р_2017.xlsx | Р-19_пр | rows 98-99;"Базовий загальноукраїнський шар; категорія може відрізнятися від пізніших реконструкцій.";False
BASE2017-00526;Київська;Р-19;Фастів-Митниця-Обухів-Ржищів-Канів;державного значення;III;3;;100+000;104+450;100000;104450;4.45;експлуатаційні дані 2017;exact_piketage_from_source;data.gov.ua / Укравтодор;набір техніко-експлуатаційного стану доріг;Дані щодо техніко-експлуатаційного стану автомобільних доріг державного значення;2017;https://data.gov.ua/dataset/beca8aa5-96a9-46be-ade7-f1b400213af5;;Категорія міститься безпосередньо у вихідній таблиці показників дороги.;high;original_source_geometry;координати вихідного набору 2017;Зчеплення_Київ_Р_2017.xlsx | Р-19_пр | rows 100-104;"Базовий загальноукраїнський шар; категорія може відрізнятися від пізніших реконструкцій.";False
BASE2017-00527;Київська;Р-19;Фастів-Митниця-Обухів-Ржищів-Канів;державного значення;III;3;;109+100;132+150;109100;132150;23.05;експлуатаційні дані 2017;exact_piketage_from_source;data.gov.ua / Укравтодор;набір техніко-експлуатаційного стану доріг;Дані щодо техніко-експлуатаційного стану автомобільних доріг державного значення;2017;https://data.gov.ua/dataset/beca8aa5-96a9-46be-ade7-f1b400213af5;;Категорія міститься безпосередньо у вихідній таблиці показників дороги.;high;original_source_geometry;координати вихідного набору 2017;Зчеплення_Київ_Р_2017.xlsx | Р-19_пр | rows 105-128;"Базовий загальноукраїнський шар; категорія може відрізнятися від пізніших реконструкцій.";False
BASE2017-00528;Київська;Р-30;Під'їзд до м.Ірпеня;державного значення;I;1;;0+000;6+520;0;6520;6.52;експлуатаційні дані 2017;exact_piketage_from_source;data.gov.ua / Укравтодор;набір техніко-експлуатаційного стану доріг;Дані щодо техніко-експлуатаційного стану автомобільних доріг державного значення;2017;https://data.gov.ua/dataset/beca8aa5-96a9-46be-ade7-f1b400213af5;;Категорія міститься безпосередньо у вихідній таблиці показників дороги.;high;original_source_geometry;координати вихідного набору 2017;Зчеплення_Київ_Р_2017.xlsx | Р-30_пр | rows 9-15;"Базовий загальноукраїнський шар; категорія може відрізнятися від пізніших реконструкцій.";False
BASE2017-00529;Київська;Р-30;Під'їзд до м.Ірпеня;державного значення;I;1;;6+520;7+000;6520;7000;0.48;експлуатаційні дані 2017;exact_piketage_from_source;data.gov.ua / Укравтодор;набір техніко-експлуатаційного стану доріг;Дані щодо техніко-експлуатаційного стану автомобільних доріг державного значення;2017;https://data.gov.ua/dataset/beca8aa5-96a9-46be-ade7-f1b400213af5;;Категорія міститься безпосередньо у вихідній таблиці показників дороги.;high;original_source_geometry;координати вихідного набору 2017;Зчеплення_Київ_Р_2017.xlsx | Р-30_пр | rows 9-15;"Базовий загальноукраїнський шар; категорія може відрізнятися від пізніших реконструкцій.";False
BASE2017-00530;Київська;Р-30;Під'їзд до м.Ірпеня;державного значення;II;2;;7+000;10+000;7000;10000;3.0;експлуатаційні дані 2017;exact_piketage_from_source;data.gov.ua / Укравтодор;набір техніко-експлуатаційного стану доріг;Дані щодо техніко-експлуатаційного стану автомобільних доріг державного значення;2017;https://data.gov.ua/dataset/beca8aa5-96a9-46be-ade7-f1b400213af5;;Категорія міститься безпосередньо у вихідній таблиці показників дороги.;high;original_source_geometry;координати вихідного набору 2017;Зчеплення_Київ_Р_2017.xlsx | Р-30_пр | rows 16-18;"Базовий загальноукраїнський шар; категорія може відрізнятися від пізніших реконструкцій.";False
BASE2017-00531;Київська;Р-30;Під'їзд до м.Ірпеня;державного значення;I;1;;10+000;12+000;10000;12000;2.0;експлуатаційні дані 2017;exact_piketage_from_source;data.gov.ua / Укравтодор;набір техніко-експлуатаційного стану доріг;Дані щодо техніко-експлуатаційного стану автомобільних доріг державного значення;2017;https://data.gov.ua/dataset/beca8aa5-96a9-46be-ade7-f1b400213af5;;Категорія міститься безпосередньо у вихідній таблиці показників дороги.;high;original_source_geometry;координати вихідного набору 2017;Зчеплення_Київ_Р_2017.xlsx | Р-30_пр | rows 19-20;"Базовий загальноукраїнський шар; категорія може відрізнятися від пізніших реконструкцій.";False
BASE2017-00532;Київська;Р-30П;Під'їзд до м.Ірпеня;державного значення;I;1;;0+000;6+520;0;6520;6.52;експлуатаційні дані 2017;exact_piketage_from_source;data.gov.ua / Укравтодор;набір техніко-експлуатаційного стану доріг;Дані щодо техніко-експлуатаційного стану автомобільних доріг державного значення;2017;https://data.gov.ua/dataset/beca8aa5-96a9-46be-ade7-f1b400213af5;;Категорія міститься безпосередньо у вихідній таблиці показників дороги.;high;original_source_geometry;координати вихідного набору 2017;Зчеплення_Київ_Р_2017.xlsx | Р-30_пр_1к_1см | rows 9-15;"Базовий загальноукраїнський шар; категорія може відрізнятися від пізніших реконструкцій.";False
BASE2017-00533;Київська;Р-32;Кременець-Біла Церква_Ржищів;державного значення;II;2;;285+390;332+940;285390;332940;47.55;експлуатаційні дані 2017;exact_piketage_from_source;data.gov.ua / Укравтодор;набір техніко-експлуатаційного стану доріг;Дані щодо техніко-експлуатаційного стану автомобільних доріг державного значення;2017;https://data.gov.ua/dataset/beca8aa5-96a9-46be-ade7-f1b400213af5;;Категорія міститься безпосередньо у вихідній таблиці показників дороги.;high;original_source_geometry;координати вихідного набору 2017;Зчеплення_Київ_Р_2017.xlsx | Р-32_пр | rows 9-56;"Базовий загальноукраїнський шар; категорія може відрізнятися від пізніших реконструкцій.";False
BASE2017-00534;Київська;Р-32;Кременець-Біла Церква_Ржищів;державного значення;III;3;;345+840;359+000;345840;359000;13.16;експлуатаційні дані 2017;exact_piketage_from_source;data.gov.ua / Укравтодор;набір техніко-експлуатаційного стану доріг;Дані щодо техніко-експлуатаційного стану автомобільних доріг державного значення;2017;https://data.gov.ua/dataset/beca8aa5-96a9-46be-ade7-f1b400213af5;;Категорія міститься безпосередньо у вихідній таблиці показників дороги.;high;original_source_geometry;координати вихідного набору 2017;Зчеплення_Київ_Р_2017.xlsx | Р-32_пр | rows 57-69;"Базовий загальноукраїнський шар; категорія може відрізнятися від пізніших реконструкцій.";False
BASE2017-00535;Київська;Р-32;Кременець - Біла Церква - Ржищів;державного значення;II;2;;359+000;393+840;359000;393840;34.84;експлуатаційні дані 2017;exact_piketage_from_source;data.gov.ua / Укравтодор;набір техніко-експлуатаційного стану доріг;Дані щодо техніко-експлуатаційного стану автомобільних доріг державного значення;2017;https://data.gov.ua/dataset/beca8aa5-96a9-46be-ade7-f1b400213af5;;Категорія міститься безпосередньо у вихідній таблиці показників дороги.;high;original_source_geometry;координати вихідного набору 2017;Р_вн_сть_Київ_М_Н_Р_2017.xlsx | 1_р-32ПР | rows 71-129;"Базовий загальноукраїнський шар; категорія може відрізнятися від пізніших реконструкцій.";False
BASE2017-00536;Київська;Р-32;Кременець - Біла Церква - Ржищів;державного значення;II;2;;393+840;395+940;393840;395940;2.1;експлуатаційні дані 2017;exact_piketage_from_source;data.gov.ua / Укравтодор;набір техніко-експлуатаційного стану доріг;Дані щодо техніко-експлуатаційного стану автомобільних доріг державного значення;2017;https://data.gov.ua/dataset/beca8aa5-96a9-46be-ade7-f1b400213af5;;Категорія міститься безпосередньо у вихідній таблиці показників дороги.;high;original_source_geometry;координати вихідного набору 2017;Р_вн_сть_Київ_М_Н_Р_2017.xlsx | 1_р-32ПР | rows 71-129;"Базовий загальноукраїнський шар; категорія може відрізнятися від пізніших реконструкцій.";False
BASE2017-00537;Київська;Р-32;Кременець - Біла Церква - Ржищів;державного значення;II;2;;395+940;417+040;395940;417040;21.1;експлуатаційні дані 2017;exact_piketage_from_source;data.gov.ua / Укравтодор;набір техніко-експлуатаційного стану доріг;Дані щодо техніко-експлуатаційного стану автомобільних доріг державного значення;2017;https://data.gov.ua/dataset/beca8aa5-96a9-46be-ade7-f1b400213af5;;Категорія міститься безпосередньо у вихідній таблиці показників дороги.;high;original_source_geometry;координати вихідного набору 2017;Р_вн_сть_Київ_М_Н_Р_2017.xlsx | 1_р-32ПР | rows 71-129;"Базовий загальноукраїнський шар; категорія може відрізнятися від пізніших реконструкцій.";False
BASE2017-00538;Київська;Р-32;Під'їзд до м.Біла Церква;державного значення;III;3;;0+000;2+000;0;2000;2.0;експлуатаційні дані 2017;exact_piketage_from_source;data.gov.ua / Укравтодор;набір техніко-експлуатаційного стану доріг;Дані щодо техніко-експлуатаційного стану автомобільних доріг державного значення;2017;https://data.gov.ua/dataset/beca8aa5-96a9-46be-ade7-f1b400213af5;;Категорія міститься безпосередньо у вихідній таблиці показників дороги.;high;original_source_geometry;координати вихідного набору 2017;Зчеплення_Київ_Р_2017.xlsx | Р-32_П_пр | rows 9-10;"Базовий загальноукраїнський шар; категорія може відрізнятися від пізніших реконструкцій.";False
BASE2017-00539;Київська;Р-32;Під'їзд до м.Біла Церква;державного значення;II;2;;2+000;3+300;2000;3300;1.3;експлуатаційні дані 2017;exact_piketage_from_source;data.gov.ua / Укравтодор;набір техніко-експлуатаційного стану доріг;Дані щодо техніко-експлуатаційного стану автомобільних доріг державного значення;2017;https://data.gov.ua/dataset/beca8aa5-96a9-46be-ade7-f1b400213af5;;Категорія міститься безпосередньо у вихідній таблиці показників дороги.;high;original_source_geometry;координати вихідного набору 2017;Зчеплення_Київ_Р_2017.xlsx | Р-32_П_пр | rows 11-12;"Базовий загальноукраїнський шар; категорія може відрізнятися від пізніших реконструкцій.";False
BASE2017-00540;Київська;Р-64;Ківшувата-Шушківка-Лисянка-Моринці-Шевченкове-Тарасівка-/Н16/;державного значення;IV;4;;0+000;5+000;0;5000;5.0;експлуатаційні дані 2017;exact_piketage_from_source;data.gov.ua / Укравтодор;набір техніко-експлуатаційного стану доріг;Дані щодо техніко-експлуатаційного стану автомобільних доріг державного значення;2017;https://data.gov.ua/dataset/beca8aa5-96a9-46be-ade7-f1b400213af5;;Категорія міститься безпосередньо у вихідній таблиці показників дороги.;high;original_source_geometry;координати вихідного набору 2017;Зчеплення_Київ_Р_2017.xlsx | Р-64_пр | rows 9-13;"Базовий загальноукраїнський шар; категорія може відрізнятися від пізніших реконструкцій.";False
BASE2017-00541;Київська;Р-64;Ківшувата-Шушківка-Лисянка-Моринці-Шевченкове-Тарасівка-/Н16/;державного значення;III;3;;5+000;6+000;5000;6000;1.0;експлуатаційні дані 2017;exact_piketage_from_source;data.gov.ua / Укравтодор;набір техніко-експлуатаційного стану доріг;Дані щодо техніко-експлуатаційного стану автомобільних доріг державного значення;2017;https://data.gov.ua/dataset/beca8aa5-96a9-46be-ade7-f1b400213af5;;Категорія міститься безпосередньо у вихідній таблиці показників дороги.;high;original_source_geometry;координати вихідного набору 2017;Зчеплення_Київ_Р_2017.xlsx | Р-64_пр | rows 14-14;"Базовий загальноукраїнський шар; категорія може відрізнятися від пізніших реконструкцій.";False
BASE2017-00542;Київська;Р-64;Ківшувата-Шушківка-Лисянка-Моринці-Шевченкове-Тарасівка-/Н16/;державного значення;IV;4;;6+000;19+053;6000;19053;13.053;експлуатаційні дані 2017;exact_piketage_from_source;data.gov.ua / Укравтодор;набір техніко-експлуатаційного стану доріг;Дані щодо техніко-експлуатаційного стану автомобільних доріг державного значення;2017;https://data.gov.ua/dataset/beca8aa5-96a9-46be-ade7-f1b400213af5;;Категорія міститься безпосередньо у вихідній таблиці показників дороги.;high;original_source_geometry;координати вихідного набору 2017;Зчеплення_Київ_Р_2017.xlsx | Р-64_пр | rows 15-28;"Базовий загальноукраїнський шар; категорія може відрізнятися від пізніших реконструкцій.";False
BASE2017-00543;Київська;Р-69;Київ-Вишгород-Десна-Чернігів;державного значення;II;2;;13+290;21+650;13290;21650;8.36;експлуатаційні дані 2017;exact_piketage_from_source;data.gov.ua / Укравтодор;набір техніко-експлуатаційного стану доріг;Дані щодо техніко-експлуатаційного стану автомобільних доріг державного значення;2017;https://data.gov.ua/dataset/beca8aa5-96a9-46be-ade7-f1b400213af5;;Категорія міститься безпосередньо у вихідній таблиці показників дороги.;high;original_source_geometry;координати вихідного набору 2017;Зчеплення_Київ_Р_2017.xlsx | Р-69_пр | rows 9-17;"Базовий загальноукраїнський шар; категорія може відрізнятися від пізніших реконструкцій.";False
BASE2017-00544;Київська;Р-69;Київ-Вишгород-Десна-Чернігів;державного значення;II;2;;22+150;23+557;22150;23557;1.407;експлуатаційні дані 2017;exact_piketage_from_source;data.gov.ua / Укравтодор;набір техніко-експлуатаційного стану доріг;Дані щодо техніко-експлуатаційного стану автомобільних доріг державного значення;2017;https://data.gov.ua/dataset/beca8aa5-96a9-46be-ade7-f1b400213af5;;Категорія міститься безпосередньо у вихідній таблиці показників дороги.;high;original_source_geometry;координати вихідного набору 2017;Зчеплення_Київ_Р_2017.xlsx | Р-69_пр | rows 18-19;"Базовий загальноукраїнський шар; категорія може відрізнятися від пізніших реконструкцій.";False
BASE2017-00545;Київська;Р-69;Київ-Вишгород-Десна-Чернігів;державного значення;II;2;;27+539;69+702;27539;69702;42.163;експлуатаційні дані 2017;exact_piketage_from_source;data.gov.ua / Укравтодор;набір техніко-експлуатаційного стану доріг;Дані щодо техніко-експлуатаційного стану автомобільних доріг державного значення;2017;https://data.gov.ua/dataset/beca8aa5-96a9-46be-ade7-f1b400213af5;;Категорія міститься безпосередньо у вихідній таблиці показників дороги.;high;original_source_geometry;координати вихідного набору 2017;Зчеплення_Київ_Р_2017.xlsx | Р-69_пр | rows 20-62;"Базовий загальноукраїнський шар; категорія може відрізнятися від пізніших реконструкцій.";False
BASE2017-00546;Київська;Р-69П;Київ-Вишгород-Десна-Чернігів;державного значення;I;1;;13+290;21+650;13290;21650;8.36;експлуатаційні дані 2017;exact_piketage_from_source;data.gov.ua / Укравтодор;набір техніко-експлуатаційного стану доріг;Дані щодо техніко-експлуатаційного стану автомобільних доріг державного значення;2017;https://data.gov.ua/dataset/beca8aa5-96a9-46be-ade7-f1b400213af5;;Категорія міститься безпосередньо у вихідній таблиці показників дороги.;high;original_source_geometry;координати вихідного набору 2017;Зчеплення_Київ_Р_2017.xlsx | Р-69_пр_1к_1см | rows 9-17;"Базовий загальноукраїнський шар; категорія може відрізнятися від пізніших реконструкцій.";False
BASE2017-00547;Луганська;Н-21;Старобільськ - Луганськ - Красний Луч - Макіївка - Донецьк;державного значення;II;2;;0+000;66+448;0;66448;66.448;експлуатаційні дані 2017;exact_piketage_from_source;data.gov.ua / Укравтодор;набір техніко-експлуатаційного стану доріг;Дані щодо техніко-експлуатаційного стану автомобільних доріг державного значення;2017;https://data.gov.ua/dataset/beca8aa5-96a9-46be-ade7-f1b400213af5;;Категорія міститься безпосередньо у вихідній таблиці показників дороги.;high;original_source_geometry;координати вихідного набору 2017;Зчеплення_Луганськ_Н_Р_2017.xlsx | Н-21_пр | rows 9-81;"Базовий загальноукраїнський шар; категорія може відрізнятися від пізніших реконструкцій.";False
BASE2017-00548;Луганська;Н-21;Старобільськ - Луганськ - Красний Луч - Макіївка - Донецьк;державного значення;II;2;;66+448;72+148;66448;72148;5.7;експлуатаційні дані 2017;exact_piketage_from_source;data.gov.ua / Укравтодор;набір техніко-експлуатаційного стану доріг;Дані щодо техніко-експлуатаційного стану автомобільних доріг державного значення;2017;https://data.gov.ua/dataset/beca8aa5-96a9-46be-ade7-f1b400213af5;;Категорія міститься безпосередньо у вихідній таблиці показників дороги.;high;original_source_geometry;координати вихідного набору 2017;Зчеплення_Луганськ_Н_Р_2017.xlsx | Н-21_пр | rows 9-81;"Базовий загальноукраїнський шар; категорія може відрізнятися від пізніших реконструкцій.";False
BASE2017-00549;Луганська;Р-07;Чугуїв - Мілове (через Старобільськ);державного значення;I;1;;110+735;149+000;110735;149000;38.265;експлуатаційні дані 2017;exact_piketage_from_source;data.gov.ua / Укравтодор;набір техніко-експлуатаційного стану доріг;Дані щодо техніко-експлуатаційного стану автомобільних доріг державного значення;2017;https://data.gov.ua/dataset/beca8aa5-96a9-46be-ade7-f1b400213af5;;Категорія міститься безпосередньо у вихідній таблиці показників дороги.;high;original_source_geometry;координати вихідного набору 2017;Зчеплення_Луганськ_Н_Р_2017.xlsx | Р-07_пр | rows 9-47;"Базовий загальноукраїнський шар; категорія може відрізнятися від пізніших реконструкцій.";False
BASE2017-00550;Луганська;Р-07;Чугуїв - Мілове (через Старобільськ);державного значення;II;2;;149+000;227+000;149000;227000;78.0;експлуатаційні дані 2017;exact_piketage_from_source;data.gov.ua / Укравтодор;набір техніко-експлуатаційного стану доріг;Дані щодо техніко-експлуатаційного стану автомобільних доріг державного значення;2017;https://data.gov.ua/dataset/beca8aa5-96a9-46be-ade7-f1b400213af5;;Категорія міститься безпосередньо у вихідній таблиці показників дороги.;high;original_source_geometry;координати вихідного набору 2017;Зчеплення_Луганськ_Н_Р_2017.xlsx | Р-07_пр | rows 48-125;"Базовий загальноукраїнський шар; категорія може відрізнятися від пізніших реконструкцій.";False
BASE2017-00551;Луганська;Р-07;Чугуїв - Мілове (через Старобільськ);державного значення;I;1;;227+000;260+000;227000;260000;33.0;експлуатаційні дані 2017;exact_piketage_from_source;data.gov.ua / Укравтодор;набір техніко-експлуатаційного стану доріг;Дані щодо техніко-експлуатаційного стану автомобільних доріг державного значення;2017;https://data.gov.ua/dataset/beca8aa5-96a9-46be-ade7-f1b400213af5;;Категорія міститься безпосередньо у вихідній таблиці показників дороги.;high;original_source_geometry;координати вихідного набору 2017;Зчеплення_Луганськ_Н_Р_2017.xlsx | Р-07_пр | rows 126-158;"Базовий загальноукраїнський шар; категорія може відрізнятися від пізніших реконструкцій.";False
BASE2017-00552;Луганська;Р-07;Чугуїв - Мілове (через Старобільськ);державного значення;III;3;;260+000;300+885;260000;300885;40.885;експлуатаційні дані 2017;exact_piketage_from_source;data.gov.ua / Укравтодор;набір техніко-експлуатаційного стану доріг;Дані щодо техніко-експлуатаційного стану автомобільних доріг державного значення;2017;https://data.gov.ua/dataset/beca8aa5-96a9-46be-ade7-f1b400213af5;;Категорія міститься безпосередньо у вихідній таблиці показників дороги.;high;original_source_geometry;координати вихідного набору 2017;Зчеплення_Луганськ_Н_Р_2017.xlsx | Р-07_пр | rows 159-199;"Базовий загальноукраїнський шар; категорія може відрізнятися від пізніших реконструкцій.";False
BASE2017-00553;Луганська;Р-22;"КПП ""Красна Талівка"" - Луганськ";державного значення;III;3;;0+000;6+000;0;6000;6.0;експлуатаційні дані 2017;exact_piketage_from_source;data.gov.ua / Укравтодор;набір техніко-експлуатаційного стану доріг;Дані щодо техніко-експлуатаційного стану автомобільних доріг державного значення;2017;https://data.gov.ua/dataset/beca8aa5-96a9-46be-ade7-f1b400213af5;;Категорія міститься безпосередньо у вихідній таблиці показників дороги.;high;original_source_geometry;координати вихідного набору 2017;Зчеплення_Луганськ_Н_Р_2017.xlsx | Р-22_пр | rows 9-14;"Базовий загальноукраїнський шар; категорія може відрізнятися від пізніших реконструкцій.";False
BASE2017-00554;Луганська;Р-22;"КПП ""Красна Талівка"" - Луганськ";державного значення;I;1;;6+000;10+000;6000;10000;4.0;експлуатаційні дані 2017;exact_piketage_from_source;data.gov.ua / Укравтодор;набір техніко-експлуатаційного стану доріг;Дані щодо техніко-експлуатаційного стану автомобільних доріг державного значення;2017;https://data.gov.ua/dataset/beca8aa5-96a9-46be-ade7-f1b400213af5;;Категорія міститься безпосередньо у вихідній таблиці показників дороги.;high;original_source_geometry;координати вихідного набору 2017;Зчеплення_Луганськ_Н_Р_2017.xlsx | Р-22_пр | rows 15-18;"Базовий загальноукраїнський шар; категорія може відрізнятися від пізніших реконструкцій.";False
BASE2017-00555;Луганська;Р-22;"КПП ""Красна Талівка"" - Луганськ";державного значення;III;3;;10+000;39+000;10000;39000;29.0;експлуатаційні дані 2017;exact_piketage_from_source;data.gov.ua / Укравтодор;набір техніко-експлуатаційного стану доріг;Дані щодо техніко-експлуатаційного стану автомобільних доріг державного значення;2017;https://data.gov.ua/dataset/beca8aa5-96a9-46be-ade7-f1b400213af5;;Категорія міститься безпосередньо у вихідній таблиці показників дороги.;high;original_source_geometry;координати вихідного набору 2017;Зчеплення_Луганськ_Н_Р_2017.xlsx | Р-22_пр | rows 19-47;"Базовий загальноукраїнський шар; категорія може відрізнятися від пізніших реконструкцій.";False
BASE2017-00556;Луганська;Р-22;"КПП ""Красна Талівка"" - Луганськ";державного значення;II;2;;39+000;47+000;39000;47000;8.0;експлуатаційні дані 2017;exact_piketage_from_source;data.gov.ua / Укравтодор;набір техніко-експлуатаційного стану доріг;Дані щодо техніко-експлуатаційного стану автомобільних доріг державного значення;2017;https://data.gov.ua/dataset/beca8aa5-96a9-46be-ade7-f1b400213af5;;Категорія міститься безпосередньо у вихідній таблиці показників дороги.;high;original_source_geometry;координати вихідного набору 2017;Зчеплення_Луганськ_Н_Р_2017.xlsx | Р-22_пр | rows 48-55;"Базовий загальноукраїнський шар; категорія може відрізнятися від пізніших реконструкцій.";False
BASE2017-00557;Луганська;Р-66;"КПП ""Демино-Олександрівка"" - Сватове - Лисичанськ - Луганськ";державного значення;III;3;;4+000;43+000;4000;43000;39.0;експлуатаційні дані 2017;exact_piketage_from_source;data.gov.ua / Укравтодор;набір техніко-експлуатаційного стану доріг;Дані щодо техніко-експлуатаційного стану автомобільних доріг державного значення;2017;https://data.gov.ua/dataset/beca8aa5-96a9-46be-ade7-f1b400213af5;;Категорія міститься безпосередньо у вихідній таблиці показників дороги.;high;original_source_geometry;координати вихідного набору 2017;Зчеплення_Луганськ_Н_Р_2017.xlsx | Р-66_пр | rows 9-47;"Базовий загальноукраїнський шар; категорія може відрізнятися від пізніших реконструкцій.";False
BASE2017-00558;Луганська;Р-66;"КПП ""Демино-Олександрівка"" - Сватове - Лисичанськ - Луганськ";державного значення;II;2;;43+000;86+600;43000;86600;43.6;експлуатаційні дані 2017;exact_piketage_from_source;data.gov.ua / Укравтодор;набір техніко-експлуатаційного стану доріг;Дані щодо техніко-експлуатаційного стану автомобільних доріг державного значення;2017;https://data.gov.ua/dataset/beca8aa5-96a9-46be-ade7-f1b400213af5;;Категорія міститься безпосередньо у вихідній таблиці показників дороги.;high;original_source_geometry;координати вихідного набору 2017;Зчеплення_Луганськ_Н_Р_2017.xlsx | Р-66_пр | rows 48-91;"Базовий загальноукраїнський шар; категорія може відрізнятися від пізніших реконструкцій.";False
BASE2017-00559;Луганська;Р-66;"КПП ""Демино-Олександрівка"" - Сватове - Лисичанськ - Луганськ";державного значення;II;2;;92+700;126+000;92700;126000;33.3;експлуатаційні дані 2017;exact_piketage_from_source;data.gov.ua / Укравтодор;набір техніко-експлуатаційного стану доріг;Дані щодо техніко-експлуатаційного стану автомобільних доріг державного значення;2017;https://data.gov.ua/dataset/beca8aa5-96a9-46be-ade7-f1b400213af5;;Категорія міститься безпосередньо у вихідній таблиці показників дороги.;high;original_source_geometry;координати вихідного набору 2017;Зчеплення_Луганськ_Н_Р_2017.xlsx | Р-66_пр | rows 93-126;"Базовий загальноукраїнський шар; категорія може відрізнятися від пізніших реконструкцій.";False
BASE2017-00560;Луганська;Р-66;"КПП ""Демино-Олександрівка"" - Сватове - Лисичанськ - Луганськ";державного значення;III;3;;126+000;144+400;126000;144400;18.4;експлуатаційні дані 2017;exact_piketage_from_source;data.gov.ua / Укравтодор;набір техніко-експлуатаційного стану доріг;Дані щодо техніко-експлуатаційного стану автомобільних доріг державного значення;2017;https://data.gov.ua/dataset/beca8aa5-96a9-46be-ade7-f1b400213af5;;Категорія міститься безпосередньо у вихідній таблиці показників дороги.;high;original_source_geometry;координати вихідного набору 2017;Зчеплення_Луганськ_Н_Р_2017.xlsx | Р-66_пр | rows 127-145;"Базовий загальноукраїнський шар; категорія може відрізнятися від пізніших реконструкцій.";False
BASE2017-00561;Луганська;Р-66;"КПП ""Демино-Олександрівка"" - Сватове - Лисичанськ - Луганськ";державного значення;III;3;;155+300;165+300;155300;165300;10.0;експлуатаційні дані 2017;exact_piketage_from_source;data.gov.ua / Укравтодор;набір техніко-експлуатаційного стану доріг;Дані щодо техніко-експлуатаційного стану автомобільних доріг державного значення;2017;https://data.gov.ua/dataset/beca8aa5-96a9-46be-ade7-f1b400213af5;;Категорія міститься безпосередньо у вихідній таблиці показників дороги.;high;original_source_geometry;координати вихідного набору 2017;Зчеплення_Луганськ_Н_Р_2017.xlsx | Р-66_пр | rows 147-157;"Базовий загальноукраїнський шар; категорія може відрізнятися від пізніших реконструкцій.";False
BASE2017-00562;Луганська;Р-66;"КПП ""Демино-Олександрівка"" - Сватове - Лисичанськ - Луганськ";державного значення;III;3;;178+800;197+000;178800;197000;18.2;експлуатаційні дані 2017;exact_piketage_from_source;data.gov.ua / Укравтодор;набір техніко-експлуатаційного стану доріг;Дані щодо техніко-експлуатаційного стану автомобільних доріг державного значення;2017;https://data.gov.ua/dataset/beca8aa5-96a9-46be-ade7-f1b400213af5;;Категорія міститься безпосередньо у вихідній таблиці показників дороги.;high;original_source_geometry;координати вихідного набору 2017;Зчеплення_Луганськ_Н_Р_2017.xlsx | Р-66_пр | rows 159-177;"Базовий загальноукраїнський шар; категорія може відрізнятися від пізніших реконструкцій.";False
BASE2017-00563;Львівська;М-06;Київ-Чоп (на Будапешт через Львів, Мукачеве, Ужгород);державного значення;III;3;;433+080;435+000;433080;435000;1.92;експлуатаційні дані 2017;exact_piketage_from_source;data.gov.ua / Укравтодор;набір техніко-експлуатаційного стану доріг;Дані щодо техніко-експлуатаційного стану автомобільних доріг державного значення;2017;https://data.gov.ua/dataset/beca8aa5-96a9-46be-ade7-f1b400213af5;;Категорія міститься безпосередньо у вихідній таблиці показників дороги.;high;original_source_geometry;координати вихідного набору 2017;Зчеплення_Льв_в_М-06_2017.xlsx | м-06_пр | rows 9-10;"Базовий загальноукраїнський шар; категорія може відрізнятися від пізніших реконструкцій.";False
BASE2017-00564;Львівська;М-06;Київ-Чоп (на Будапешт через Львів, Мукачеве, Ужгород);державного значення;II;2;;435+000;436+000;435000;436000;1.0;експлуатаційні дані 2017;exact_piketage_from_source;data.gov.ua / Укравтодор;набір техніко-експлуатаційного стану доріг;Дані щодо техніко-експлуатаційного стану автомобільних доріг державного значення;2017;https://data.gov.ua/dataset/beca8aa5-96a9-46be-ade7-f1b400213af5;;Категорія міститься безпосередньо у вихідній таблиці показників дороги.;high;original_source_geometry;координати вихідного набору 2017;Зчеплення_Льв_в_М-06_2017.xlsx | м-06_пр | rows 11-11;"Базовий загальноукраїнський шар; категорія може відрізнятися від пізніших реконструкцій.";False
BASE2017-00565;Львівська;М-06;Київ-Чоп (на Будапешт через Львів, Мукачеве, Ужгород);державного значення;I;1;;436+000;441+250;436000;441250;5.25;експлуатаційні дані 2017;exact_piketage_from_source;data.gov.ua / Укравтодор;набір техніко-експлуатаційного стану доріг;Дані щодо техніко-експлуатаційного стану автомобільних доріг державного значення;2017;https://data.gov.ua/dataset/beca8aa5-96a9-46be-ade7-f1b400213af5;;Категорія міститься безпосередньо у вихідній таблиці показників дороги.;high;original_source_geometry;координати вихідного набору 2017;Зчеплення_Льв_в_М-06_2017.xlsx | м-06_пр | rows 12-18;"Базовий загальноукраїнський шар; категорія може відрізнятися від пізніших реконструкцій.";False
BASE2017-00566;Львівська;М-06;Київ-Чоп (на Будапешт через Львів, Мукачеве, Ужгород);державного значення;I;1;;441+250;443+000;441250;443000;1.75;експлуатаційні дані 2017;exact_piketage_from_source;data.gov.ua / Укравтодор;набір техніко-експлуатаційного стану доріг;Дані щодо техніко-експлуатаційного стану автомобільних доріг державного значення;2017;https://data.gov.ua/dataset/beca8aa5-96a9-46be-ade7-f1b400213af5;;Категорія міститься безпосередньо у вихідній таблиці показників дороги.;high;original_source_geometry;координати вихідного набору 2017;Зчеплення_Льв_в_М-06_2017.xlsx | м-06_пр | rows 12-18;"Базовий загальноукраїнський шар; категорія може відрізнятися від пізніших реконструкцій.";False
BASE2017-00567;Львівська;М-06;Київ-Чоп (на Будапешт через Львів, Мукачеве, Ужгород);державного значення;II;2;;443+000;447+550;443000;447550;4.55;експлуатаційні дані 2017;exact_piketage_from_source;data.gov.ua / Укравтодор;набір техніко-експлуатаційного стану доріг;Дані щодо техніко-експлуатаційного стану автомобільних доріг державного значення;2017;https://data.gov.ua/dataset/beca8aa5-96a9-46be-ade7-f1b400213af5;;Категорія міститься безпосередньо у вихідній таблиці показників дороги.;high;original_source_geometry;координати вихідного набору 2017;Зчеплення_Льв_в_М-06_2017.xlsx | м-06_пр | rows 19-50;"Базовий загальноукраїнський шар; категорія може відрізнятися від пізніших реконструкцій.";False
BASE2017-00568;Львівська;М-06;Київ-Чоп (на Будапешт через Львів, Мукачеве, Ужгород);державного значення;II;2;;447+550;475+000;447550;475000;27.45;експлуатаційні дані 2017;exact_piketage_from_source;data.gov.ua / Укравтодор;набір техніко-експлуатаційного стану доріг;Дані щодо техніко-експлуатаційного стану автомобільних доріг державного значення;2017;https://data.gov.ua/dataset/beca8aa5-96a9-46be-ade7-f1b400213af5;;Категорія міститься безпосередньо у вихідній таблиці показників дороги.;high;original_source_geometry;координати вихідного набору 2017;Зчеплення_Льв_в_М-06_2017.xlsx | м-06_пр | rows 19-50;"Базовий загальноукраїнський шар; категорія може відрізнятися від пізніших реконструкцій.";False
BASE2017-00569;Львівська;М-06;Київ-Чоп (на Будапешт через Львів, Мукачеве, Ужгород);державного значення;I;1;;475+000;481+000;475000;481000;6.0;експлуатаційні дані 2017;exact_piketage_from_source;data.gov.ua / Укравтодор;набір техніко-експлуатаційного стану доріг;Дані щодо техніко-експлуатаційного стану автомобільних доріг державного значення;2017;https://data.gov.ua/dataset/beca8aa5-96a9-46be-ade7-f1b400213af5;;Категорія міститься безпосередньо у вихідній таблиці показників дороги.;high;original_source_geometry;координати вихідного набору 2017;Зчеплення_Льв_в_М-06_2017.xlsx | м-06_пр | rows 51-56;"Базовий загальноукраїнський шар; категорія може відрізнятися від пізніших реконструкцій.";False
BASE2017-00570;Львівська;М-06;Київ-Чоп (на Будапешт через Львів, Мукачеве, Ужгород);державного значення;II;2;;481+000;481+330;481000;481330;0.33;експлуатаційні дані 2017;exact_piketage_from_source;data.gov.ua / Укравтодор;набір техніко-експлуатаційного стану доріг;Дані щодо техніко-експлуатаційного стану автомобільних доріг державного значення;2017;https://data.gov.ua/dataset/beca8aa5-96a9-46be-ade7-f1b400213af5;;Категорія міститься безпосередньо у вихідній таблиці показників дороги.;high;original_source_geometry;координати вихідного набору 2017;Зчеплення_Льв_в_М-06_2017.xlsx | м-06_пр | rows 57-67;"Базовий загальноукраїнський шар; категорія може відрізнятися від пізніших реконструкцій.";False
BASE2017-00571;Львівська;М-06;Київ-Чоп (на Будапешт через Львів, Мукачеве, Ужгород);державного значення;II;2;;481+330;486+730;481330;486730;5.4;експлуатаційні дані 2017;exact_piketage_from_source;data.gov.ua / Укравтодор;набір техніко-експлуатаційного стану доріг;Дані щодо техніко-експлуатаційного стану автомобільних доріг державного значення;2017;https://data.gov.ua/dataset/beca8aa5-96a9-46be-ade7-f1b400213af5;;Категорія міститься безпосередньо у вихідній таблиці показників дороги.;high;original_source_geometry;координати вихідного набору 2017;Зчеплення_Льв_в_М-06_2017.xlsx | м-06_пр | rows 57-67;"Базовий загальноукраїнський шар; категорія може відрізнятися від пізніших реконструкцій.";False
BASE2017-00572;Львівська;М-06;Київ-Чоп (на Будапешт через Львів, Мукачеве, Ужгород);державного значення;II;2;;486+730;492+000;486730;492000;5.27;експлуатаційні дані 2017;exact_piketage_from_source;data.gov.ua / Укравтодор;набір техніко-експлуатаційного стану доріг;Дані щодо техніко-експлуатаційного стану автомобільних доріг державного значення;2017;https://data.gov.ua/dataset/beca8aa5-96a9-46be-ade7-f1b400213af5;;Категорія міститься безпосередньо у вихідній таблиці показників дороги.;high;original_source_geometry;координати вихідного набору 2017;Зчеплення_Льв_в_М-06_2017.xlsx | м-06_пр | rows 57-67;"Базовий загальноукраїнський шар; категорія може відрізнятися від пізніших реконструкцій.";False
BASE2017-00573;Львівська;М-06;Київ-Чоп (на Будапешт через Львів, Мукачеве, Ужгород);державного значення;I;1;;492+000;495+000;492000;495000;3.0;експлуатаційні дані 2017;exact_piketage_from_source;data.gov.ua / Укравтодор;набір техніко-експлуатаційного стану доріг;Дані щодо техніко-експлуатаційного стану автомобільних доріг державного значення;2017;https://data.gov.ua/dataset/beca8aa5-96a9-46be-ade7-f1b400213af5;;Категорія міститься безпосередньо у вихідній таблиці показників дороги.;high;original_source_geometry;координати вихідного набору 2017;Зчеплення_Льв_в_М-06_2017.xlsx | м-06_пр | rows 68-70;"Базовий загальноукраїнський шар; категорія може відрізнятися від пізніших реконструкцій.";False
BASE2017-00574;Львівська;М-06;Київ-Чоп (на Будапешт через Львів, Мукачеве, Ужгород);державного значення;II;2;;495+000;498+330;495000;498330;3.33;експлуатаційні дані 2017;exact_piketage_from_source;data.gov.ua / Укравтодор;набір техніко-експлуатаційного стану доріг;Дані щодо техніко-експлуатаційного стану автомобільних доріг державного значення;2017;https://data.gov.ua/dataset/beca8aa5-96a9-46be-ade7-f1b400213af5;;Категорія міститься безпосередньо у вихідній таблиці показників дороги.;high;original_source_geometry;координати вихідного набору 2017;Зчеплення_Льв_в_М-06_2017.xlsx | м-06_пр | rows 71-128;"Базовий загальноукраїнський шар; категорія може відрізнятися від пізніших реконструкцій.";False
BASE2017-00575;Львівська;М-06;Київ-Чоп (на Будапешт через Львів, Мукачеве, Ужгород);державного значення;II;2;;498+330;501+330;498330;501330;3.0;експлуатаційні дані 2017;exact_piketage_from_source;data.gov.ua / Укравтодор;набір техніко-експлуатаційного стану доріг;Дані щодо техніко-експлуатаційного стану автомобільних доріг державного значення;2017;https://data.gov.ua/dataset/beca8aa5-96a9-46be-ade7-f1b400213af5;;Категорія міститься безпосередньо у вихідній таблиці показників дороги.;high;original_source_geometry;координати вихідного набору 2017;Зчеплення_Льв_в_М-06_2017.xlsx | м-06_пр | rows 71-128;"Базовий загальноукраїнський шар; категорія може відрізнятися від пізніших реконструкцій.";False
BASE2017-00576;Львівська;М-06;Київ-Чоп (на Будапешт через Львів, Мукачеве, Ужгород);державного значення;II;2;;501+330;526+230;501330;526230;24.9;експлуатаційні дані 2017;exact_piketage_from_source;data.gov.ua / Укравтодор;набір техніко-експлуатаційного стану доріг;Дані щодо техніко-експлуатаційного стану автомобільних доріг державного значення;2017;https://data.gov.ua/dataset/beca8aa5-96a9-46be-ade7-f1b400213af5;;Категорія міститься безпосередньо у вихідній таблиці показників дороги.;high;original_source_geometry;координати вихідного набору 2017;Зчеплення_Льв_в_М-06_2017.xlsx | м-06_пр | rows 71-128;"Базовий загальноукраїнський шар; категорія може відрізнятися від пізніших реконструкцій.";False
BASE2017-00577;Львівська;М-06;Київ-Чоп (на Будапешт через Львів, Мукачеве, Ужгород);державного значення;II;2;;526+230;526+436;526230;526436;0.206;експлуатаційні дані 2017;exact_piketage_from_source;data.gov.ua / Укравтодор;набір техніко-експлуатаційного стану доріг;Дані щодо техніко-експлуатаційного стану автомобільних доріг державного значення;2017;https://data.gov.ua/dataset/beca8aa5-96a9-46be-ade7-f1b400213af5;;Категорія міститься безпосередньо у вихідній таблиці показників дороги.;high;original_source_geometry;координати вихідного набору 2017;Зчеплення_Льв_в_М-06_2017.xlsx | м-06_пр | rows 71-128;"Базовий загальноукраїнський шар; категорія може відрізнятися від пізніших реконструкцій.";False
BASE2017-00578;Львівська;М-06;Київ-Чоп (на Будапешт через Львів, Мукачеве, Ужгород);державного значення;II;2;;526+436;528+680;526436;528680;2.244;експлуатаційні дані 2017;exact_piketage_from_source;data.gov.ua / Укравтодор;набір техніко-експлуатаційного стану доріг;Дані щодо техніко-експлуатаційного стану автомобільних доріг державного значення;2017;https://data.gov.ua/dataset/beca8aa5-96a9-46be-ade7-f1b400213af5;;Категорія міститься безпосередньо у вихідній таблиці показників дороги.;high;original_source_geometry;координати вихідного набору 2017;Зчеплення_Льв_в_М-06_2017.xlsx | м-06_пр | rows 71-128;"Базовий загальноукраїнський шар; категорія може відрізнятися від пізніших реконструкцій.";False
BASE2017-00579;Львівська;М-06;Київ-Чоп (на Будапешт через Львів, Мукачеве, Ужгород);державного значення;II;2;;528+680;529+780;528680;529780;1.1;експлуатаційні дані 2017;exact_piketage_from_source;data.gov.ua / Укравтодор;набір техніко-експлуатаційного стану доріг;Дані щодо техніко-експлуатаційного стану автомобільних доріг державного значення;2017;https://data.gov.ua/dataset/beca8aa5-96a9-46be-ade7-f1b400213af5;;Категорія міститься безпосередньо у вихідній таблиці показників дороги.;high;original_source_geometry;координати вихідного набору 2017;Зчеплення_Льв_в_М-06_2017.xlsx | м-06_пр | rows 71-128;"Базовий загальноукраїнський шар; категорія може відрізнятися від пізніших реконструкцій.";False
BASE2017-00580;Львівська;М-06;Київ-Чоп (на Будапешт через Львів, Мукачеве, Ужгород);державного значення;II;2;;529+780;553+000;529780;553000;23.22;експлуатаційні дані 2017;exact_piketage_from_source;data.gov.ua / Укравтодор;набір техніко-експлуатаційного стану доріг;Дані щодо техніко-експлуатаційного стану автомобільних доріг державного значення;2017;https://data.gov.ua/dataset/beca8aa5-96a9-46be-ade7-f1b400213af5;;Категорія міститься безпосередньо у вихідній таблиці показників дороги.;high;original_source_geometry;координати вихідного набору 2017;Зчеплення_Льв_в_М-06_2017.xlsx | м-06_пр | rows 71-128;"Базовий загальноукраїнський шар; категорія може відрізнятися від пізніших реконструкцій.";False
BASE2017-00581;Львівська;М-06;Київ-Чоп (на Будапешт через Львів, Мукачеве, Ужгород);державного значення;I;1;;553+000;553+202;553000;553202;0.202;експлуатаційні дані 2017;exact_piketage_from_source;data.gov.ua / Укравтодор;набір техніко-експлуатаційного стану доріг;Дані щодо техніко-експлуатаційного стану автомобільних доріг державного значення;2017;https://data.gov.ua/dataset/beca8aa5-96a9-46be-ade7-f1b400213af5;;Категорія міститься безпосередньо у вихідній таблиці показників дороги.;high;original_source_geometry;координати вихідного набору 2017;Зчеплення_Льв_в_М-06_2017.xlsx | м-06_пр | rows 129-148;"Базовий загальноукраїнський шар; категорія може відрізнятися від пізніших реконструкцій.";False
BASE2017-00582;Львівська;М-06;Київ-Чоп (на Будапешт через Львів, Мукачеве, Ужгород);державного значення;I;1;;553+202;563+102;553202;563102;9.9;експлуатаційні дані 2017;exact_piketage_from_source;data.gov.ua / Укравтодор;набір техніко-експлуатаційного стану доріг;Дані щодо техніко-експлуатаційного стану автомобільних доріг державного значення;2017;https://data.gov.ua/dataset/beca8aa5-96a9-46be-ade7-f1b400213af5;;Категорія міститься безпосередньо у вихідній таблиці показників дороги.;high;original_source_geometry;координати вихідного набору 2017;Зчеплення_Льв_в_М-06_2017.xlsx | м-06_пр | rows 129-148;"Базовий загальноукраїнський шар; категорія може відрізнятися від пізніших реконструкцій.";False
BASE2017-00583;Львівська;М-06;Київ-Чоп (на Будапешт через Львів, Мукачеве, Ужгород);державного значення;I;1;;563+102;564+097;563102;564097;0.995;експлуатаційні дані 2017;exact_piketage_from_source;data.gov.ua / Укравтодор;набір техніко-експлуатаційного стану доріг;Дані щодо техніко-експлуатаційного стану автомобільних доріг державного значення;2017;https://data.gov.ua/dataset/beca8aa5-96a9-46be-ade7-f1b400213af5;;Категорія міститься безпосередньо у вихідній таблиці показників дороги.;high;original_source_geometry;координати вихідного набору 2017;Зчеплення_Льв_в_М-06_2017.xlsx | м-06_пр | rows 129-148;"Базовий загальноукраїнський шар; категорія може відрізнятися від пізніших реконструкцій.";False
BASE2017-00584;Львівська;М-06;Київ-Чоп (на Будапешт через Львів, Мукачеве, Ужгород);державного значення;I;1;;564+097;573+000;564097;573000;8.903;експлуатаційні дані 2017;exact_piketage_from_source;data.gov.ua / Укравтодор;набір техніко-експлуатаційного стану доріг;Дані щодо техніко-експлуатаційного стану автомобільних доріг державного значення;2017;https://data.gov.ua/dataset/beca8aa5-96a9-46be-ade7-f1b400213af5;;Категорія міститься безпосередньо у вихідній таблиці показників дороги.;high;original_source_geometry;координати вихідного набору 2017;Зчеплення_Льв_в_М-06_2017.xlsx | м-06_пр | rows 129-148;"Базовий загальноукраїнський шар; категорія може відрізнятися від пізніших реконструкцій.";False
BASE2017-00585;Львівська;М-06;Київ-Чоп (на Будапешт через Львів, Мукачеве, Ужгород);державного значення;II;2;;573+000;579+360;573000;579360;6.36;експлуатаційні дані 2017;exact_piketage_from_source;data.gov.ua / Укравтодор;набір техніко-експлуатаційного стану доріг;Дані щодо техніко-експлуатаційного стану автомобільних доріг державного значення;2017;https://data.gov.ua/dataset/beca8aa5-96a9-46be-ade7-f1b400213af5;;Категорія міститься безпосередньо у вихідній таблиці показників дороги.;high;original_source_geometry;координати вихідного набору 2017;Зчеплення_Льв_в_М-06_2017.xlsx | м-06_пр | rows 149-278;"Базовий загальноукраїнський шар; категорія може відрізнятися від пізніших реконструкцій.";False
BASE2017-00586;Львівська;М-06;Київ-Чоп (на Будапешт через Львів, Мукачеве, Ужгород);державного значення;II;2;;579+360;702+546;579360;702546;123.186;експлуатаційні дані 2017;exact_piketage_from_source;data.gov.ua / Укравтодор;набір техніко-експлуатаційного стану доріг;Дані щодо техніко-експлуатаційного стану автомобільних доріг державного значення;2017;https://data.gov.ua/dataset/beca8aa5-96a9-46be-ade7-f1b400213af5;;Категорія міститься безпосередньо у вихідній таблиці показників дороги.;high;original_source_geometry;координати вихідного набору 2017;Зчеплення_Льв_в_М-06_2017.xlsx | м-06_пр | rows 149-278;"Базовий загальноукраїнський шар; категорія може відрізнятися від пізніших реконструкцій.";False
BASE2017-00587;Львівська;М-06П;Під'їзд до м. Львова;державного значення;I;1;;0+000;1+400;0;1400;1.4;експлуатаційні дані 2017;exact_piketage_from_source;data.gov.ua / Укравтодор;набір техніко-експлуатаційного стану доріг;Дані щодо техніко-експлуатаційного стану автомобільних доріг державного значення;2017;https://data.gov.ua/dataset/beca8aa5-96a9-46be-ade7-f1b400213af5;;Категорія міститься безпосередньо у вихідній таблиці показників дороги.;high;original_source_geometry;координати вихідного набору 2017;Зчеплення_Льв_в_М-06_2017.xlsx | М-06_П-Львів_пр | rows 9-14;"Базовий загальноукраїнський шар; категорія може відрізнятися від пізніших реконструкцій.";False
BASE2017-00588;Львівська;М-06П;Під'їзд до м. Львова;державного значення;I;1;;1+400;5+200;1400;5200;3.8;експлуатаційні дані 2017;exact_piketage_from_source;data.gov.ua / Укравтодор;набір техніко-експлуатаційного стану доріг;Дані щодо техніко-експлуатаційного стану автомобільних доріг державного значення;2017;https://data.gov.ua/dataset/beca8aa5-96a9-46be-ade7-f1b400213af5;;Категорія міститься безпосередньо у вихідній таблиці показників дороги.;high;original_source_geometry;координати вихідного набору 2017;Зчеплення_Льв_в_М-06_2017.xlsx | М-06_П-Львів_пр | rows 9-14;"Базовий загальноукраїнський шар; категорія може відрізнятися від пізніших реконструкцій.";False
BASE2017-00589;Львівська;М-06П;Під'їзд до м. Львова;державного значення;I;1;;5+200;5+690;5200;5690;0.49;експлуатаційні дані 2017;exact_piketage_from_source;data.gov.ua / Укравтодор;набір техніко-експлуатаційного стану доріг;Дані щодо техніко-експлуатаційного стану автомобільних доріг державного значення;2017;https://data.gov.ua/dataset/beca8aa5-96a9-46be-ade7-f1b400213af5;;Категорія міститься безпосередньо у вихідній таблиці показників дороги.;high;original_source_geometry;координати вихідного набору 2017;Зчеплення_Льв_в_М-06_2017.xlsx | М-06_П-Львів_пр | rows 9-14;"Базовий загальноукраїнський шар; категорія може відрізнятися від пізніших реконструкцій.";False
BASE2017-00590;Львівська;М-09;Львів - Рава-Руська;державного значення;III;3;;5+234;10+000;5234;10000;4.766;експлуатаційні дані 2017;exact_piketage_from_source;data.gov.ua / Укравтодор;набір техніко-експлуатаційного стану доріг;Дані щодо техніко-експлуатаційного стану автомобільних доріг державного значення;2017;https://data.gov.ua/dataset/beca8aa5-96a9-46be-ade7-f1b400213af5;;Категорія міститься безпосередньо у вихідній таблиці показників дороги.;high;original_source_geometry;координати вихідного набору 2017;Зчеплення_Льв_в_М_Н_Р_2017.xlsx | м-09_пр | rows 9-13;"Базовий загальноукраїнський шар; категорія може відрізнятися від пізніших реконструкцій.";False
BASE2017-00591;Львівська;М-09;Львів - Рава-Руська;державного значення;II;2;;10+000;30+000;10000;30000;20.0;експлуатаційні дані 2017;exact_piketage_from_source;data.gov.ua / Укравтодор;набір техніко-експлуатаційного стану доріг;Дані щодо техніко-експлуатаційного стану автомобільних доріг державного значення;2017;https://data.gov.ua/dataset/beca8aa5-96a9-46be-ade7-f1b400213af5;;Категорія міститься безпосередньо у вихідній таблиці показників дороги.;high;original_source_geometry;координати вихідного набору 2017;Зчеплення_Льв_в_М_Н_Р_2017.xlsx | м-09_пр | rows 14-33;"Базовий загальноукраїнський шар; категорія може відрізнятися від пізніших реконструкцій.";False
BASE2017-00592;Львівська;М-09;Львів - Рава-Руська;державного значення;III;3;;30+000;62+000;30000;62000;32.0;експлуатаційні дані 2017;exact_piketage_from_source;data.gov.ua / Укравтодор;набір техніко-експлуатаційного стану доріг;Дані щодо техніко-експлуатаційного стану автомобільних доріг державного значення;2017;https://data.gov.ua/dataset/beca8aa5-96a9-46be-ade7-f1b400213af5;;Категорія міститься безпосередньо у вихідній таблиці показників дороги.;high;original_source_geometry;координати вихідного набору 2017;Зчеплення_Льв_в_М_Н_Р_2017.xlsx | м-09_пр | rows 34-65;"Базовий загальноукраїнський шар; категорія може відрізнятися від пізніших реконструкцій.";False
BASE2017-00593;Львівська;М-09;Львів - Рава-Руська;державного значення;II;2;;62+000;63+000;62000;63000;1.0;експлуатаційні дані 2017;exact_piketage_from_source;data.gov.ua / Укравтодор;набір техніко-експлуатаційного стану доріг;Дані щодо техніко-експлуатаційного стану автомобільних доріг державного значення;2017;https://data.gov.ua/dataset/beca8aa5-96a9-46be-ade7-f1b400213af5;;Категорія міститься безпосередньо у вихідній таблиці показників дороги.;high;original_source_geometry;координати вихідного набору 2017;Зчеплення_Льв_в_М_Н_Р_2017.xlsx | м-09_пр | rows 66-66;"Базовий загальноукраїнський шар; категорія може відрізнятися від пізніших реконструкцій.";False
BASE2017-00594;Львівська;М-09;Львів - Рава-Руська;державного значення;III;3;;63+000;67+783;63000;67783;4.783;експлуатаційні дані 2017;exact_piketage_from_source;data.gov.ua / Укравтодор;набір техніко-експлуатаційного стану доріг;Дані щодо техніко-експлуатаційного стану автомобільних доріг державного значення;2017;https://data.gov.ua/dataset/beca8aa5-96a9-46be-ade7-f1b400213af5;;Категорія міститься безпосередньо у вихідній таблиці показників дороги.;high;original_source_geometry;координати вихідного набору 2017;Зчеплення_Льв_в_М_Н_Р_2017.xlsx | м-09_пр | rows 67-71;"Базовий загальноукраїнський шар; категорія може відрізнятися від пізніших реконструкцій.";False
BASE2017-00595;Львівська;М-10;Львів - Краковець (на Краків);державного значення;II;2;;8+348;10+000;8348;10000;1.652;експлуатаційні дані 2017;exact_piketage_from_source;data.gov.ua / Укравтодор;набір техніко-експлуатаційного стану доріг;Дані щодо техніко-експлуатаційного стану автомобільних доріг державного значення;2017;https://data.gov.ua/dataset/beca8aa5-96a9-46be-ade7-f1b400213af5;;Категорія міститься безпосередньо у вихідній таблиці показників дороги.;high;original_source_geometry;координати вихідного набору 2017;Зчеплення_Льв_в_М_Н_Р_2017.xlsx | м-10_пр | rows 9-10;"Базовий загальноукраїнський шар; категорія може відрізнятися від пізніших реконструкцій.";False
BASE2017-00596;Львівська;М-10;Львів - Краковець (на Краків);державного значення;III;3;;10+000;70+446;10000;70446;60.446;експлуатаційні дані 2017;exact_piketage_from_source;data.gov.ua / Укравтодор;набір техніко-експлуатаційного стану доріг;Дані щодо техніко-експлуатаційного стану автомобільних доріг державного значення;2017;https://data.gov.ua/dataset/beca8aa5-96a9-46be-ade7-f1b400213af5;;Категорія міститься безпосередньо у вихідній таблиці показників дороги.;high;original_source_geometry;координати вихідного набору 2017;Зчеплення_Льв_в_М_Н_Р_2017.xlsx | м-10_пр | rows 11-71;"Базовий загальноукраїнський шар; категорія може відрізнятися від пізніших реконструкцій.";False
BASE2017-00597;Львівська;М-10;Західний обхід м. Львова;державного значення;III;3;;0+000;8+348;0;8348;8.348;експлуатаційні дані 2017;exact_piketage_from_source;data.gov.ua / Укравтодор;набір техніко-експлуатаційного стану доріг;Дані щодо техніко-експлуатаційного стану автомобільних доріг державного значення;2017;https://data.gov.ua/dataset/beca8aa5-96a9-46be-ade7-f1b400213af5;;Категорія міститься безпосередньо у вихідній таблиці показників дороги.;high;original_source_geometry;координати вихідного набору 2017;Зчеплення_Льв_в_М_Н_Р_2017.xlsx | М-10_О_пр | rows 9-17;"Базовий загальноукраїнський шар; категорія може відрізнятися від пізніших реконструкцій.";False
BASE2017-00598;Львівська;М-10;Західний обхід м. Львова;державного значення;III;3;;8+348;9+000;8348;9000;0.652;експлуатаційні дані 2017;exact_piketage_from_source;data.gov.ua / Укравтодор;набір техніко-експлуатаційного стану доріг;Дані щодо техніко-експлуатаційного стану автомобільних доріг державного значення;2017;https://data.gov.ua/dataset/beca8aa5-96a9-46be-ade7-f1b400213af5;;Категорія міститься безпосередньо у вихідній таблиці показників дороги.;high;original_source_geometry;координати вихідного набору 2017;Зчеплення_Льв_в_М_Н_Р_2017.xlsx | М-10_О_пр | rows 9-17;"Базовий загальноукраїнський шар; категорія може відрізнятися від пізніших реконструкцій.";False
BASE2017-00599;Львівська;М-10;Західний обхід м. Львова;державного значення;II;2;;9+000;10+000;9000;10000;1.0;експлуатаційні дані 2017;exact_piketage_from_source;data.gov.ua / Укравтодор;набір техніко-експлуатаційного стану доріг;Дані щодо техніко-експлуатаційного стану автомобільних доріг державного значення;2017;https://data.gov.ua/dataset/beca8aa5-96a9-46be-ade7-f1b400213af5;;Категорія міститься безпосередньо у вихідній таблиці показників дороги.;high;original_source_geometry;координати вихідного набору 2017;Зчеплення_Льв_в_М_Н_Р_2017.xlsx | М-10_О_пр | rows 18-18;"Базовий загальноукраїнський шар; категорія може відрізнятися від пізніших реконструкцій.";False
BASE2017-00600;Львівська;М-10;Західний обхід м. Львова;державного значення;III;3;;10+000;15+208;10000;15208;5.208;експлуатаційні дані 2017;exact_piketage_from_source;data.gov.ua / Укравтодор;набір техніко-експлуатаційного стану доріг;Дані щодо техніко-експлуатаційного стану автомобільних доріг державного значення;2017;https://data.gov.ua/dataset/beca8aa5-96a9-46be-ade7-f1b400213af5;;Категорія міститься безпосередньо у вихідній таблиці показників дороги.;high;original_source_geometry;координати вихідного набору 2017;Зчеплення_Льв_в_М_Н_Р_2017.xlsx | М-10_О_пр | rows 19-24;"Базовий загальноукраїнський шар; категорія може відрізнятися від пізніших реконструкцій.";False
BASE2017-00601;Львівська;М-11;Львів - Шегині (на Краків);державного значення;I;1;;8+585;13+000;8585;13000;4.415;експлуатаційні дані 2017;exact_piketage_from_source;data.gov.ua / Укравтодор;набір техніко-експлуатаційного стану доріг;Дані щодо техніко-експлуатаційного стану автомобільних доріг державного значення;2017;https://data.gov.ua/dataset/beca8aa5-96a9-46be-ade7-f1b400213af5;;Категорія міститься безпосередньо у вихідній таблиці показників дороги.;high;original_source_geometry;координати вихідного набору 2017;Зчеплення_Льв_в_М_Н_Р_2017.xlsx | м-11_пр | rows 9-13;"Базовий загальноукраїнський шар; категорія може відрізнятися від пізніших реконструкцій.";False
BASE2017-00602;Львівська;М-11;Львів - Шегині (на Краків);державного значення;II;2;;13+000;76+000;13000;76000;63.0;експлуатаційні дані 2017;exact_piketage_from_source;data.gov.ua / Укравтодор;набір техніко-експлуатаційного стану доріг;Дані щодо техніко-експлуатаційного стану автомобільних доріг державного значення;2017;https://data.gov.ua/dataset/beca8aa5-96a9-46be-ade7-f1b400213af5;;Категорія міститься безпосередньо у вихідній таблиці показників дороги.;high;original_source_geometry;координати вихідного набору 2017;Зчеплення_Льв_в_М_Н_Р_2017.xlsx | м-11_пр | rows 14-76;"Базовий загальноукраїнський шар; категорія може відрізнятися від пізніших реконструкцій.";False
BASE2017-00603;Львівська;М-11;Львів - Шегині (на Краків);державного значення;I;1;;76+000;77+000;76000;77000;1.0;експлуатаційні дані 2017;exact_piketage_from_source;data.gov.ua / Укравтодор;набір техніко-експлуатаційного стану доріг;Дані щодо техніко-експлуатаційного стану автомобільних доріг державного значення;2017;https://data.gov.ua/dataset/beca8aa5-96a9-46be-ade7-f1b400213af5;;Категорія міститься безпосередньо у вихідній таблиці показників дороги.;high;original_source_geometry;координати вихідного набору 2017;Зчеплення_Льв_в_М_Н_Р_2017.xlsx | м-11_пр | rows 77-77;"Базовий загальноукраїнський шар; категорія може відрізнятися від пізніших реконструкцій.";False
BASE2017-00604;Львівська;М-11;Львів - Шегині (на Краків);державного значення;II;2;;77+000;80+708;77000;80708;3.708;експлуатаційні дані 2017;exact_piketage_from_source;data.gov.ua / Укравтодор;набір техніко-експлуатаційного стану доріг;Дані щодо техніко-експлуатаційного стану автомобільних доріг державного значення;2017;https://data.gov.ua/dataset/beca8aa5-96a9-46be-ade7-f1b400213af5;;Категорія міститься безпосередньо у вихідній таблиці показників дороги.;high;original_source_geometry;координати вихідного набору 2017;Зчеплення_Льв_в_М_Н_Р_2017.xlsx | м-11_пр | rows 78-81;"Базовий загальноукраїнський шар; категорія може відрізнятися від пізніших реконструкцій.";False
BASE2017-00605;Львівська;М-12;Стрий - Тернопіль - Кіровоград - Знам'янка (через Вінницю);державного значення;III;3;;0+000;7+000;0;7000;7.0;експлуатаційні дані 2017;exact_piketage_from_source;data.gov.ua / Укравтодор;набір техніко-експлуатаційного стану доріг;Дані щодо техніко-експлуатаційного стану автомобільних доріг державного значення;2017;https://data.gov.ua/dataset/beca8aa5-96a9-46be-ade7-f1b400213af5;;Категорія міститься безпосередньо у вихідній таблиці показників дороги.;high;original_source_geometry;координати вихідного набору 2017;Зчеплення_Льв_в_М_Н_Р_2017.xlsx | м-12_пр | rows 9-15;"Базовий загальноукраїнський шар; категорія може відрізнятися від пізніших реконструкцій.";False
BASE2017-00606;Львівська;М-12;Стрий - Тернопіль - Кіровоград - Знам'янка (через Вінницю);державного значення;II;2;;7+000;10+000;7000;10000;3.0;експлуатаційні дані 2017;exact_piketage_from_source;data.gov.ua / Укравтодор;набір техніко-експлуатаційного стану доріг;Дані щодо техніко-експлуатаційного стану автомобільних доріг державного значення;2017;https://data.gov.ua/dataset/beca8aa5-96a9-46be-ade7-f1b400213af5;;Категорія міститься безпосередньо у вихідній таблиці показників дороги.;high;original_source_geometry;координати вихідного набору 2017;Зчеплення_Льв_в_М_Н_Р_2017.xlsx | м-12_пр | rows 16-18;"Базовий загальноукраїнський шар; категорія може відрізнятися від пізніших реконструкцій.";False
BASE2017-00607;Львівська;М-12;Стрий - Тернопіль - Кіровоград - Знам'янка (через Вінницю);державного значення;III;3;;10+000;44+230;10000;44230;34.23;експлуатаційні дані 2017;exact_piketage_from_source;data.gov.ua / Укравтодор;набір техніко-експлуатаційного стану доріг;Дані щодо техніко-експлуатаційного стану автомобільних доріг державного значення;2017;https://data.gov.ua/dataset/beca8aa5-96a9-46be-ade7-f1b400213af5;;Категорія міститься безпосередньо у вихідній таблиці показників дороги.;high;original_source_geometry;координати вихідного набору 2017;Зчеплення_Льв_в_М_Н_Р_2017.xlsx | м-12_пр | rows 19-53;"Базовий загальноукраїнський шар; категорія може відрізнятися від пізніших реконструкцій.";False
BASE2017-00608;Львівська;Н-02;Львів - Тернопіль;державного значення;II;2;;11+257;84+073;11257;84073;72.816;експлуатаційні дані 2017;exact_piketage_from_source;data.gov.ua / Укравтодор;набір техніко-експлуатаційного стану доріг;Дані щодо техніко-експлуатаційного стану автомобільних доріг державного значення;2017;https://data.gov.ua/dataset/beca8aa5-96a9-46be-ade7-f1b400213af5;;Категорія міститься безпосередньо у вихідній таблиці показників дороги.;high;original_source_geometry;координати вихідного набору 2017;Зчеплення_Льв_в_М_Н_Р_2017.xlsx | н-02_пр | rows 9-82;"Базовий загальноукраїнський шар; категорія може відрізнятися від пізніших реконструкцій.";False
BASE2017-00609;Львівська;Н-09;Мукачеве-Рахів-Богородчани-Івано-Франківськ-Рогатин-Бібрка - Львів;державного значення;III;3;;395+660;439+433;395660;439433;43.773;експлуатаційні дані 2017;exact_piketage_from_source;data.gov.ua / Укравтодор;набір техніко-експлуатаційного стану доріг;Дані щодо техніко-експлуатаційного стану автомобільних доріг державного значення;2017;https://data.gov.ua/dataset/beca8aa5-96a9-46be-ade7-f1b400213af5;;Категорія міститься безпосередньо у вихідній таблиці показників дороги.;high;original_source_geometry;координати вихідного набору 2017;Зчеплення_Льв_в_М_Н_Р_2017.xlsx | н-09_пр | rows 9-53;"Базовий загальноукраїнський шар; категорія може відрізнятися від пізніших реконструкцій.";False
BASE2017-00610;Львівська;Н-10;Стрий - Івано-Франківськ - Чернівці - Мамалига (на Кишинів);державного значення;II;2;;2+575;3+000;2575;3000;0.425;експлуатаційні дані 2017;exact_piketage_from_source;data.gov.ua / Укравтодор;набір техніко-експлуатаційного стану доріг;Дані щодо техніко-експлуатаційного стану автомобільних доріг державного значення;2017;https://data.gov.ua/dataset/beca8aa5-96a9-46be-ade7-f1b400213af5;;Категорія міститься безпосередньо у вихідній таблиці показників дороги.;high;original_source_geometry;координати вихідного набору 2017;Зчеплення_Льв_в_М_Н_Р_2017.xlsx | н-10_пр | rows 9-9;"Базовий загальноукраїнський шар; категорія може відрізнятися від пізніших реконструкцій.";False
BASE2017-00611;Львівська;Н-10;Стрий - Івано-Франківськ - Чернівці - Мамалига (на Кишинів);державного значення;I;1;;3+000;10+000;3000;10000;7.0;експлуатаційні дані 2017;exact_piketage_from_source;data.gov.ua / Укравтодор;набір техніко-експлуатаційного стану доріг;Дані щодо техніко-експлуатаційного стану автомобільних доріг державного значення;2017;https://data.gov.ua/dataset/beca8aa5-96a9-46be-ade7-f1b400213af5;;Категорія міститься безпосередньо у вихідній таблиці показників дороги.;high;original_source_geometry;координати вихідного набору 2017;Зчеплення_Льв_в_М_Н_Р_2017.xlsx | н-10_пр | rows 10-16;"Базовий загальноукраїнський шар; категорія може відрізнятися від пізніших реконструкцій.";False
BASE2017-00612;Львівська;Н-10;Стрий - Івано-Франківськ - Чернівці - Мамалига (на Кишинів);державного значення;IV;4;;10+000;11+000;10000;11000;1.0;експлуатаційні дані 2017;exact_piketage_from_source;data.gov.ua / Укравтодор;набір техніко-експлуатаційного стану доріг;Дані щодо техніко-експлуатаційного стану автомобільних доріг державного значення;2017;https://data.gov.ua/dataset/beca8aa5-96a9-46be-ade7-f1b400213af5;;Категорія міститься безпосередньо у вихідній таблиці показників дороги.;high;original_source_geometry;координати вихідного набору 2017;Зчеплення_Льв_в_М_Н_Р_2017.xlsx | н-10_пр | rows 17-17;"Базовий загальноукраїнський шар; категорія може відрізнятися від пізніших реконструкцій.";False
BASE2017-00613;Львівська;Н-10;Стрий - Івано-Франківськ - Чернівці - Мамалига (на Кишинів);державного значення;II;2;;11+000;12+000;11000;12000;1.0;експлуатаційні дані 2017;exact_piketage_from_source;data.gov.ua / Укравтодор;набір техніко-експлуатаційного стану доріг;Дані щодо техніко-експлуатаційного стану автомобільних доріг державного значення;2017;https://data.gov.ua/dataset/beca8aa5-96a9-46be-ade7-f1b400213af5;;Категорія міститься безпосередньо у вихідній таблиці показників дороги.;high;original_source_geometry;координати вихідного набору 2017;Зчеплення_Льв_в_М_Н_Р_2017.xlsx | н-10_пр | rows 18-18;"Базовий загальноукраїнський шар; категорія може відрізнятися від пізніших реконструкцій.";False
BASE2017-00614;Львівська;Н-10;Стрий - Івано-Франківськ - Чернівці - Мамалига (на Кишинів);державного значення;I;1;;12+000;13+000;12000;13000;1.0;експлуатаційні дані 2017;exact_piketage_from_source;data.gov.ua / Укравтодор;набір техніко-експлуатаційного стану доріг;Дані щодо техніко-експлуатаційного стану автомобільних доріг державного значення;2017;https://data.gov.ua/dataset/beca8aa5-96a9-46be-ade7-f1b400213af5;;Категорія міститься безпосередньо у вихідній таблиці показників дороги.;high;original_source_geometry;координати вихідного набору 2017;Зчеплення_Льв_в_М_Н_Р_2017.xlsx | н-10_пр | rows 19-19;"Базовий загальноукраїнський шар; категорія може відрізнятися від пізніших реконструкцій.";False
BASE2017-00615;Львівська;Н-10;Стрий - Івано-Франківськ - Чернівці - Мамалига (на Кишинів);державного значення;II;2;;13+000;15+000;13000;15000;2.0;експлуатаційні дані 2017;exact_piketage_from_source;data.gov.ua / Укравтодор;набір техніко-експлуатаційного стану доріг;Дані щодо техніко-експлуатаційного стану автомобільних доріг державного значення;2017;https://data.gov.ua/dataset/beca8aa5-96a9-46be-ade7-f1b400213af5;;Категорія міститься безпосередньо у вихідній таблиці показників дороги.;high;original_source_geometry;координати вихідного набору 2017;Зчеплення_Льв_в_М_Н_Р_2017.xlsx | н-10_пр | rows 20-21;"Базовий загальноукраїнський шар; категорія може відрізнятися від пізніших реконструкцій.";False
BASE2017-00616;Львівська;Н-10;Стрий - Івано-Франківськ - Чернівці - Мамалига (на Кишинів);державного значення;I;1;;15+000;16+000;15000;16000;1.0;експлуатаційні дані 2017;exact_piketage_from_source;data.gov.ua / Укравтодор;набір техніко-експлуатаційного стану доріг;Дані щодо техніко-експлуатаційного стану автомобільних доріг державного значення;2017;https://data.gov.ua/dataset/beca8aa5-96a9-46be-ade7-f1b400213af5;;Категорія міститься безпосередньо у вихідній таблиці показників дороги.;high;original_source_geometry;координати вихідного набору 2017;Зчеплення_Льв_в_М_Н_Р_2017.xlsx | н-10_пр | rows 22-22;"Базовий загальноукраїнський шар; категорія може відрізнятися від пізніших реконструкцій.";False
BASE2017-00617;Львівська;Н-10;Стрий - Івано-Франківськ - Чернівці - Мамалига (на Кишинів);державного значення;II;2;;16+000;18+330;16000;18330;2.33;експлуатаційні дані 2017;exact_piketage_from_source;data.gov.ua / Укравтодор;набір техніко-експлуатаційного стану доріг;Дані щодо техніко-експлуатаційного стану автомобільних доріг державного значення;2017;https://data.gov.ua/dataset/beca8aa5-96a9-46be-ade7-f1b400213af5;;Категорія міститься безпосередньо у вихідній таблиці показників дороги.;high;original_source_geometry;координати вихідного набору 2017;Зчеплення_Льв_в_М_Н_Р_2017.xlsx | н-10_пр | rows 23-25;"Базовий загальноукраїнський шар; категорія може відрізнятися від пізніших реконструкцій.";False
BASE2017-00618;Львівська;Н-13;Львів - Самбір - Ужгород;державного значення;II;2;;10+200;16+000;10200;16000;5.8;експлуатаційні дані 2017;exact_piketage_from_source;data.gov.ua / Укравтодор;набір техніко-експлуатаційного стану доріг;Дані щодо техніко-експлуатаційного стану автомобільних доріг державного значення;2017;https://data.gov.ua/dataset/beca8aa5-96a9-46be-ade7-f1b400213af5;;Категорія міститься безпосередньо у вихідній таблиці показників дороги.;high;original_source_geometry;координати вихідного набору 2017;Зчеплення_Льв_в_М_Н_Р_2017.xlsx | н-13_пр | rows 9-14;"Базовий загальноукраїнський шар; категорія може відрізнятися від пізніших реконструкцій.";False
BASE2017-00619;Львівська;Н-13;Львів - Самбір - Ужгород;державного значення;III;3;;16+000;17+000;16000;17000;1.0;експлуатаційні дані 2017;exact_piketage_from_source;data.gov.ua / Укравтодор;набір техніко-експлуатаційного стану доріг;Дані щодо техніко-експлуатаційного стану автомобільних доріг державного значення;2017;https://data.gov.ua/dataset/beca8aa5-96a9-46be-ade7-f1b400213af5;;Категорія міститься безпосередньо у вихідній таблиці показників дороги.;high;original_source_geometry;координати вихідного набору 2017;Зчеплення_Льв_в_М_Н_Р_2017.xlsx | н-13_пр | rows 15-15;"Базовий загальноукраїнський шар; категорія може відрізнятися від пізніших реконструкцій.";False
BASE2017-00620;Львівська;Н-13;Львів - Самбір - Ужгород;державного значення;IV;4;;17+000;21+000;17000;21000;4.0;експлуатаційні дані 2017;exact_piketage_from_source;data.gov.ua / Укравтодор;набір техніко-експлуатаційного стану доріг;Дані щодо техніко-експлуатаційного стану автомобільних доріг державного значення;2017;https://data.gov.ua/dataset/beca8aa5-96a9-46be-ade7-f1b400213af5;;Категорія міститься безпосередньо у вихідній таблиці показників дороги.;high;original_source_geometry;координати вихідного набору 2017;Зчеплення_Льв_в_М_Н_Р_2017.xlsx | н-13_пр | rows 16-19;"Базовий загальноукраїнський шар; категорія може відрізнятися від пізніших реконструкцій.";False
BASE2017-00621;Львівська;Н-13;Львів - Самбір - Ужгород;державного значення;II;2;;21+000;23+000;21000;23000;2.0;експлуатаційні дані 2017;exact_piketage_from_source;data.gov.ua / Укравтодор;набір техніко-експлуатаційного стану доріг;Дані щодо техніко-експлуатаційного стану автомобільних доріг державного значення;2017;https://data.gov.ua/dataset/beca8aa5-96a9-46be-ade7-f1b400213af5;;Категорія міститься безпосередньо у вихідній таблиці показників дороги.;high;original_source_geometry;координати вихідного набору 2017;Зчеплення_Льв_в_М_Н_Р_2017.xlsx | н-13_пр | rows 20-21;"Базовий загальноукраїнський шар; категорія може відрізнятися від пізніших реконструкцій.";False
BASE2017-00622;Львівська;Н-13;Львів - Самбір - Ужгород;державного значення;III;3;;23+000;24+000;23000;24000;1.0;експлуатаційні дані 2017;exact_piketage_from_source;data.gov.ua / Укравтодор;набір техніко-експлуатаційного стану доріг;Дані щодо техніко-експлуатаційного стану автомобільних доріг державного значення;2017;https://data.gov.ua/dataset/beca8aa5-96a9-46be-ade7-f1b400213af5;;Категорія міститься безпосередньо у вихідній таблиці показників дороги.;high;original_source_geometry;координати вихідного набору 2017;Зчеплення_Льв_в_М_Н_Р_2017.xlsx | н-13_пр | rows 22-22;"Базовий загальноукраїнський шар; категорія може відрізнятися від пізніших реконструкцій.";False
BASE2017-00623;Львівська;Н-13;Львів - Самбір - Ужгород;державного значення;II;2;;24+000;72+757;24000;72757;48.757;експлуатаційні дані 2017;exact_piketage_from_source;data.gov.ua / Укравтодор;набір техніко-експлуатаційного стану доріг;Дані щодо техніко-експлуатаційного стану автомобільних доріг державного значення;2017;https://data.gov.ua/dataset/beca8aa5-96a9-46be-ade7-f1b400213af5;;Категорія міститься безпосередньо у вихідній таблиці показників дороги.;high;original_source_geometry;координати вихідного набору 2017;Зчеплення_Льв_в_М_Н_Р_2017.xlsx | н-13_пр | rows 23-71;"Базовий загальноукраїнський шар; категорія може відрізнятися від пізніших реконструкцій.";False
BASE2017-00624;Львівська;Н-13;Львів - Самбір - Ужгород;державного значення;II;2;;74+199;156+203;74199;156203;82.004;експлуатаційні дані 2017;exact_piketage_from_source;data.gov.ua / Укравтодор;набір техніко-експлуатаційного стану доріг;Дані щодо техніко-експлуатаційного стану автомобільних доріг державного значення;2017;https://data.gov.ua/dataset/beca8aa5-96a9-46be-ade7-f1b400213af5;;Категорія міститься безпосередньо у вихідній таблиці показників дороги.;high;original_source_geometry;координати вихідного набору 2017;Зчеплення_Льв_в_М_Н_Р_2017.xlsx | н-13_пр | rows 73-155;"Базовий загальноукраїнський шар; категорія може відрізнятися від пізніших реконструкцій.";False
BASE2017-00625;Львівська;Н-17;Львів - Радехів - Луцьк;державного значення;II;2;;0+000;69+810;0;69810;69.81;експлуатаційні дані 2017;exact_piketage_from_source;data.gov.ua / Укравтодор;набір техніко-експлуатаційного стану доріг;Дані щодо техніко-експлуатаційного стану автомобільних доріг державного значення;2017;https://data.gov.ua/dataset/beca8aa5-96a9-46be-ade7-f1b400213af5;;Категорія міститься безпосередньо у вихідній таблиці показників дороги.;high;original_source_geometry;координати вихідного набору 2017;Зчеплення_Льв_в_М_Н_Р_2017.xlsx | н-17_пр | rows 9-78;"Базовий загальноукраїнський шар; категорія може відрізнятися від пізніших реконструкцій.";False
BASE2017-00626;Львівська;Р-15;Ковель - Володимир-Волинський - Червоноград - Жовква;державного значення;II;2;;89+514;100+000;89514;100000;10.486;експлуатаційні дані 2017;exact_piketage_from_source;data.gov.ua / Укравтодор;набір техніко-експлуатаційного стану доріг;Дані щодо техніко-експлуатаційного стану автомобільних доріг державного значення;2017;https://data.gov.ua/dataset/beca8aa5-96a9-46be-ade7-f1b400213af5;;Категорія міститься безпосередньо у вихідній таблиці показників дороги.;high;original_source_geometry;координати вихідного набору 2017;Зчеплення_Льв_в_М_Н_Р_2017.xlsx | р-15_пр | rows 9-19;"Базовий загальноукраїнський шар; категорія може відрізнятися від пізніших реконструкцій.";False
BASE2017-00627;Львівська;Р-15;Ковель - Володимир-Волинський - Червоноград - Жовква;державного значення;I;1;;100+000;114+232;100000;114232;14.232;експлуатаційні дані 2017;exact_piketage_from_source;data.gov.ua / Укравтодор;набір техніко-експлуатаційного стану доріг;Дані щодо техніко-експлуатаційного стану автомобільних доріг державного значення;2017;https://data.gov.ua/dataset/beca8aa5-96a9-46be-ade7-f1b400213af5;;Категорія міститься безпосередньо у вихідній таблиці показників дороги.;high;original_source_geometry;координати вихідного набору 2017;Зчеплення_Льв_в_М_Н_Р_2017.xlsx | р-15_пр | rows 20-34;"Базовий загальноукраїнський шар; категорія може відрізнятися від пізніших реконструкцій.";False
BASE2017-00628;Львівська;Р-15;Ковель - Володимир-Волинський - Червоноград - Жовква;державного значення;I;1;;123+014;160+363;123014;160363;37.349;експлуатаційні дані 2017;exact_piketage_from_source;data.gov.ua / Укравтодор;набір техніко-експлуатаційного стану доріг;Дані щодо техніко-експлуатаційного стану автомобільних доріг державного значення;2017;https://data.gov.ua/dataset/beca8aa5-96a9-46be-ade7-f1b400213af5;;Категорія міститься безпосередньо у вихідній таблиці показників дороги.;high;original_source_geometry;координати вихідного набору 2017;Зчеплення_Льв_в_М_Н_Р_2017.xlsx | р-15_пр | rows 36-73;"Базовий загальноукраїнський шар; категорія може відрізнятися від пізніших реконструкцій.";False
BASE2017-00629;Львівська;Р-39;Броди - Тернопіль;державного значення;II;2;;0+000;8+000;0;8000;8.0;експлуатаційні дані 2017;exact_piketage_from_source;data.gov.ua / Укравтодор;набір техніко-експлуатаційного стану доріг;Дані щодо техніко-експлуатаційного стану автомобільних доріг державного значення;2017;https://data.gov.ua/dataset/beca8aa5-96a9-46be-ade7-f1b400213af5;;Категорія міститься безпосередньо у вихідній таблиці показників дороги.;high;original_source_geometry;координати вихідного набору 2017;Зчеплення_Льв_в_М_Н_Р_2017.xlsx | р-39_пр | rows 9-16;"Базовий загальноукраїнський шар; категорія може відрізнятися від пізніших реконструкцій.";False
BASE2017-00630;Львівська;Р-39;Броди - Тернопіль;державного значення;I;1;;8+000;10+000;8000;10000;2.0;експлуатаційні дані 2017;exact_piketage_from_source;data.gov.ua / Укравтодор;набір техніко-експлуатаційного стану доріг;Дані щодо техніко-експлуатаційного стану автомобільних доріг державного значення;2017;https://data.gov.ua/dataset/beca8aa5-96a9-46be-ade7-f1b400213af5;;Категорія міститься безпосередньо у вихідній таблиці показників дороги.;high;original_source_geometry;координати вихідного набору 2017;Зчеплення_Льв_в_М_Н_Р_2017.xlsx | р-39_пр | rows 17-18;"Базовий загальноукраїнський шар; категорія може відрізнятися від пізніших реконструкцій.";False
BASE2017-00631;Львівська;Р-39;Броди - Тернопіль;державного значення;II;2;;10+000;31+586;10000;31586;21.586;експлуатаційні дані 2017;exact_piketage_from_source;data.gov.ua / Укравтодор;набір техніко-експлуатаційного стану доріг;Дані щодо техніко-експлуатаційного стану автомобільних доріг державного значення;2017;https://data.gov.ua/dataset/beca8aa5-96a9-46be-ade7-f1b400213af5;;Категорія міститься безпосередньо у вихідній таблиці показників дороги.;high;original_source_geometry;координати вихідного набору 2017;Зчеплення_Льв_в_М_Н_Р_2017.xlsx | р-39_пр | rows 19-40;"Базовий загальноукраїнський шар; категорія може відрізнятися від пізніших реконструкцій.";False
BASE2017-00632;Львівська;Р-40;Рава-Руська - Яворів - Судова Вишня;державного значення;III;3;;0+000;38+053;0;38053;38.053;експлуатаційні дані 2017;exact_piketage_from_source;data.gov.ua / Укравтодор;набір техніко-експлуатаційного стану доріг;Дані щодо техніко-експлуатаційного стану автомобільних доріг державного значення;2017;https://data.gov.ua/dataset/beca8aa5-96a9-46be-ade7-f1b400213af5;;Категорія міститься безпосередньо у вихідній таблиці показників дороги.;high;original_source_geometry;координати вихідного набору 2017;Зчеплення_Льв_в_М_Н_Р_2017.xlsx | Р-40_пр | rows 9-47;"Базовий загальноукраїнський шар; категорія може відрізнятися від пізніших реконструкцій.";False
BASE2017-00633;Львівська;Р-40;Рава-Руська - Яворів - Судова Вишня;державного значення;III;3;;44+850;61+640;44850;61640;16.79;експлуатаційні дані 2017;exact_piketage_from_source;data.gov.ua / Укравтодор;набір техніко-експлуатаційного стану доріг;Дані щодо техніко-експлуатаційного стану автомобільних доріг державного значення;2017;https://data.gov.ua/dataset/beca8aa5-96a9-46be-ade7-f1b400213af5;;Категорія міститься безпосередньо у вихідній таблиці показників дороги.;high;original_source_geometry;координати вихідного набору 2017;Зчеплення_Льв_в_М_Н_Р_2017.xlsx | Р-40_пр | rows 49-66;"Базовий загальноукраїнський шар; категорія може відрізнятися від пізніших реконструкцій.";False
BASE2017-00634;Миколаївська;Р-06;Ульяновка - Миколаїв (через м.Вознесенськ);державного значення;II;2;;43+580;111+204;43580;111204;67.624;експлуатаційні дані 2017;exact_piketage_from_source;data.gov.ua / Укравтодор;набір техніко-експлуатаційного стану доріг;Дані щодо техніко-експлуатаційного стану автомобільних доріг державного значення;2017;https://data.gov.ua/dataset/beca8aa5-96a9-46be-ade7-f1b400213af5;;Категорія міститься безпосередньо у вихідній таблиці показників дороги.;high;original_source_geometry;координати вихідного набору 2017;Зчеплення_Миколаї_Р_2017.xlsx | Р-06_пр | rows 9-77;"Базовий загальноукраїнський шар; категорія може відрізнятися від пізніших реконструкцій.";False
BASE2017-00635;Миколаївська;Р-06;Ульяновка - Миколаїв (через м.Вознесенськ);державного значення;II;2;;114+843;129+000;114843;129000;14.157;експлуатаційні дані 2017;exact_piketage_from_source;data.gov.ua / Укравтодор;набір техніко-експлуатаційного стану доріг;Дані щодо техніко-експлуатаційного стану автомобільних доріг державного значення;2017;https://data.gov.ua/dataset/beca8aa5-96a9-46be-ade7-f1b400213af5;;Категорія міститься безпосередньо у вихідній таблиці показників дороги.;high;original_source_geometry;координати вихідного набору 2017;Зчеплення_Миколаї_Р_2017.xlsx | Р-06_пр | rows 79-93;"Базовий загальноукраїнський шар; категорія може відрізнятися від пізніших реконструкцій.";False
BASE2017-00636;Миколаївська;Р-06;Ульяновка - Миколаїв (через м.Вознесенськ);державного значення;IV;4;;129+000;136+000;129000;136000;7.0;експлуатаційні дані 2017;exact_piketage_from_source;data.gov.ua / Укравтодор;набір техніко-експлуатаційного стану доріг;Дані щодо техніко-експлуатаційного стану автомобільних доріг державного значення;2017;https://data.gov.ua/dataset/beca8aa5-96a9-46be-ade7-f1b400213af5;;Категорія міститься безпосередньо у вихідній таблиці показників дороги.;high;original_source_geometry;координати вихідного набору 2017;Зчеплення_Миколаї_Р_2017.xlsx | Р-06_пр | rows 94-100;"Базовий загальноукраїнський шар; категорія може відрізнятися від пізніших реконструкцій.";False
BASE2017-00637;Миколаївська;Р-06;Ульяновка - Миколаїв (через м.Вознесенськ);державного значення;II;2;;136+000;144+000;136000;144000;8.0;експлуатаційні дані 2017;exact_piketage_from_source;data.gov.ua / Укравтодор;набір техніко-експлуатаційного стану доріг;Дані щодо техніко-експлуатаційного стану автомобільних доріг державного значення;2017;https://data.gov.ua/dataset/beca8aa5-96a9-46be-ade7-f1b400213af5;;Категорія міститься безпосередньо у вихідній таблиці показників дороги.;high;original_source_geometry;координати вихідного набору 2017;Зчеплення_Миколаї_Р_2017.xlsx | Р-06_пр | rows 101-108;"Базовий загальноукраїнський шар; категорія може відрізнятися від пізніших реконструкцій.";False
BASE2017-00638;Миколаївська;Р-06;Ульяновка - Миколаїв (через м.Вознесенськ);державного значення;III;3;;144+000;145+000;144000;145000;1.0;експлуатаційні дані 2017;exact_piketage_from_source;data.gov.ua / Укравтодор;набір техніко-експлуатаційного стану доріг;Дані щодо техніко-експлуатаційного стану автомобільних доріг державного значення;2017;https://data.gov.ua/dataset/beca8aa5-96a9-46be-ade7-f1b400213af5;;Категорія міститься безпосередньо у вихідній таблиці показників дороги.;high;original_source_geometry;координати вихідного набору 2017;Зчеплення_Миколаї_Р_2017.xlsx | Р-06_пр | rows 109-109;"Базовий загальноукраїнський шар; категорія може відрізнятися від пізніших реконструкцій.";False
BASE2017-00639;Миколаївська;Р-06;Ульяновка - Миколаїв (через м.Вознесенськ);державного значення;IV;4;;145+000;147+000;145000;147000;2.0;експлуатаційні дані 2017;exact_piketage_from_source;data.gov.ua / Укравтодор;набір техніко-експлуатаційного стану доріг;Дані щодо техніко-експлуатаційного стану автомобільних доріг державного значення;2017;https://data.gov.ua/dataset/beca8aa5-96a9-46be-ade7-f1b400213af5;;Категорія міститься безпосередньо у вихідній таблиці показників дороги.;high;original_source_geometry;координати вихідного набору 2017;Зчеплення_Миколаї_Р_2017.xlsx | Р-06_пр | rows 110-111;"Базовий загальноукраїнський шар; категорія може відрізнятися від пізніших реконструкцій.";False
BASE2017-00640;Миколаївська;Р-06;Ульяновка - Миколаїв (через м.Вознесенськ);державного значення;III;3;;147+000;151+000;147000;151000;4.0;експлуатаційні дані 2017;exact_piketage_from_source;data.gov.ua / Укравтодор;набір техніко-експлуатаційного стану доріг;Дані щодо техніко-експлуатаційного стану автомобільних доріг державного значення;2017;https://data.gov.ua/dataset/beca8aa5-96a9-46be-ade7-f1b400213af5;;Категорія міститься безпосередньо у вихідній таблиці показників дороги.;high;original_source_geometry;координати вихідного набору 2017;Зчеплення_Миколаї_Р_2017.xlsx | Р-06_пр | rows 112-115;"Базовий загальноукраїнський шар; категорія може відрізнятися від пізніших реконструкцій.";False
BASE2017-00641;Миколаївська;Р-06;Ульяновка - Миколаїв (через м.Вознесенськ);державного значення;II;2;;151+000;152+000;151000;152000;1.0;експлуатаційні дані 2017;exact_piketage_from_source;data.gov.ua / Укравтодор;набір техніко-експлуатаційного стану доріг;Дані щодо техніко-експлуатаційного стану автомобільних доріг державного значення;2017;https://data.gov.ua/dataset/beca8aa5-96a9-46be-ade7-f1b400213af5;;Категорія міститься безпосередньо у вихідній таблиці показників дороги.;high;original_source_geometry;координати вихідного набору 2017;Зчеплення_Миколаї_Р_2017.xlsx | Р-06_пр | rows 116-116;"Базовий загальноукраїнський шар; категорія може відрізнятися від пізніших реконструкцій.";False
BASE2017-00642;Миколаївська;Р-06;Ульяновка - Миколаїв (через м.Вознесенськ);державного значення;IV;4;;152+000;153+000;152000;153000;1.0;експлуатаційні дані 2017;exact_piketage_from_source;data.gov.ua / Укравтодор;набір техніко-експлуатаційного стану доріг;Дані щодо техніко-експлуатаційного стану автомобільних доріг державного значення;2017;https://data.gov.ua/dataset/beca8aa5-96a9-46be-ade7-f1b400213af5;;Категорія міститься безпосередньо у вихідній таблиці показників дороги.;high;original_source_geometry;координати вихідного набору 2017;Зчеплення_Миколаї_Р_2017.xlsx | Р-06_пр | rows 117-117;"Базовий загальноукраїнський шар; категорія може відрізнятися від пізніших реконструкцій.";False
BASE2017-00643;Миколаївська;Р-06;Ульяновка - Миколаїв (через м.Вознесенськ);державного значення;III;3;;153+000;160+000;153000;160000;7.0;експлуатаційні дані 2017;exact_piketage_from_source;data.gov.ua / Укравтодор;набір техніко-експлуатаційного стану доріг;Дані щодо техніко-експлуатаційного стану автомобільних доріг державного значення;2017;https://data.gov.ua/dataset/beca8aa5-96a9-46be-ade7-f1b400213af5;;Категорія міститься безпосередньо у вихідній таблиці показників дороги.;high;original_source_geometry;координати вихідного набору 2017;Зчеплення_Миколаї_Р_2017.xlsx | Р-06_пр | rows 118-124;"Базовий загальноукраїнський шар; категорія може відрізнятися від пізніших реконструкцій.";False
BASE2017-00644;Миколаївська;Р-06;Ульяновка - Миколаїв (через м.Вознесенськ);державного значення;IV;4;;160+000;161+000;160000;161000;1.0;експлуатаційні дані 2017;exact_piketage_from_source;data.gov.ua / Укравтодор;набір техніко-експлуатаційного стану доріг;Дані щодо техніко-експлуатаційного стану автомобільних доріг державного значення;2017;https://data.gov.ua/dataset/beca8aa5-96a9-46be-ade7-f1b400213af5;;Категорія міститься безпосередньо у вихідній таблиці показників дороги.;high;original_source_geometry;координати вихідного набору 2017;Зчеплення_Миколаї_Р_2017.xlsx | Р-06_пр | rows 125-125;"Базовий загальноукраїнський шар; категорія може відрізнятися від пізніших реконструкцій.";False
BASE2017-00645;Миколаївська;Р-06;Ульяновка - Миколаїв (через м.Вознесенськ);державного значення;III;3;;161+000;164+000;161000;164000;3.0;експлуатаційні дані 2017;exact_piketage_from_source;data.gov.ua / Укравтодор;набір техніко-експлуатаційного стану доріг;Дані щодо техніко-експлуатаційного стану автомобільних доріг державного значення;2017;https://data.gov.ua/dataset/beca8aa5-96a9-46be-ade7-f1b400213af5;;Категорія міститься безпосередньо у вихідній таблиці показників дороги.;high;original_source_geometry;координати вихідного набору 2017;Зчеплення_Миколаї_Р_2017.xlsx | Р-06_пр | rows 126-128;"Базовий загальноукраїнський шар; категорія може відрізнятися від пізніших реконструкцій.";False
BASE2017-00646;Миколаївська;Р-06;Ульяновка - Миколаїв (через м.Вознесенськ);державного значення;II;2;;164+000;183+000;164000;183000;19.0;експлуатаційні дані 2017;exact_piketage_from_source;data.gov.ua / Укравтодор;набір техніко-експлуатаційного стану доріг;Дані щодо техніко-експлуатаційного стану автомобільних доріг державного значення;2017;https://data.gov.ua/dataset/beca8aa5-96a9-46be-ade7-f1b400213af5;;Категорія міститься безпосередньо у вихідній таблиці показників дороги.;high;original_source_geometry;координати вихідного набору 2017;Зчеплення_Миколаї_Р_2017.xlsx | Р-06_пр | rows 129-147;"Базовий загальноукраїнський шар; категорія може відрізнятися від пізніших реконструкцій.";False
BASE2017-00647;Миколаївська;Р-06;Ульяновка - Миколаїв (через м.Вознесенськ);державного значення;IV;4;;183+000;187+000;183000;187000;4.0;експлуатаційні дані 2017;exact_piketage_from_source;data.gov.ua / Укравтодор;набір техніко-експлуатаційного стану доріг;Дані щодо техніко-експлуатаційного стану автомобільних доріг державного значення;2017;https://data.gov.ua/dataset/beca8aa5-96a9-46be-ade7-f1b400213af5;;Категорія міститься безпосередньо у вихідній таблиці показників дороги.;high;original_source_geometry;координати вихідного набору 2017;Зчеплення_Миколаї_Р_2017.xlsx | Р-06_пр | rows 148-151;"Базовий загальноукраїнський шар; категорія може відрізнятися від пізніших реконструкцій.";False
BASE2017-00648;Миколаївська;Р-06;Ульяновка - Миколаїв (через м.Вознесенськ);державного значення;II;2;;187+000;225+844;187000;225844;38.844;експлуатаційні дані 2017;exact_piketage_from_source;data.gov.ua / Укравтодор;набір техніко-експлуатаційного стану доріг;Дані щодо техніко-експлуатаційного стану автомобільних доріг державного значення;2017;https://data.gov.ua/dataset/beca8aa5-96a9-46be-ade7-f1b400213af5;;Категорія міститься безпосередньо у вихідній таблиці показників дороги.;high;original_source_geometry;координати вихідного набору 2017;Зчеплення_Миколаї_Р_2017.xlsx | Р-06_пр | rows 152-190;"Базовий загальноукраїнський шар; категорія може відрізнятися від пізніших реконструкцій.";False
BASE2017-00649;Миколаївська;Р-06;"Під'їзд до міжнародного аеропорту ""Миколаїв""";державного значення;III;3;;0+000;2+223;0;2223;2.223;експлуатаційні дані 2017;exact_piketage_from_source;data.gov.ua / Укравтодор;набір техніко-експлуатаційного стану доріг;Дані щодо техніко-експлуатаційного стану автомобільних доріг державного значення;2017;https://data.gov.ua/dataset/beca8aa5-96a9-46be-ade7-f1b400213af5;;Категорія міститься безпосередньо у вихідній таблиці показників дороги.;high;original_source_geometry;координати вихідного набору 2017;Зчеплення_Миколаї_Р_2017.xlsx | Р-06_П_пр | rows 9-11;"Базовий загальноукраїнський шар; категорія може відрізнятися від пізніших реконструкцій.";False
BASE2017-00650;Миколаївська;Р-55;Одеса - Вознесенськ - Новий Буг;державного значення;II;2;;104+736;104+763;104736;104763;0.027;експлуатаційні дані 2017;exact_piketage_from_source;data.gov.ua / Укравтодор;набір техніко-експлуатаційного стану доріг;Дані щодо техніко-експлуатаційного стану автомобільних доріг державного значення;2017;https://data.gov.ua/dataset/beca8aa5-96a9-46be-ade7-f1b400213af5;;Категорія міститься безпосередньо у вихідній таблиці показників дороги.;high;original_source_geometry;координати вихідного набору 2017;Зчеплення_Миколаї_Р_2017.xlsx | Р-55_пр | rows 9-49;"Базовий загальноукраїнський шар; категорія може відрізнятися від пізніших реконструкцій.";False
BASE2017-00651;Миколаївська;Р-55;Одеса - Вознесенськ - Новий Буг;державного значення;II;2;;104+763;144+503;104763;144503;39.74;експлуатаційні дані 2017;exact_piketage_from_source;data.gov.ua / Укравтодор;набір техніко-експлуатаційного стану доріг;Дані щодо техніко-експлуатаційного стану автомобільних доріг державного значення;2017;https://data.gov.ua/dataset/beca8aa5-96a9-46be-ade7-f1b400213af5;;Категорія міститься безпосередньо у вихідній таблиці показників дороги.;high;original_source_geometry;координати вихідного набору 2017;Зчеплення_Миколаї_Р_2017.xlsx | Р-55_пр | rows 9-49;"Базовий загальноукраїнський шар; категорія може відрізнятися від пізніших реконструкцій.";False
BASE2017-00652;Миколаївська;Р-55;Одеса - Вознесенськ - Новий Буг;державного значення;II;2;;145+127;238+504;145127;238504;93.377;експлуатаційні дані 2017;exact_piketage_from_source;data.gov.ua / Укравтодор;набір техніко-експлуатаційного стану доріг;Дані щодо техніко-експлуатаційного стану автомобільних доріг державного значення;2017;https://data.gov.ua/dataset/beca8aa5-96a9-46be-ade7-f1b400213af5;;Категорія міститься безпосередньо у вихідній таблиці показників дороги.;high;original_source_geometry;координати вихідного набору 2017;Зчеплення_Миколаї_Р_2017.xlsx | Р-55_пр | rows 51-144;"Базовий загальноукраїнський шар; категорія може відрізнятися від пізніших реконструкцій.";False
BASE2017-00653;Миколаївська;Р-75;"КПП ""Тимкове"" - Балта - Первомайськ - Доманівка - Олександрівка";державного значення;II;2;;83+275;124+500;83275;124500;41.225;експлуатаційні дані 2017;exact_piketage_from_source;data.gov.ua / Укравтодор;набір техніко-експлуатаційного стану доріг;Дані щодо техніко-експлуатаційного стану автомобільних доріг державного значення;2017;https://data.gov.ua/dataset/beca8aa5-96a9-46be-ade7-f1b400213af5;;Категорія міститься безпосередньо у вихідній таблиці показників дороги.;high;original_source_geometry;координати вихідного набору 2017;Зчеплення_Миколаї_Р_2017.xlsx | Р-75_пр | rows 9-50;"Базовий загальноукраїнський шар; категорія може відрізнятися від пізніших реконструкцій.";False
BASE2017-00654;Миколаївська;Р-75;"КПП ""Тимкове"" - Балта - Первомайськ - Доманівка - Олександрівка";державного значення;II;2;;131+186;198+051;131186;198051;66.865;експлуатаційні дані 2017;exact_piketage_from_source;data.gov.ua / Укравтодор;набір техніко-експлуатаційного стану доріг;Дані щодо техніко-експлуатаційного стану автомобільних доріг державного значення;2017;https://data.gov.ua/dataset/beca8aa5-96a9-46be-ade7-f1b400213af5;;Категорія міститься безпосередньо у вихідній таблиці показників дороги.;high;original_source_geometry;координати вихідного набору 2017;Зчеплення_Миколаї_Р_2017.xlsx | Р-75_пр | rows 52-119;"Базовий загальноукраїнський шар; категорія може відрізнятися від пізніших реконструкцій.";False
BASE2017-00655;Миколаївська;М-13;Кіровоград - Платонове (на м.Кишинів);державного значення;II;2;;76+432;100+000;76432;100000;23.568;експлуатаційні дані 2017;exact_piketage_from_source;data.gov.ua / Укравтодор;набір техніко-експлуатаційного стану доріг;Дані щодо техніко-експлуатаційного стану автомобільних доріг державного значення;2017;https://data.gov.ua/dataset/beca8aa5-96a9-46be-ade7-f1b400213af5;;Категорія міститься безпосередньо у вихідній таблиці показників дороги.;high;original_source_geometry;координати вихідного набору 2017;Зчеплення_Миколаїв_М_Н_2017.xlsx | М-13_пр | rows 9-32;"Базовий загальноукраїнський шар; категорія може відрізнятися від пізніших реконструкцій.";False
BASE2017-00656;Миколаївська;М-13;Кіровоград - Платонове (на м.Кишинів);державного значення;III;3;;100+000;157+067;100000;157067;57.067;експлуатаційні дані 2017;exact_piketage_from_source;data.gov.ua / Укравтодор;набір техніко-експлуатаційного стану доріг;Дані щодо техніко-експлуатаційного стану автомобільних доріг державного значення;2017;https://data.gov.ua/dataset/beca8aa5-96a9-46be-ade7-f1b400213af5;;Категорія міститься безпосередньо у вихідній таблиці показників дороги.;high;original_source_geometry;координати вихідного набору 2017;Зчеплення_Миколаїв_М_Н_2017.xlsx | М-13_пр | rows 33-90;"Базовий загальноукраїнський шар; категорія може відрізнятися від пізніших реконструкцій.";False
BASE2017-00657;Миколаївська;М-14;Одеса - Мелітополь - Новоазовськ (на м.Таганрог);державного значення;II;2;;55+550;139+716;55550;139716;84.166;експлуатаційні дані 2017;exact_piketage_from_source;data.gov.ua / Укравтодор;набір техніко-експлуатаційного стану доріг;Дані щодо техніко-експлуатаційного стану автомобільних доріг державного значення;2017;https://data.gov.ua/dataset/beca8aa5-96a9-46be-ade7-f1b400213af5;;Категорія міститься безпосередньо у вихідній таблиці показників дороги.;high;original_source_geometry;координати вихідного набору 2017;Зчеплення_Миколаїв_М_Н_2017.xlsx | М- 14_пр | rows 9-93;"Базовий загальноукраїнський шар; категорія може відрізнятися від пізніших реконструкцій.";False
BASE2017-00658;Миколаївська;М-14;Одеса - Мелітополь - Новоазовськ (на м.Таганрог);державного значення;II;2;;142+827;177+531;142827;177531;34.704;експлуатаційні дані 2017;exact_piketage_from_source;data.gov.ua / Укравтодор;набір техніко-експлуатаційного стану доріг;Дані щодо техніко-експлуатаційного стану автомобільних доріг державного значення;2017;https://data.gov.ua/dataset/beca8aa5-96a9-46be-ade7-f1b400213af5;;Категорія міститься безпосередньо у вихідній таблиці показників дороги.;high;original_source_geometry;координати вихідного набору 2017;Зчеплення_Миколаїв_М_Н_2017.xlsx | М- 14_пр | rows 95-130;"Базовий загальноукраїнський шар; категорія може відрізнятися від пізніших реконструкцій.";False
BASE2017-00659;Миколаївська;Н-11;Дніпропетровськ - Миколаїв (через м.Кривий Ріг );державного значення;III;3;;179+570;202+000;179570;202000;22.43;експлуатаційні дані 2017;exact_piketage_from_source;data.gov.ua / Укравтодор;набір техніко-експлуатаційного стану доріг;Дані щодо техніко-експлуатаційного стану автомобільних доріг державного значення;2017;https://data.gov.ua/dataset/beca8aa5-96a9-46be-ade7-f1b400213af5;;Категорія міститься безпосередньо у вихідній таблиці показників дороги.;high;original_source_geometry;координати вихідного набору 2017;Зчеплення_Миколаїв_М_Н_2017.xlsx | Н-11_пр | rows 9-31;"Базовий загальноукраїнський шар; категорія може відрізнятися від пізніших реконструкцій.";False
BASE2017-00660;Миколаївська;Н-11;Дніпропетровськ - Миколаїв (через м.Кривий Ріг );державного значення;II;2;;202+000;226+000;202000;226000;24.0;експлуатаційні дані 2017;exact_piketage_from_source;data.gov.ua / Укравтодор;набір техніко-експлуатаційного стану доріг;Дані щодо техніко-експлуатаційного стану автомобільних доріг державного значення;2017;https://data.gov.ua/dataset/beca8aa5-96a9-46be-ade7-f1b400213af5;;Категорія міститься безпосередньо у вихідній таблиці показників дороги.;high;original_source_geometry;координати вихідного набору 2017;Зчеплення_Миколаїв_М_Н_2017.xlsx | Н-11_пр | rows 32-55;"Базовий загальноукраїнський шар; категорія може відрізнятися від пізніших реконструкцій.";False
BASE2017-00661;Миколаївська;Н-11;Дніпропетровськ - Миколаїв (через м.Кривий Ріг );державного значення;III;3;;226+000;234+000;226000;234000;8.0;експлуатаційні дані 2017;exact_piketage_from_source;data.gov.ua / Укравтодор;набір техніко-експлуатаційного стану доріг;Дані щодо техніко-експлуатаційного стану автомобільних доріг державного значення;2017;https://data.gov.ua/dataset/beca8aa5-96a9-46be-ade7-f1b400213af5;;Категорія міститься безпосередньо у вихідній таблиці показників дороги.;high;original_source_geometry;координати вихідного набору 2017;Зчеплення_Миколаїв_М_Н_2017.xlsx | Н-11_пр | rows 56-63;"Базовий загальноукраїнський шар; категорія може відрізнятися від пізніших реконструкцій.";False
BASE2017-00662;Миколаївська;Н-11;Дніпропетровськ - Миколаїв (через м.Кривий Ріг );державного значення;II;2;;234+000;261+000;234000;261000;27.0;експлуатаційні дані 2017;exact_piketage_from_source;data.gov.ua / Укравтодор;набір техніко-експлуатаційного стану доріг;Дані щодо техніко-експлуатаційного стану автомобільних доріг державного значення;2017;https://data.gov.ua/dataset/beca8aa5-96a9-46be-ade7-f1b400213af5;;Категорія міститься безпосередньо у вихідній таблиці показників дороги.;high;original_source_geometry;координати вихідного набору 2017;Зчеплення_Миколаїв_М_Н_2017.xlsx | Н-11_пр | rows 64-90;"Базовий загальноукраїнський шар; категорія може відрізнятися від пізніших реконструкцій.";False
BASE2017-00663;Миколаївська;Н-11;Дніпропетровськ - Миколаїв (через м.Кривий Ріг );державного значення;III;3;;261+000;264+000;261000;264000;3.0;експлуатаційні дані 2017;exact_piketage_from_source;data.gov.ua / Укравтодор;набір техніко-експлуатаційного стану доріг;Дані щодо техніко-експлуатаційного стану автомобільних доріг державного значення;2017;https://data.gov.ua/dataset/beca8aa5-96a9-46be-ade7-f1b400213af5;;Категорія міститься безпосередньо у вихідній таблиці показників дороги.;high;original_source_geometry;координати вихідного набору 2017;Зчеплення_Миколаїв_М_Н_2017.xlsx | Н-11_пр | rows 91-93;"Базовий загальноукраїнський шар; категорія може відрізнятися від пізніших реконструкцій.";False
BASE2017-00664;Миколаївська;Н-11;Дніпропетровськ - Миколаїв (через м.Кривий Ріг );державного значення;II;2;;264+000;277+000;264000;277000;13.0;експлуатаційні дані 2017;exact_piketage_from_source;data.gov.ua / Укравтодор;набір техніко-експлуатаційного стану доріг;Дані щодо техніко-експлуатаційного стану автомобільних доріг державного значення;2017;https://data.gov.ua/dataset/beca8aa5-96a9-46be-ade7-f1b400213af5;;Категорія міститься безпосередньо у вихідній таблиці показників дороги.;high;original_source_geometry;координати вихідного набору 2017;Зчеплення_Миколаїв_М_Н_2017.xlsx | Н-11_пр | rows 94-106;"Базовий загальноукраїнський шар; категорія може відрізнятися від пізніших реконструкцій.";False
BASE2017-00665;Миколаївська;Н-11;Дніпропетровськ - Миколаїв (через м.Кривий Ріг );державного значення;III;3;;277+000;279+000;277000;279000;2.0;експлуатаційні дані 2017;exact_piketage_from_source;data.gov.ua / Укравтодор;набір техніко-експлуатаційного стану доріг;Дані щодо техніко-експлуатаційного стану автомобільних доріг державного значення;2017;https://data.gov.ua/dataset/beca8aa5-96a9-46be-ade7-f1b400213af5;;Категорія міститься безпосередньо у вихідній таблиці показників дороги.;high;original_source_geometry;координати вихідного набору 2017;Зчеплення_Миколаїв_М_Н_2017.xlsx | Н-11_пр | rows 107-108;"Базовий загальноукраїнський шар; категорія може відрізнятися від пізніших реконструкцій.";False
BASE2017-00666;Миколаївська;Н-11;Дніпропетровськ - Миколаїв (через м.Кривий Ріг );державного значення;II;2;;279+000;290+000;279000;290000;11.0;експлуатаційні дані 2017;exact_piketage_from_source;data.gov.ua / Укравтодор;набір техніко-експлуатаційного стану доріг;Дані щодо техніко-експлуатаційного стану автомобільних доріг державного значення;2017;https://data.gov.ua/dataset/beca8aa5-96a9-46be-ade7-f1b400213af5;;Категорія міститься безпосередньо у вихідній таблиці показників дороги.;high;original_source_geometry;координати вихідного набору 2017;Зчеплення_Миколаїв_М_Н_2017.xlsx | Н-11_пр | rows 109-119;"Базовий загальноукраїнський шар; категорія може відрізнятися від пізніших реконструкцій.";False
BASE2017-00667;Миколаївська;Н-11;Дніпропетровськ - Миколаїв (через м.Кривий Ріг );державного значення;III;3;;290+000;293+000;290000;293000;3.0;експлуатаційні дані 2017;exact_piketage_from_source;data.gov.ua / Укравтодор;набір техніко-експлуатаційного стану доріг;Дані щодо техніко-експлуатаційного стану автомобільних доріг державного значення;2017;https://data.gov.ua/dataset/beca8aa5-96a9-46be-ade7-f1b400213af5;;Категорія міститься безпосередньо у вихідній таблиці показників дороги.;high;original_source_geometry;координати вихідного набору 2017;Зчеплення_Миколаїв_М_Н_2017.xlsx | Н-11_пр | rows 120-122;"Базовий загальноукраїнський шар; категорія може відрізнятися від пізніших реконструкцій.";False
BASE2017-00668;Миколаївська;Н-11;Дніпропетровськ - Миколаїв (через м.Кривий Ріг );державного значення;II;2;;293+000;299+000;293000;299000;6.0;експлуатаційні дані 2017;exact_piketage_from_source;data.gov.ua / Укравтодор;набір техніко-експлуатаційного стану доріг;Дані щодо техніко-експлуатаційного стану автомобільних доріг державного значення;2017;https://data.gov.ua/dataset/beca8aa5-96a9-46be-ade7-f1b400213af5;;Категорія міститься безпосередньо у вихідній таблиці показників дороги.;high;original_source_geometry;координати вихідного набору 2017;Зчеплення_Миколаїв_М_Н_2017.xlsx | Н-11_пр | rows 123-128;"Базовий загальноукраїнський шар; категорія може відрізнятися від пізніших реконструкцій.";False
BASE2017-00669;Миколаївська;Н-11;Дніпропетровськ - Миколаїв (через м.Кривий Ріг );державного значення;III;3;;299+000;303+000;299000;303000;4.0;експлуатаційні дані 2017;exact_piketage_from_source;data.gov.ua / Укравтодор;набір техніко-експлуатаційного стану доріг;Дані щодо техніко-експлуатаційного стану автомобільних доріг державного значення;2017;https://data.gov.ua/dataset/beca8aa5-96a9-46be-ade7-f1b400213af5;;Категорія міститься безпосередньо у вихідній таблиці показників дороги.;high;original_source_geometry;координати вихідного набору 2017;Зчеплення_Миколаїв_М_Н_2017.xlsx | Н-11_пр | rows 129-132;"Базовий загальноукраїнський шар; категорія може відрізнятися від пізніших реконструкцій.";False
BASE2017-00670;Миколаївська;Н-11;Дніпропетровськ - Миколаїв (через м.Кривий Ріг );державного значення;II;2;;303+000;307+000;303000;307000;4.0;експлуатаційні дані 2017;exact_piketage_from_source;data.gov.ua / Укравтодор;набір техніко-експлуатаційного стану доріг;Дані щодо техніко-експлуатаційного стану автомобільних доріг державного значення;2017;https://data.gov.ua/dataset/beca8aa5-96a9-46be-ade7-f1b400213af5;;Категорія міститься безпосередньо у вихідній таблиці показників дороги.;high;original_source_geometry;координати вихідного набору 2017;Зчеплення_Миколаїв_М_Н_2017.xlsx | Н-11_пр | rows 133-136;"Базовий загальноукраїнський шар; категорія може відрізнятися від пізніших реконструкцій.";False
BASE2017-00671;Миколаївська;Н-11;Дніпропетровськ - Миколаїв (через м.Кривий Ріг );державного значення;III;3;;307+000;310+000;307000;310000;3.0;експлуатаційні дані 2017;exact_piketage_from_source;data.gov.ua / Укравтодор;набір техніко-експлуатаційного стану доріг;Дані щодо техніко-експлуатаційного стану автомобільних доріг державного значення;2017;https://data.gov.ua/dataset/beca8aa5-96a9-46be-ade7-f1b400213af5;;Категорія міститься безпосередньо у вихідній таблиці показників дороги.;high;original_source_geometry;координати вихідного набору 2017;Зчеплення_Миколаїв_М_Н_2017.xlsx | Н-11_пр | rows 137-139;"Базовий загальноукраїнський шар; категорія може відрізнятися від пізніших реконструкцій.";False
BASE2017-00672;Миколаївська;Н-11;Дніпропетровськ - Миколаїв (через м.Кривий Ріг );державного значення;I;1;;310+000;319+335;310000;319335;9.335;експлуатаційні дані 2017;exact_piketage_from_source;data.gov.ua / Укравтодор;набір техніко-експлуатаційного стану доріг;Дані щодо техніко-експлуатаційного стану автомобільних доріг державного значення;2017;https://data.gov.ua/dataset/beca8aa5-96a9-46be-ade7-f1b400213af5;;Категорія міститься безпосередньо у вихідній таблиці показників дороги.;high;original_source_geometry;координати вихідного набору 2017;Зчеплення_Миколаїв_М_Н_2017.xlsx | Н-11_пр | rows 140-149;"Базовий загальноукраїнський шар; категорія може відрізнятися від пізніших реконструкцій.";False
BASE2017-00673;Миколаївська;Н-14;Олександрівка - Кіровоград - Миколаїв;державного значення;II;2;;153+196;239+273;153196;239273;86.077;експлуатаційні дані 2017;exact_piketage_from_source;data.gov.ua / Укравтодор;набір техніко-експлуатаційного стану доріг;Дані щодо техніко-експлуатаційного стану автомобільних доріг державного значення;2017;https://data.gov.ua/dataset/beca8aa5-96a9-46be-ade7-f1b400213af5;;Категорія міститься безпосередньо у вихідній таблиці показників дороги.;high;original_source_geometry;координати вихідного набору 2017;Зчеплення_Миколаїв_М_Н_2017.xlsx | Н-14_пр | rows 9-95;"Базовий загальноукраїнський шар; категорія може відрізнятися від пізніших реконструкцій.";False
BASE2017-00674;Одеська;Р-33;Вінниця - Турбів - Гайсин - Балта - Велика Михайлівка - /М-16/;державного значення;IV;4;;212+503;212+000;212503;212000;-0.503;експлуатаційні дані 2017;exact_piketage_from_source;data.gov.ua / Укравтодор;набір техніко-експлуатаційного стану доріг;Дані щодо техніко-експлуатаційного стану автомобільних доріг державного значення;2017;https://data.gov.ua/dataset/beca8aa5-96a9-46be-ade7-f1b400213af5;;Категорія міститься безпосередньо у вихідній таблиці показників дороги.;high;original_source_geometry;координати вихідного набору 2017;Зчеплення_ Одеса_ Р_2017.xlsx | Р-33_пр | rows 9-9;"Базовий загальноукраїнський шар; категорія може відрізнятися від пізніших реконструкцій.";False
BASE2017-00675;Одеська;Р-33;Вінниця - Турбів - Гайсин - Балта - Велика Михайлівка - /М-16/;державного значення;IV;4;;235+000;235+622;235000;235622;0.622;експлуатаційні дані 2017;exact_piketage_from_source;data.gov.ua / Укравтодор;набір техніко-експлуатаційного стану доріг;Дані щодо техніко-експлуатаційного стану автомобільних доріг державного значення;2017;https://data.gov.ua/dataset/beca8aa5-96a9-46be-ade7-f1b400213af5;;Категорія міститься безпосередньо у вихідній таблиці показників дороги.;high;original_source_geometry;координати вихідного набору 2017;Зчеплення_ Одеса_ Р_2017.xlsx | Р-33_пр | rows 32-32;"Базовий загальноукраїнський шар; категорія може відрізнятися від пізніших реконструкцій.";False
BASE2017-00676;Одеська;Р-33;Вінниця - Турбів - Гайсин - Балта - Велика Михайлівка - /М-16/;державного значення;IV;4;;238+939;259+496;238939;259496;20.557;експлуатаційні дані 2017;exact_piketage_from_source;data.gov.ua / Укравтодор;набір техніко-експлуатаційного стану доріг;Дані щодо техніко-експлуатаційного стану автомобільних доріг державного значення;2017;https://data.gov.ua/dataset/beca8aa5-96a9-46be-ade7-f1b400213af5;;Категорія міститься безпосередньо у вихідній таблиці показників дороги.;high;original_source_geometry;координати вихідного набору 2017;Зчеплення_ Одеса_ Р_2017.xlsx | Р-33_пр | rows 37-58;"Базовий загальноукраїнський шар; категорія може відрізнятися від пізніших реконструкцій.";False
BASE2017-00677;Одеська;Р-33;Вінниця - Турбів - Гайсин - Балта - Велика Михайлівка - /М-16/;державного значення;IV;4;;266+264;315+914;266264;315914;49.65;експлуатаційні дані 2017;exact_piketage_from_source;data.gov.ua / Укравтодор;набір техніко-експлуатаційного стану доріг;Дані щодо техніко-експлуатаційного стану автомобільних доріг державного значення;2017;https://data.gov.ua/dataset/beca8aa5-96a9-46be-ade7-f1b400213af5;;Категорія міститься безпосередньо у вихідній таблиці показників дороги.;high;original_source_geometry;координати вихідного набору 2017;Зчеплення_ Одеса_ Р_2017.xlsx | Р-33_пр | rows 63-112;"Базовий загальноукраїнський шар; категорія може відрізнятися від пізніших реконструкцій.";False
BASE2017-00678;Одеська;Р-33;Вінниця - Турбів - Гайсин - Балта - Велика Михайлівка - /М-16/;державного значення;IV;4;;319+302;344+305;319302;344305;25.003;експлуатаційні дані 2017;exact_piketage_from_source;data.gov.ua / Укравтодор;набір техніко-експлуатаційного стану доріг;Дані щодо техніко-експлуатаційного стану автомобільних доріг державного значення;2017;https://data.gov.ua/dataset/beca8aa5-96a9-46be-ade7-f1b400213af5;;Категорія міститься безпосередньо у вихідній таблиці показників дороги.;high;original_source_geometry;координати вихідного набору 2017;Зчеплення_ Одеса_ Р_2017.xlsx | Р-33_пр | rows 117-142;"Базовий загальноукраїнський шар; категорія може відрізнятися від пізніших реконструкцій.";False
BASE2017-00679;Одеська;Р-33;Вінниця - Турбів - Гайсин - Балта - Велика Михайлівка - /М-16/;державного значення;IV;4;;349+726;388+231;349726;388231;38.505;експлуатаційні дані 2017;exact_piketage_from_source;data.gov.ua / Укравтодор;набір техніко-експлуатаційного стану доріг;Дані щодо техніко-експлуатаційного стану автомобільних доріг державного значення;2017;https://data.gov.ua/dataset/beca8aa5-96a9-46be-ade7-f1b400213af5;;Категорія міститься безпосередньо у вихідній таблиці показників дороги.;high;original_source_geometry;координати вихідного набору 2017;Зчеплення_ Одеса_ Р_2017.xlsx | Р-33_пр | rows 147-186;"Базовий загальноукраїнський шар; категорія може відрізнятися від пізніших реконструкцій.";False
BASE2017-00680;Одеська;Р-54;Краснопілка - Теплик - Бершадь - Саврань - Дубинове - /М-05/;державного значення;II;2;;107+500;138+809;107500;138809;31.309;експлуатаційні дані 2017;exact_piketage_from_source;data.gov.ua / Укравтодор;набір техніко-експлуатаційного стану доріг;Дані щодо техніко-експлуатаційного стану автомобільних доріг державного значення;2017;https://data.gov.ua/dataset/beca8aa5-96a9-46be-ade7-f1b400213af5;;Категорія міститься безпосередньо у вихідній таблиці показників дороги.;high;original_source_geometry;координати вихідного набору 2017;Зчеплення_ Одеса_ Р_2017.xlsx | Р-54_пр | rows 9-40;"Базовий загальноукраїнський шар; категорія може відрізнятися від пізніших реконструкцій.";False
BASE2017-00681;Одеська;Р-54;Краснопілка - Теплик - Бершадь - Саврань - Дубинове - /М-05/;державного значення;II;2;;140+302;156+889;140302;156889;16.587;експлуатаційні дані 2017;exact_piketage_from_source;data.gov.ua / Укравтодор;набір техніко-експлуатаційного стану доріг;Дані щодо техніко-експлуатаційного стану автомобільних доріг державного значення;2017;https://data.gov.ua/dataset/beca8aa5-96a9-46be-ade7-f1b400213af5;;Категорія міститься безпосередньо у вихідній таблиці показників дороги.;high;original_source_geometry;координати вихідного набору 2017;Зчеплення_ Одеса_ Р_2017.xlsx | Р-54_пр | rows 45-61;"Базовий загальноукраїнський шар; категорія може відрізнятися від пізніших реконструкцій.";False
BASE2017-00682;Одеська;Р-55;Одеса - Вознесенськ - Новий Буг;державного значення;II;2;;32+160;104+860;32160;104860;72.7;експлуатаційні дані 2017;exact_piketage_from_source;data.gov.ua / Укравтодор;набір техніко-експлуатаційного стану доріг;Дані щодо техніко-експлуатаційного стану автомобільних доріг державного значення;2017;https://data.gov.ua/dataset/beca8aa5-96a9-46be-ade7-f1b400213af5;;Категорія міститься безпосередньо у вихідній таблиці показників дороги.;high;original_source_geometry;координати вихідного набору 2017;Зчеплення_ Одеса_ Р_2017.xlsx | Р-55_пр | rows 9-81;"Базовий загальноукраїнський шар; категорія може відрізнятися від пізніших реконструкцій.";False
BASE2017-00683;Одеська;Р-70;Одеса - Білгород-Дністровський - Монаші - /М-15/;державного значення;III;3;;8+403;81+650;8403;81650;73.247;експлуатаційні дані 2017;exact_piketage_from_source;data.gov.ua / Укравтодор;набір техніко-експлуатаційного стану доріг;Дані щодо техніко-експлуатаційного стану автомобільних доріг державного значення;2017;https://data.gov.ua/dataset/beca8aa5-96a9-46be-ade7-f1b400213af5;;Категорія міститься безпосередньо у вихідній таблиці показників дороги.;high;original_source_geometry;координати вихідного набору 2017;Зчеплення_ Одеса_ Р_2017.xlsx | Р-70_пр | rows 9-82;"Базовий загальноукраїнський шар; категорія може відрізнятися від пізніших реконструкцій.";False
BASE2017-00684;Одеська;Р-70;Одеса - Білгород-Дністровський - Монаші - /М-15/;державного значення;III;3;;84+820;104+570;84820;104570;19.75;експлуатаційні дані 2017;exact_piketage_from_source;data.gov.ua / Укравтодор;набір техніко-експлуатаційного стану доріг;Дані щодо техніко-експлуатаційного стану автомобільних доріг державного значення;2017;https://data.gov.ua/dataset/beca8aa5-96a9-46be-ade7-f1b400213af5;;Категорія міститься безпосередньо у вихідній таблиці показників дороги.;high;original_source_geometry;координати вихідного набору 2017;Зчеплення_ Одеса_ Р_2017.xlsx | Р-70_пр | rows 87-107;"Базовий загальноукраїнський шар; категорія може відрізнятися від пізніших реконструкцій.";False
BASE2017-00685;Одеська;Р-70;Під'їзд до порту Ілічівськ;державного значення;III;3;;0+000;3+900;0;3900;3.9;експлуатаційні дані 2017;exact_piketage_from_source;data.gov.ua / Укравтодор;набір техніко-експлуатаційного стану доріг;Дані щодо техніко-експлуатаційного стану автомобільних доріг державного значення;2017;https://data.gov.ua/dataset/beca8aa5-96a9-46be-ade7-f1b400213af5;;Категорія міститься безпосередньо у вихідній таблиці показників дороги.;high;original_source_geometry;координати вихідного набору 2017;Зчеплення_ Одеса_ Р_2017.xlsx | Р-70 П_пр | rows 9-12;"Базовий загальноукраїнський шар; категорія може відрізнятися від пізніших реконструкцій.";False
BASE2017-00686;Одеська;Р-71;Одеса - Іванівка - Ананьїв - Піщана - Хащувате - Колодисте - Рижавка - /М-05/;державного значення;III;3;;12+382;67+650;12382;67650;55.268;експлуатаційні дані 2017;exact_piketage_from_source;data.gov.ua / Укравтодор;набір техніко-експлуатаційного стану доріг;Дані щодо техніко-експлуатаційного стану автомобільних доріг державного значення;2017;https://data.gov.ua/dataset/beca8aa5-96a9-46be-ade7-f1b400213af5;;Категорія міститься безпосередньо у вихідній таблиці показників дороги.;high;original_source_geometry;координати вихідного набору 2017;Зчеплення_ Одеса_ Р_2017.xlsx | Р-71_пр | rows 9-64;"Базовий загальноукраїнський шар; категорія може відрізнятися від пізніших реконструкцій.";False
BASE2017-00687;Одеська;Р-71;Одеса - Іванівка - Ананьїв - Піщана - Хащувате - Колодисте - Рижавка - /М-05/;державного значення;III;3;;69+869;119+738;69869;119738;49.869;експлуатаційні дані 2017;exact_piketage_from_source;data.gov.ua / Укравтодор;набір техніко-експлуатаційного стану доріг;Дані щодо техніко-експлуатаційного стану автомобільних доріг державного значення;2017;https://data.gov.ua/dataset/beca8aa5-96a9-46be-ade7-f1b400213af5;;Категорія міститься безпосередньо у вихідній таблиці показників дороги.;high;original_source_geometry;координати вихідного набору 2017;Зчеплення_ Одеса_ Р_2017.xlsx | Р-71_пр | rows 69-119;"Базовий загальноукраїнський шар; категорія може відрізнятися від пізніших реконструкцій.";False
BASE2017-00688;Одеська;Р-71;Одеса - Іванівка - Ананьїв - Піщана - Хащувате - Колодисте - Рижавка - /М-05/;державного значення;III;3;;121+430;164+070;121430;164070;42.64;експлуатаційні дані 2017;exact_piketage_from_source;data.gov.ua / Укравтодор;набір техніко-експлуатаційного стану доріг;Дані щодо техніко-експлуатаційного стану автомобільних доріг державного значення;2017;https://data.gov.ua/dataset/beca8aa5-96a9-46be-ade7-f1b400213af5;;Категорія міститься безпосередньо у вихідній таблиці показників дороги.;high;original_source_geometry;координати вихідного набору 2017;Зчеплення_ Одеса_ Р_2017.xlsx | Р-71_пр | rows 124-167;"Базовий загальноукраїнський шар; категорія може відрізнятися від пізніших реконструкцій.";False
BASE2017-00689;Одеська;Р-71;Одеса - Іванівка - Ананьїв - Піщана - Хащувате - Колодисте - Рижавка - /М-05/;державного значення;III;3;;166+500;205+788;166500;205788;39.288;експлуатаційні дані 2017;exact_piketage_from_source;data.gov.ua / Укравтодор;набір техніко-експлуатаційного стану доріг;Дані щодо техніко-експлуатаційного стану автомобільних доріг державного значення;2017;https://data.gov.ua/dataset/beca8aa5-96a9-46be-ade7-f1b400213af5;;Категорія міститься безпосередньо у вихідній таблиці показників дороги.;high;original_source_geometry;координати вихідного набору 2017;Зчеплення_ Одеса_ Р_2017.xlsx | Р-71_пр | rows 172-211;"Базовий загальноукраїнський шар; категорія може відрізнятися від пізніших реконструкцій.";False
BASE2017-00690;Одеська;Р-71;Одеса - Іванівка - Ананьїв - Піщана - Хащувате - Колодисте - Рижавка - /М-05/;державного значення;III;3;;210+773;244+820;210773;244820;34.047;експлуатаційні дані 2017;exact_piketage_from_source;data.gov.ua / Укравтодор;набір техніко-експлуатаційного стану доріг;Дані щодо техніко-експлуатаційного стану автомобільних доріг державного значення;2017;https://data.gov.ua/dataset/beca8aa5-96a9-46be-ade7-f1b400213af5;;Категорія міститься безпосередньо у вихідній таблиці показників дороги.;high;original_source_geometry;координати вихідного набору 2017;Зчеплення_ Одеса_ Р_2017.xlsx | Р-71_пр | rows 216-250;"Базовий загальноукраїнський шар; категорія може відрізнятися від пізніших реконструкцій.";False
BASE2017-00691;Одеська;Р-72;"КПП ""Старокозаче"" - Б.Дністровський";державного значення;III;3;;0+000;1+037;0;1037;1.037;експлуатаційні дані 2017;exact_piketage_from_source;data.gov.ua / Укравтодор;набір техніко-експлуатаційного стану доріг;Дані щодо техніко-експлуатаційного стану автомобільних доріг державного значення;2017;https://data.gov.ua/dataset/beca8aa5-96a9-46be-ade7-f1b400213af5;;Категорія міститься безпосередньо у вихідній таблиці показників дороги.;high;original_source_geometry;координати вихідного набору 2017;Зчеплення_ Одеса_ Р_2017.xlsx | Р-72_пр | rows 9-10;"Базовий загальноукраїнський шар; категорія може відрізнятися від пізніших реконструкцій.";False
BASE2017-00692;Одеська;Р-72;"КПП ""Старокозаче"" - Б.Дністровський";державного значення;III;3;;1+296;32+778;1296;32778;31.482;експлуатаційні дані 2017;exact_piketage_from_source;data.gov.ua / Укравтодор;набір техніко-експлуатаційного стану доріг;Дані щодо техніко-експлуатаційного стану автомобільних доріг державного значення;2017;https://data.gov.ua/dataset/beca8aa5-96a9-46be-ade7-f1b400213af5;;Категорія міститься безпосередньо у вихідній таблиці показників дороги.;high;original_source_geometry;координати вихідного набору 2017;Зчеплення_ Одеса_ Р_2017.xlsx | Р-72_пр | rows 15-46;"Базовий загальноукраїнський шар; категорія може відрізнятися від пізніших реконструкцій.";False
BASE2017-00693;Одеська;Р-75;"КПП ""Тимкове"" - Балта - Первомайськ - Доманівка - Олександрівка";державного значення;II;2;;0+000;27+103;0;27103;27.103;експлуатаційні дані 2017;exact_piketage_from_source;data.gov.ua / Укравтодор;набір техніко-експлуатаційного стану доріг;Дані щодо техніко-експлуатаційного стану автомобільних доріг державного значення;2017;https://data.gov.ua/dataset/beca8aa5-96a9-46be-ade7-f1b400213af5;;Категорія міститься безпосередньо у вихідній таблиці показників дороги.;high;original_source_geometry;координати вихідного набору 2017;Зчеплення_ Одеса_ Р_2017.xlsx | Р-75_пр | rows 9-36;"Базовий загальноукраїнський шар; категорія може відрізнятися від пізніших реконструкцій.";False
BASE2017-00694;Одеська;Р-75;"КПП ""Тимкове"" - Балта - Первомайськ - Доманівка - Олександрівка";державного значення;II;2;;32+460;81+742;32460;81742;49.282;експлуатаційні дані 2017;exact_piketage_from_source;data.gov.ua / Укравтодор;набір техніко-експлуатаційного стану доріг;Дані щодо техніко-експлуатаційного стану автомобільних доріг державного значення;2017;https://data.gov.ua/dataset/beca8aa5-96a9-46be-ade7-f1b400213af5;;Категорія міститься безпосередньо у вихідній таблиці показників дороги.;high;original_source_geometry;координати вихідного набору 2017;Зчеплення_ Одеса_ Р_2017.xlsx | Р-75_пр | rows 41-90;"Базовий загальноукраїнський шар; категорія може відрізнятися від пізніших реконструкцій.";False
BASE2017-00695;Одеська;М-05;Київ - Одеса;державного значення;II;2;;273+210;464+122;273210;464122;190.912;експлуатаційні дані 2017;exact_piketage_from_source;data.gov.ua / Укравтодор;набір техніко-експлуатаційного стану доріг;Дані щодо техніко-експлуатаційного стану автомобільних доріг державного значення;2017;https://data.gov.ua/dataset/beca8aa5-96a9-46be-ade7-f1b400213af5;;Категорія міститься безпосередньо у вихідній таблиці показників дороги.;high;original_source_geometry;координати вихідного набору 2017;Зчеплення_Одеса_М_Н_2017.xlsx | М-05_пр | rows 9-200;"Базовий загальноукраїнський шар; категорія може відрізнятися від пізніших реконструкцій.";False
BASE2017-00696;Одеська;М-05-01;Обхід м.Одеса;державного значення;I;1;;3+450;28+145;3450;28145;24.695;експлуатаційні дані 2017;exact_piketage_from_source;data.gov.ua / Укравтодор;набір техніко-експлуатаційного стану доріг;Дані щодо техніко-експлуатаційного стану автомобільних доріг державного значення;2017;https://data.gov.ua/dataset/beca8aa5-96a9-46be-ade7-f1b400213af5;;Категорія міститься безпосередньо у вихідній таблиці показників дороги.;high;original_source_geometry;координати вихідного набору 2017;Зчеплення_Одеса_М_Н_2017.xlsx | М-05-01_пр | rows 9-34;"Базовий загальноукраїнський шар; категорія може відрізнятися від пізніших реконструкцій.";False
BASE2017-00697;Одеська;М-13;Кіровоград - Платонове (на Кишинів через Любашівку);державного значення;III;3;;157+216;227+000;157216;227000;69.784;експлуатаційні дані 2017;exact_piketage_from_source;data.gov.ua / Укравтодор;набір техніко-експлуатаційного стану доріг;Дані щодо техніко-експлуатаційного стану автомобільних доріг державного значення;2017;https://data.gov.ua/dataset/beca8aa5-96a9-46be-ade7-f1b400213af5;;Категорія міститься безпосередньо у вихідній таблиці показників дороги.;high;original_source_geometry;координати вихідного набору 2017;Зчеплення_Одеса_М_Н_2017.xlsx | М-13_пр | rows 9-78;"Базовий загальноукраїнський шар; категорія може відрізнятися від пізніших реконструкцій.";False
BASE2017-00698;Одеська;М-13;Кіровоград - Платонове (на Кишинів через Любашівку);державного значення;II;2;;227+000;254+416;227000;254416;27.416;експлуатаційні дані 2017;exact_piketage_from_source;data.gov.ua / Укравтодор;набір техніко-експлуатаційного стану доріг;Дані щодо техніко-експлуатаційного стану автомобільних доріг державного значення;2017;https://data.gov.ua/dataset/beca8aa5-96a9-46be-ade7-f1b400213af5;;Категорія міститься безпосередньо у вихідній таблиці показників дороги.;high;original_source_geometry;координати вихідного набору 2017;Зчеплення_Одеса_М_Н_2017.xlsx | М-13_пр | rows 79-106;"Базовий загальноукраїнський шар; категорія може відрізнятися від пізніших реконструкцій.";False
BASE2017-00699;Одеська;М-14;Одеса - Мелітополь - Новоазовськ (на Таганрог);державного значення;II;2;;17+555;19+000;17555;19000;1.445;експлуатаційні дані 2017;exact_piketage_from_source;data.gov.ua / Укравтодор;набір техніко-експлуатаційного стану доріг;Дані щодо техніко-експлуатаційного стану автомобільних доріг державного значення;2017;https://data.gov.ua/dataset/beca8aa5-96a9-46be-ade7-f1b400213af5;;Категорія міститься безпосередньо у вихідній таблиці показників дороги.;high;original_source_geometry;координати вихідного набору 2017;Зчеплення_Одеса_М_Н_2017.xlsx | М-14_пр | rows 9-10;"Базовий загальноукраїнський шар; категорія може відрізнятися від пізніших реконструкцій.";False
BASE2017-00700;Одеська;М-14;Одеса - Мелітополь - Новоазовськ (на Таганрог);державного значення;I;1;;19+000;21+000;19000;21000;2.0;експлуатаційні дані 2017;exact_piketage_from_source;data.gov.ua / Укравтодор;набір техніко-експлуатаційного стану доріг;Дані щодо техніко-експлуатаційного стану автомобільних доріг державного значення;2017;https://data.gov.ua/dataset/beca8aa5-96a9-46be-ade7-f1b400213af5;;Категорія міститься безпосередньо у вихідній таблиці показників дороги.;high;original_source_geometry;координати вихідного набору 2017;Зчеплення_Одеса_М_Н_2017.xlsx | М-14_пр | rows 11-12;"Базовий загальноукраїнський шар; категорія може відрізнятися від пізніших реконструкцій.";False
BASE2017-00701;Одеська;М-14;Одеса - Мелітополь - Новоазовськ (на Таганрог);державного значення;II;2;;21+000;55+550;21000;55550;34.55;експлуатаційні дані 2017;exact_piketage_from_source;data.gov.ua / Укравтодор;набір техніко-експлуатаційного стану доріг;Дані щодо техніко-експлуатаційного стану автомобільних доріг державного значення;2017;https://data.gov.ua/dataset/beca8aa5-96a9-46be-ade7-f1b400213af5;;Категорія міститься безпосередньо у вихідній таблиці показників дороги.;high;original_source_geometry;координати вихідного набору 2017;Зчеплення_Одеса_М_Н_2017.xlsx | М-14_пр | rows 13-47;"Базовий загальноукраїнський шар; категорія може відрізнятися від пізніших реконструкцій.";False
BASE2017-00702;Одеська;М-15;Одеса - Рені (на Бухарест);державного значення;II;2;;11+700;27+000;11700;27000;15.3;експлуатаційні дані 2017;exact_piketage_from_source;data.gov.ua / Укравтодор;набір техніко-експлуатаційного стану доріг;Дані щодо техніко-експлуатаційного стану автомобільних доріг державного значення;2017;https://data.gov.ua/dataset/beca8aa5-96a9-46be-ade7-f1b400213af5;;Категорія міститься безпосередньо у вихідній таблиці показників дороги.;high;original_source_geometry;координати вихідного набору 2017;Зчеплення_Одеса_М_Н_2017.xlsx | М-15_пр | rows 9-24;"Базовий загальноукраїнський шар; категорія може відрізнятися від пізніших реконструкцій.";False
BASE2017-00703;Одеська;М-15;Одеса - Рені (на Бухарест);державного значення;III;3;;27+000;100+000;27000;100000;73.0;експлуатаційні дані 2017;exact_piketage_from_source;data.gov.ua / Укравтодор;набір техніко-експлуатаційного стану доріг;Дані щодо техніко-експлуатаційного стану автомобільних доріг державного значення;2017;https://data.gov.ua/dataset/beca8aa5-96a9-46be-ade7-f1b400213af5;;Категорія міститься безпосередньо у вихідній таблиці показників дороги.;high;original_source_geometry;координати вихідного набору 2017;Зчеплення_Одеса_М_Н_2017.xlsx | М-15_пр | rows 25-97;"Базовий загальноукраїнський шар; категорія може відрізнятися від пізніших реконструкцій.";False
BASE2017-00704;Одеська;М-15;Одеса - Рені (на Бухарест);державного значення;II;2;;100+000;270+000;100000;270000;170.0;експлуатаційні дані 2017;exact_piketage_from_source;data.gov.ua / Укравтодор;набір техніко-експлуатаційного стану доріг;Дані щодо техніко-експлуатаційного стану автомобільних доріг державного значення;2017;https://data.gov.ua/dataset/beca8aa5-96a9-46be-ade7-f1b400213af5;;Категорія міститься безпосередньо у вихідній таблиці показників дороги.;high;original_source_geometry;координати вихідного набору 2017;Зчеплення_Одеса_М_Н_2017.xlsx | М-15_пр | rows 98-267;"Базовий загальноукраїнський шар; категорія може відрізнятися від пізніших реконструкцій.";False
BASE2017-00705;Одеська;М-15;Одеса - Рені (на Бухарест);державного значення;III;3;;270+000;295+000;270000;295000;25.0;експлуатаційні дані 2017;exact_piketage_from_source;data.gov.ua / Укравтодор;набір техніко-експлуатаційного стану доріг;Дані щодо техніко-експлуатаційного стану автомобільних доріг державного значення;2017;https://data.gov.ua/dataset/beca8aa5-96a9-46be-ade7-f1b400213af5;;Категорія міститься безпосередньо у вихідній таблиці показників дороги.;high;original_source_geometry;координати вихідного набору 2017;Зчеплення_Одеса_М_Н_2017.xlsx | М-15_пр | rows 268-292;"Базовий загальноукраїнський шар; категорія може відрізнятися від пізніших реконструкцій.";False
BASE2017-00706;Одеська;М-16;Одеса - Кучурган (на Кишинів);державного значення;II;2;;11+700;70+621;11700;70621;58.921;експлуатаційні дані 2017;exact_piketage_from_source;data.gov.ua / Укравтодор;набір техніко-експлуатаційного стану доріг;Дані щодо техніко-експлуатаційного стану автомобільних доріг державного значення;2017;https://data.gov.ua/dataset/beca8aa5-96a9-46be-ade7-f1b400213af5;;Категорія міститься безпосередньо у вихідній таблиці показників дороги.;high;original_source_geometry;координати вихідного набору 2017;Зчеплення_Одеса_М_Н_2017.xlsx | М-16_пр | rows 9-68;"Базовий загальноукраїнський шар; категорія може відрізнятися від пізніших реконструкцій.";False
BASE2017-00707;Одеська;М-27;Одеса - Іллічівськ;державного значення;III;3;;8+550;22+564;8550;22564;14.014;експлуатаційні дані 2017;exact_piketage_from_source;data.gov.ua / Укравтодор;набір техніко-експлуатаційного стану доріг;Дані щодо техніко-експлуатаційного стану автомобільних доріг державного значення;2017;https://data.gov.ua/dataset/beca8aa5-96a9-46be-ade7-f1b400213af5;;Категорія міститься безпосередньо у вихідній таблиці показників дороги.;high;original_source_geometry;координати вихідного набору 2017;Зчеплення_Одеса_М_Н_2017.xlsx | М-27_пр | rows 9-23;"Базовий загальноукраїнський шар; категорія може відрізнятися від пізніших реконструкцій.";False
BASE2017-00708;Одеська;М-28;Одеса - Южний - /М-14/;державного значення;III;3;;13+914;50+312;13914;50312;36.398;експлуатаційні дані 2017;exact_piketage_from_source;data.gov.ua / Укравтодор;набір техніко-експлуатаційного стану доріг;Дані щодо техніко-експлуатаційного стану автомобільних доріг державного значення;2017;https://data.gov.ua/dataset/beca8aa5-96a9-46be-ade7-f1b400213af5;;Категорія міститься безпосередньо у вихідній таблиці показників дороги.;high;original_source_geometry;координати вихідного набору 2017;Зчеплення_Одеса_М_Н_2017.xlsx | М-28_пр | rows 9-46;"Базовий загальноукраїнський шар; категорія може відрізнятися від пізніших реконструкцій.";False
BASE2017-00709;Одеська;М-28;Під'їзд до п.Южний;державного значення;III;3;;0+000;7+300;0;7300;7.3;експлуатаційні дані 2017;exact_piketage_from_source;data.gov.ua / Укравтодор;набір техніко-експлуатаційного стану доріг;Дані щодо техніко-експлуатаційного стану автомобільних доріг державного значення;2017;https://data.gov.ua/dataset/beca8aa5-96a9-46be-ade7-f1b400213af5;;Категорія міститься безпосередньо у вихідній таблиці показників дороги.;high;original_source_geometry;координати вихідного набору 2017;Зчеплення_Одеса_М_Н_2017.xlsx | М-28 П1_пр | rows 9-16;"Базовий загальноукраїнський шар; категорія може відрізнятися від пізніших реконструкцій.";False
BASE2017-00710;Одеська;М-28;Під'їзд до нафтотерміналу;державного значення;III;3;;0+000;5+300;0;5300;5.3;експлуатаційні дані 2017;exact_piketage_from_source;data.gov.ua / Укравтодор;набір техніко-експлуатаційного стану доріг;Дані щодо техніко-експлуатаційного стану автомобільних доріг державного значення;2017;https://data.gov.ua/dataset/beca8aa5-96a9-46be-ade7-f1b400213af5;;Категорія міститься безпосередньо у вихідній таблиці показників дороги.;high;original_source_geometry;координати вихідного набору 2017;Зчеплення_Одеса_М_Н_2017.xlsx | М-28 П2_пр | rows 9-14;"Базовий загальноукраїнський шар; категорія може відрізнятися від пізніших реконструкцій.";False
BASE2017-00711;Полтавська;М-03;Київ - Харків - Довжанський;державного значення;I;1;;126+700;171+000;126700;171000;44.3;експлуатаційні дані 2017;exact_piketage_from_source;data.gov.ua / Укравтодор;набір техніко-експлуатаційного стану доріг;Дані щодо техніко-експлуатаційного стану автомобільних доріг державного значення;2017;https://data.gov.ua/dataset/beca8aa5-96a9-46be-ade7-f1b400213af5;;Категорія міститься безпосередньо у вихідній таблиці показників дороги.;high;original_source_geometry;координати вихідного набору 2017;Зчеплення_Полтавська_М_Н_2017.xlsx | М-03_пр | rows 9-53;"Базовий загальноукраїнський шар; категорія може відрізнятися від пізніших реконструкцій.";False
BASE2017-00712;Полтавська;М-03;Київ - Харків - Довжанський;державного значення;II;2;;171+000;185+000;171000;185000;14.0;експлуатаційні дані 2017;exact_piketage_from_source;data.gov.ua / Укравтодор;набір техніко-експлуатаційного стану доріг;Дані щодо техніко-експлуатаційного стану автомобільних доріг державного значення;2017;https://data.gov.ua/dataset/beca8aa5-96a9-46be-ade7-f1b400213af5;;Категорія міститься безпосередньо у вихідній таблиці показників дороги.;high;original_source_geometry;координати вихідного набору 2017;Зчеплення_Полтавська_М_Н_2017.xlsx | М-03_пр | rows 54-67;"Базовий загальноукраїнський шар; категорія може відрізнятися від пізніших реконструкцій.";False
BASE2017-00713;Полтавська;М-03;Київ - Харків - Довжанський;державного значення;I;1;;185+000;193+000;185000;193000;8.0;експлуатаційні дані 2017;exact_piketage_from_source;data.gov.ua / Укравтодор;набір техніко-експлуатаційного стану доріг;Дані щодо техніко-експлуатаційного стану автомобільних доріг державного значення;2017;https://data.gov.ua/dataset/beca8aa5-96a9-46be-ade7-f1b400213af5;;Категорія міститься безпосередньо у вихідній таблиці показників дороги.;high;original_source_geometry;координати вихідного набору 2017;Зчеплення_Полтавська_М_Н_2017.xlsx | М-03_пр | rows 68-75;"Базовий загальноукраїнський шар; категорія може відрізнятися від пізніших реконструкцій.";False
BASE2017-00714;Полтавська;М-03;Київ - Харків - Довжанський;державного значення;II;2;;193+000;208+000;193000;208000;15.0;експлуатаційні дані 2017;exact_piketage_from_source;data.gov.ua / Укравтодор;набір техніко-експлуатаційного стану доріг;Дані щодо техніко-експлуатаційного стану автомобільних доріг державного значення;2017;https://data.gov.ua/dataset/beca8aa5-96a9-46be-ade7-f1b400213af5;;Категорія міститься безпосередньо у вихідній таблиці показників дороги.;high;original_source_geometry;координати вихідного набору 2017;Зчеплення_Полтавська_М_Н_2017.xlsx | М-03_пр | rows 76-90;"Базовий загальноукраїнський шар; категорія може відрізнятися від пізніших реконструкцій.";False
BASE2017-00715;Полтавська;М-03;Київ - Харків - Довжанський;державного значення;III;3;;208+000;209+000;208000;209000;1.0;експлуатаційні дані 2017;exact_piketage_from_source;data.gov.ua / Укравтодор;набір техніко-експлуатаційного стану доріг;Дані щодо техніко-експлуатаційного стану автомобільних доріг державного значення;2017;https://data.gov.ua/dataset/beca8aa5-96a9-46be-ade7-f1b400213af5;;Категорія міститься безпосередньо у вихідній таблиці показників дороги.;high;original_source_geometry;координати вихідного набору 2017;Зчеплення_Полтавська_М_Н_2017.xlsx | М-03_пр | rows 91-91;"Базовий загальноукраїнський шар; категорія може відрізнятися від пізніших реконструкцій.";False
BASE2017-00716;Полтавська;М-03;Київ - Харків - Довжанський;державного значення;II;2;;209+000;210+000;209000;210000;1.0;експлуатаційні дані 2017;exact_piketage_from_source;data.gov.ua / Укравтодор;набір техніко-експлуатаційного стану доріг;Дані щодо техніко-експлуатаційного стану автомобільних доріг державного значення;2017;https://data.gov.ua/dataset/beca8aa5-96a9-46be-ade7-f1b400213af5;;Категорія міститься безпосередньо у вихідній таблиці показників дороги.;high;original_source_geometry;координати вихідного набору 2017;Зчеплення_Полтавська_М_Н_2017.xlsx | М-03_пр | rows 92-92;"Базовий загальноукраїнський шар; категорія може відрізнятися від пізніших реконструкцій.";False
BASE2017-00717;Полтавська;М-03;Київ - Харків - Довжанський;державного значення;I;1;;210+000;275+000;210000;275000;65.0;експлуатаційні дані 2017;exact_piketage_from_source;data.gov.ua / Укравтодор;набір техніко-експлуатаційного стану доріг;Дані щодо техніко-експлуатаційного стану автомобільних доріг державного значення;2017;https://data.gov.ua/dataset/beca8aa5-96a9-46be-ade7-f1b400213af5;;Категорія міститься безпосередньо у вихідній таблиці показників дороги.;high;original_source_geometry;координати вихідного набору 2017;restored | restored | rows None;"Базовий загальноукраїнський шар; категорія може відрізнятися від пізніших реконструкцій.";False
BASE2017-00718;Полтавська;М-03;Київ - Харків - Довжанський;державного значення;II;2;;275+000;282+000;275000;282000;7.0;експлуатаційні дані 2017;exact_piketage_from_source;data.gov.ua / Укравтодор;набір техніко-експлуатаційного стану доріг;Дані щодо техніко-експлуатаційного стану автомобільних доріг державного значення;2017;https://data.gov.ua/dataset/beca8aa5-96a9-46be-ade7-f1b400213af5;;Категорія міститься безпосередньо у вихідній таблиці показників дороги.;high;original_source_geometry;координати вихідного набору 2017;Зчеплення_Полтавська_М_Н_2017.xlsx | М-03_пр | rows 94-100;"Базовий загальноукраїнський шар; категорія може відрізнятися від пізніших реконструкцій.";False
BASE2017-00719;Полтавська;М-03;Київ - Харків - Довжанський;державного значення;I;1;;282+000;333+250;282000;333250;51.25;експлуатаційні дані 2017;exact_piketage_from_source;data.gov.ua / Укравтодор;набір техніко-експлуатаційного стану доріг;Дані щодо техніко-експлуатаційного стану автомобільних доріг державного значення;2017;https://data.gov.ua/dataset/beca8aa5-96a9-46be-ade7-f1b400213af5;;Категорія міститься безпосередньо у вихідній таблиці показників дороги.;high;original_source_geometry;координати вихідного набору 2017;mixed | mixed | rows source XLSX + restored gaps;"Базовий загальноукраїнський шар; категорія може відрізнятися від пізніших реконструкцій.";False
BASE2017-00720;Полтавська;М-03;Київ - Харків - Довжанський;державного значення;I;1;;333+250;336+873;333250;336873;3.623;експлуатаційні дані 2017;exact_piketage_from_source;data.gov.ua / Укравтодор;набір техніко-експлуатаційного стану доріг;Дані щодо техніко-експлуатаційного стану автомобільних доріг державного значення;2017;https://data.gov.ua/dataset/beca8aa5-96a9-46be-ade7-f1b400213af5;;Категорія міститься безпосередньо у вихідній таблиці показників дороги.;high;original_source_geometry;координати вихідного набору 2017;mixed | mixed | rows source XLSX + restored gaps;"Базовий загальноукраїнський шар; категорія може відрізнятися від пізніших реконструкцій.";False
BASE2017-00721;Полтавська;М-03;Київ - Харків - Довжанський;державного значення;I;1;;336+873;340+961;336873;340961;4.088;експлуатаційні дані 2017;exact_piketage_from_source;data.gov.ua / Укравтодор;набір техніко-експлуатаційного стану доріг;Дані щодо техніко-експлуатаційного стану автомобільних доріг державного значення;2017;https://data.gov.ua/dataset/beca8aa5-96a9-46be-ade7-f1b400213af5;;Категорія міститься безпосередньо у вихідній таблиці показників дороги.;high;original_source_geometry;координати вихідного набору 2017;mixed | mixed | rows source XLSX + restored gaps;"Базовий загальноукраїнський шар; категорія може відрізнятися від пізніших реконструкцій.";False
BASE2017-00722;Полтавська;М-03;Київ - Харків - Довжанський;державного значення;I;1;;340+961;346+000;340961;346000;5.039;експлуатаційні дані 2017;exact_piketage_from_source;data.gov.ua / Укравтодор;набір техніко-експлуатаційного стану доріг;Дані щодо техніко-експлуатаційного стану автомобільних доріг державного значення;2017;https://data.gov.ua/dataset/beca8aa5-96a9-46be-ade7-f1b400213af5;;Категорія міститься безпосередньо у вихідній таблиці показників дороги.;high;original_source_geometry;координати вихідного набору 2017;mixed | mixed | rows source XLSX + restored gaps;"Базовий загальноукраїнський шар; категорія може відрізнятися від пізніших реконструкцій.";False
BASE2017-00723;Полтавська;М-03;Київ - Харків - Довжанський;державного значення;II;2;;346+000;348+000;346000;348000;2.0;експлуатаційні дані 2017;exact_piketage_from_source;data.gov.ua / Укравтодор;набір техніко-експлуатаційного стану доріг;Дані щодо техніко-експлуатаційного стану автомобільних доріг державного значення;2017;https://data.gov.ua/dataset/beca8aa5-96a9-46be-ade7-f1b400213af5;;Категорія міститься безпосередньо у вихідній таблиці показників дороги.;high;original_source_geometry;координати вихідного набору 2017;Зчеплення_Полтавська_М_Н_2017.xlsx | М-03_пр | rows 113-114;"Базовий загальноукраїнський шар; категорія може відрізнятися від пізніших реконструкцій.";False
BASE2017-00724;Полтавська;М-03;Київ - Харків - Довжанський;державного значення;I;1;;348+000;357+000;348000;357000;9.0;експлуатаційні дані 2017;exact_piketage_from_source;data.gov.ua / Укравтодор;набір техніко-експлуатаційного стану доріг;Дані щодо техніко-експлуатаційного стану автомобільних доріг державного значення;2017;https://data.gov.ua/dataset/beca8aa5-96a9-46be-ade7-f1b400213af5;;Категорія міститься безпосередньо у вихідній таблиці показників дороги.;high;original_source_geometry;координати вихідного набору 2017;Зчеплення_Полтавська_М_Н_2017.xlsx | М-03_пр | rows 115-123;"Базовий загальноукраїнський шар; категорія може відрізнятися від пізніших реконструкцій.";False
BASE2017-00725;Полтавська;М-03;Київ - Харків - Довжанський;державного значення;II;2;;357+000;395+064;357000;395064;38.064;експлуатаційні дані 2017;exact_piketage_from_source;data.gov.ua / Укравтодор;набір техніко-експлуатаційного стану доріг;Дані щодо техніко-експлуатаційного стану автомобільних доріг державного значення;2017;https://data.gov.ua/dataset/beca8aa5-96a9-46be-ade7-f1b400213af5;;Категорія міститься безпосередньо у вихідній таблиці показників дороги.;high;original_source_geometry;координати вихідного набору 2017;Зчеплення_Полтавська_М_Н_2017.xlsx | М-03_пр | rows 124-162;"Базовий загальноукраїнський шар; категорія може відрізнятися від пізніших реконструкцій.";False
BASE2017-00726;Полтавська;М-03;Під'їзд до м. Полтава;державного значення;III;3;;0+000;1+600;0;1600;1.6;експлуатаційні дані 2017;exact_piketage_from_source;data.gov.ua / Укравтодор;набір техніко-експлуатаційного стану доріг;Дані щодо техніко-експлуатаційного стану автомобільних доріг державного значення;2017;https://data.gov.ua/dataset/beca8aa5-96a9-46be-ade7-f1b400213af5;;Категорія міститься безпосередньо у вихідній таблиці показників дороги.;high;original_source_geometry;координати вихідного набору 2017;Зчеплення_Полтавська_М_Н_2017.xlsx | М-03 П1_пр | rows 9-10;"Базовий загальноукраїнський шар; категорія може відрізнятися від пізніших реконструкцій.";False
BASE2017-00727;Полтавська;М-22;Полтава - Олександрія;державного значення;II;2;;1+655;10+000;1655;10000;8.345;експлуатаційні дані 2017;exact_piketage_from_source;data.gov.ua / Укравтодор;набір техніко-експлуатаційного стану доріг;Дані щодо техніко-експлуатаційного стану автомобільних доріг державного значення;2017;https://data.gov.ua/dataset/beca8aa5-96a9-46be-ade7-f1b400213af5;;Категорія міститься безпосередньо у вихідній таблиці показників дороги.;high;original_source_geometry;координати вихідного набору 2017;Зчеплення_Полтавська_М_Н_2017.xlsx | М-22_пр | rows 9-17;"Базовий загальноукраїнський шар; категорія може відрізнятися від пізніших реконструкцій.";False
BASE2017-00728;Полтавська;М-22;Полтава - Олександрія;державного значення;I;1;;10+000;17+000;10000;17000;7.0;експлуатаційні дані 2017;exact_piketage_from_source;data.gov.ua / Укравтодор;набір техніко-експлуатаційного стану доріг;Дані щодо техніко-експлуатаційного стану автомобільних доріг державного значення;2017;https://data.gov.ua/dataset/beca8aa5-96a9-46be-ade7-f1b400213af5;;Категорія міститься безпосередньо у вихідній таблиці показників дороги.;high;original_source_geometry;координати вихідного набору 2017;Зчеплення_Полтавська_М_Н_2017.xlsx | М-22_пр | rows 18-24;"Базовий загальноукраїнський шар; категорія може відрізнятися від пізніших реконструкцій.";False
BASE2017-00729;Полтавська;М-22;Полтава - Олександрія;державного значення;II;2;;17+000;100+000;17000;100000;83.0;експлуатаційні дані 2017;exact_piketage_from_source;data.gov.ua / Укравтодор;набір техніко-експлуатаційного стану доріг;Дані щодо техніко-експлуатаційного стану автомобільних доріг державного значення;2017;https://data.gov.ua/dataset/beca8aa5-96a9-46be-ade7-f1b400213af5;;Категорія міститься безпосередньо у вихідній таблиці показників дороги.;high;original_source_geometry;координати вихідного набору 2017;Зчеплення_Полтавська_М_Н_2017.xlsx | М-22_пр | rows 25-107;"Базовий загальноукраїнський шар; категорія може відрізнятися від пізніших реконструкцій.";False
BASE2017-00730;Полтавська;М-22;Полтава - Олександрія;державного значення;I;1;;100+000;103+679;100000;103679;3.679;експлуатаційні дані 2017;exact_piketage_from_source;data.gov.ua / Укравтодор;набір техніко-експлуатаційного стану доріг;Дані щодо техніко-експлуатаційного стану автомобільних доріг державного значення;2017;https://data.gov.ua/dataset/beca8aa5-96a9-46be-ade7-f1b400213af5;;Категорія міститься безпосередньо у вихідній таблиці показників дороги.;high;original_source_geometry;координати вихідного набору 2017;Зчеплення_Полтавська_М_Н_2017.xlsx | М-22_пр | rows 108-111;"Базовий загальноукраїнський шар; категорія може відрізнятися від пізніших реконструкцій.";False
BASE2017-00731;Полтавська;М-22;Полтава - Олександрія;державного значення;I;1;;117+549;126+781;117549;126781;9.232;експлуатаційні дані 2017;exact_piketage_from_source;data.gov.ua / Укравтодор;набір техніко-експлуатаційного стану доріг;Дані щодо техніко-експлуатаційного стану автомобільних доріг державного значення;2017;https://data.gov.ua/dataset/beca8aa5-96a9-46be-ade7-f1b400213af5;;Категорія міститься безпосередньо у вихідній таблиці показників дороги.;high;original_source_geometry;координати вихідного набору 2017;Зчеплення_Полтавська_М_Н_2017.xlsx | М-22_пр | rows 113-122;"Базовий загальноукраїнський шар; категорія може відрізнятися від пізніших реконструкцій.";False
BASE2017-00732;Полтавська;Н-08;Бориспіль - Дніпропетровськ - Запоріжжя;державного значення;II;2;;169+277;185+000;169277;185000;15.723;експлуатаційні дані 2017;exact_piketage_from_source;data.gov.ua / Укравтодор;набір техніко-експлуатаційного стану доріг;Дані щодо техніко-експлуатаційного стану автомобільних доріг державного значення;2017;https://data.gov.ua/dataset/beca8aa5-96a9-46be-ade7-f1b400213af5;;Категорія міститься безпосередньо у вихідній таблиці показників дороги.;high;original_source_geometry;координати вихідного набору 2017;Зчеплення_Полтавська_М_Н_2017.xlsx | Н-08_пр | rows 9-24;"Базовий загальноукраїнський шар; категорія може відрізнятися від пізніших реконструкцій.";False
BASE2017-00733;Полтавська;Н-08;Бориспіль - Дніпропетровськ - Запоріжжя;державного значення;III;3;;185+000;246+619;185000;246619;61.619;експлуатаційні дані 2017;exact_piketage_from_source;data.gov.ua / Укравтодор;набір техніко-експлуатаційного стану доріг;Дані щодо техніко-експлуатаційного стану автомобільних доріг державного значення;2017;https://data.gov.ua/dataset/beca8aa5-96a9-46be-ade7-f1b400213af5;;Категорія міститься безпосередньо у вихідній таблиці показників дороги.;high;original_source_geometry;координати вихідного набору 2017;Зчеплення_Полтавська_М_Н_2017.xlsx | Н-08_пр | rows 25-86;"Базовий загальноукраїнський шар; категорія може відрізнятися від пізніших реконструкцій.";False
BASE2017-00734;Полтавська;Н-08;Бориспіль - Дніпропетровськ - Запоріжжя;державного значення;III;3;;259+779;273+649;259779;273649;13.87;експлуатаційні дані 2017;exact_piketage_from_source;data.gov.ua / Укравтодор;набір техніко-експлуатаційного стану доріг;Дані щодо техніко-експлуатаційного стану автомобільних доріг державного значення;2017;https://data.gov.ua/dataset/beca8aa5-96a9-46be-ade7-f1b400213af5;;Категорія міститься безпосередньо у вихідній таблиці показників дороги.;high;original_source_geometry;координати вихідного набору 2017;Зчеплення_Полтавська_М_Н_2017.xlsx | Н-08_пр | rows 88-102;"Базовий загальноукраїнський шар; категорія може відрізнятися від пізніших реконструкцій.";False
BASE2017-00735;Полтавська;Н-12;Суми - Полтава;державного значення;I;1;;106+400;108+000;106400;108000;1.6;експлуатаційні дані 2017;exact_piketage_from_source;data.gov.ua / Укравтодор;набір техніко-експлуатаційного стану доріг;Дані щодо техніко-експлуатаційного стану автомобільних доріг державного значення;2017;https://data.gov.ua/dataset/beca8aa5-96a9-46be-ade7-f1b400213af5;;Категорія міститься безпосередньо у вихідній таблиці показників дороги.;high;original_source_geometry;координати вихідного набору 2017;Зчеплення_Полтавська_М_Н_2017.xlsx | Н-12_пр | rows 9-10;"Базовий загальноукраїнський шар; категорія може відрізнятися від пізніших реконструкцій.";False
BASE2017-00736;Полтавська;Н-12;Суми - Полтава;державного значення;III;3;;108+000;174+342;108000;174342;66.342;експлуатаційні дані 2017;exact_piketage_from_source;data.gov.ua / Укравтодор;набір техніко-експлуатаційного стану доріг;Дані щодо техніко-експлуатаційного стану автомобільних доріг державного значення;2017;https://data.gov.ua/dataset/beca8aa5-96a9-46be-ade7-f1b400213af5;;Категорія міститься безпосередньо у вихідній таблиці показників дороги.;high;original_source_geometry;координати вихідного набору 2017;Зчеплення_Полтавська_М_Н_2017.xlsx | Н-12_пр | rows 11-77;"Базовий загальноукраїнський шар; категорія може відрізнятися від пізніших реконструкцій.";False
BASE2017-00737;Полтавська;Р-10;Канів - Чигирин - Кременчук;державного значення;III;3;;207+019;213+219;207019;213219;6.2;експлуатаційні дані 2017;exact_piketage_from_source;data.gov.ua / Укравтодор;набір техніко-експлуатаційного стану доріг;Дані щодо техніко-експлуатаційного стану автомобільних доріг державного значення;2017;https://data.gov.ua/dataset/beca8aa5-96a9-46be-ade7-f1b400213af5;;Категорія міститься безпосередньо у вихідній таблиці показників дороги.;high;original_source_geometry;координати вихідного набору 2017;Зчеплення_Полтавська_Р_2017.xlsx | Р-10_пр | rows 9-15;"Базовий загальноукраїнський шар; категорія може відрізнятися від пізніших реконструкцій.";False
BASE2017-00738;Полтавська;Р-11;Полтава - Красноград;державного значення;III;3;;0+000;5+000;0;5000;5.0;експлуатаційні дані 2017;exact_piketage_from_source;data.gov.ua / Укравтодор;набір техніко-експлуатаційного стану доріг;Дані щодо техніко-експлуатаційного стану автомобільних доріг державного значення;2017;https://data.gov.ua/dataset/beca8aa5-96a9-46be-ade7-f1b400213af5;;Категорія міститься безпосередньо у вихідній таблиці показників дороги.;high;original_source_geometry;координати вихідного набору 2017;Зчеплення_Полтавська_Р_2017.xlsx | Р-11_пр | rows 9-13;"Базовий загальноукраїнський шар; категорія може відрізнятися від пізніших реконструкцій.";False
BASE2017-00739;Полтавська;Р-11;Полтава - Красноград;державного значення;II;2;;5+000;10+000;5000;10000;5.0;експлуатаційні дані 2017;exact_piketage_from_source;data.gov.ua / Укравтодор;набір техніко-експлуатаційного стану доріг;Дані щодо техніко-експлуатаційного стану автомобільних доріг державного значення;2017;https://data.gov.ua/dataset/beca8aa5-96a9-46be-ade7-f1b400213af5;;Категорія міститься безпосередньо у вихідній таблиці показників дороги.;high;original_source_geometry;координати вихідного набору 2017;Зчеплення_Полтавська_Р_2017.xlsx | Р-11_пр | rows 14-18;"Базовий загальноукраїнський шар; категорія може відрізнятися від пізніших реконструкцій.";False
BASE2017-00740;Полтавська;Р-11;Полтава - Красноград;державного значення;III;3;;10+000;45+298;10000;45298;35.298;експлуатаційні дані 2017;exact_piketage_from_source;data.gov.ua / Укравтодор;набір техніко-експлуатаційного стану доріг;Дані щодо техніко-експлуатаційного стану автомобільних доріг державного значення;2017;https://data.gov.ua/dataset/beca8aa5-96a9-46be-ade7-f1b400213af5;;Категорія міститься безпосередньо у вихідній таблиці показників дороги.;high;original_source_geometry;координати вихідного набору 2017;Зчеплення_Полтавська_Р_2017.xlsx | Р-11_пр | rows 19-54;"Базовий загальноукраїнський шар; категорія може відрізнятися від пізніших реконструкцій.";False
BASE2017-00741;Полтавська;Р-42;Лубни - Миргород - Опішня - /Н-12/;державного значення;III;3;;0+000;121+852;0;121852;121.852;експлуатаційні дані 2017;exact_piketage_from_source;data.gov.ua / Укравтодор;набір техніко-експлуатаційного стану доріг;Дані щодо техніко-експлуатаційного стану автомобільних доріг державного значення;2017;https://data.gov.ua/dataset/beca8aa5-96a9-46be-ade7-f1b400213af5;;Категорія міститься безпосередньо у вихідній таблиці показників дороги.;high;original_source_geometry;координати вихідного набору 2017;Зчеплення_Полтавська_Р_2017.xlsx | Р-42_пр  | rows 9-130;"Базовий загальноукраїнський шар; категорія може відрізнятися від пізніших реконструкцій.";False
BASE2017-00742;Полтавська;Р-52;Дніпропетровськ - Царичанка - Кобеляки - Решетилівка;державного значення;III;3;;96+550;175+945;96550;175945;79.395;експлуатаційні дані 2017;exact_piketage_from_source;data.gov.ua / Укравтодор;набір техніко-експлуатаційного стану доріг;Дані щодо техніко-експлуатаційного стану автомобільних доріг державного значення;2017;https://data.gov.ua/dataset/beca8aa5-96a9-46be-ade7-f1b400213af5;;Категорія міститься безпосередньо у вихідній таблиці показників дороги.;high;original_source_geometry;координати вихідного набору 2017;Зчеплення_Полтавська_Р_2017.xlsx | Р-52_пр | rows 9-88;"Базовий загальноукраїнський шар; категорія може відрізнятися від пізніших реконструкцій.";False
BASE2017-00743;Полтавська;Р-60;Кроловець - Конотоп - Ромни - Пирятин;державного значення;III;3;;154+901;237+354;154901;237354;82.453;експлуатаційні дані 2017;exact_piketage_from_source;data.gov.ua / Укравтодор;набір техніко-експлуатаційного стану доріг;Дані щодо техніко-експлуатаційного стану автомобільних доріг державного значення;2017;https://data.gov.ua/dataset/beca8aa5-96a9-46be-ade7-f1b400213af5;;Категорія міститься безпосередньо у вихідній таблиці показників дороги.;high;original_source_geometry;координати вихідного набору 2017;Зчеплення_Полтавська_Р_2017.xlsx | Р-60_пр  | rows 9-92;"Базовий загальноукраїнський шар; категорія може відрізнятися від пізніших реконструкцій.";False
BASE2017-00744;Полтавська;Р-67;Чернігів - Ніжин - Прилуки - Пирятин;державного значення;IV;4;;187+508;200+000;187508;200000;12.492;експлуатаційні дані 2017;exact_piketage_from_source;data.gov.ua / Укравтодор;набір техніко-експлуатаційного стану доріг;Дані щодо техніко-експлуатаційного стану автомобільних доріг державного значення;2017;https://data.gov.ua/dataset/beca8aa5-96a9-46be-ade7-f1b400213af5;;Категорія міститься безпосередньо у вихідній таблиці показників дороги.;high;original_source_geometry;координати вихідного набору 2017;Зчеплення_Полтавська_Р_2017.xlsx | Р-67_пр | rows 9-21;"Базовий загальноукраїнський шар; категорія може відрізнятися від пізніших реконструкцій.";False
BASE2017-00745;Полтавська;Р-67;Чернігів - Ніжин - Прилуки - Пирятин;державного значення;III;3;;200+000;206+688;200000;206688;6.688;експлуатаційні дані 2017;exact_piketage_from_source;data.gov.ua / Укравтодор;набір техніко-експлуатаційного стану доріг;Дані щодо техніко-експлуатаційного стану автомобільних доріг державного значення;2017;https://data.gov.ua/dataset/beca8aa5-96a9-46be-ade7-f1b400213af5;;Категорія міститься безпосередньо у вихідній таблиці показників дороги.;high;original_source_geometry;координати вихідного набору 2017;Зчеплення_Полтавська_Р_2017.xlsx | Р-67_пр | rows 22-28;"Базовий загальноукраїнський шар; категорія може відрізнятися від пізніших реконструкцій.";False
BASE2017-00746;Рівненська;М-06;Київ - Чоп (на Будапешт через Львів, Мукачеве, Ужгород);державного значення;II;2;;259+592;260+000;259592;260000;0.408;експлуатаційні дані 2017;exact_piketage_from_source;data.gov.ua / Укравтодор;набір техніко-експлуатаційного стану доріг;Дані щодо техніко-експлуатаційного стану автомобільних доріг державного значення;2017;https://data.gov.ua/dataset/beca8aa5-96a9-46be-ade7-f1b400213af5;;Категорія міститься безпосередньо у вихідній таблиці показників дороги.;high;original_source_geometry;координати вихідного набору 2017;Зчеплення_Р_вне_М_Н_Р_2017.xlsx | м-06_пр | rows 9-9;"Базовий загальноукраїнський шар; категорія може відрізнятися від пізніших реконструкцій.";False
BASE2017-00747;Рівненська;М-06;Київ - Чоп (на Будапешт через Львів, Мукачеве, Ужгород);державного значення;I;1;;260+000;323+000;260000;323000;63.0;експлуатаційні дані 2017;exact_piketage_from_source;data.gov.ua / Укравтодор;набір техніко-експлуатаційного стану доріг;Дані щодо техніко-експлуатаційного стану автомобільних доріг державного значення;2017;https://data.gov.ua/dataset/beca8aa5-96a9-46be-ade7-f1b400213af5;;Категорія міститься безпосередньо у вихідній таблиці показників дороги.;high;original_source_geometry;координати вихідного набору 2017;Зчеплення_Р_вне_М_Н_Р_2017.xlsx | м-06_пр | rows 10-72;"Базовий загальноукраїнський шар; категорія може відрізнятися від пізніших реконструкцій.";False
BASE2017-00748;Рівненська;М-06;Київ - Чоп (на Будапешт через Львів, Мукачеве, Ужгород);державного значення;II;2;;323+000;329+000;323000;329000;6.0;експлуатаційні дані 2017;exact_piketage_from_source;data.gov.ua / Укравтодор;набір техніко-експлуатаційного стану доріг;Дані щодо техніко-експлуатаційного стану автомобільних доріг державного значення;2017;https://data.gov.ua/dataset/beca8aa5-96a9-46be-ade7-f1b400213af5;;Категорія міститься безпосередньо у вихідній таблиці показників дороги.;high;original_source_geometry;координати вихідного набору 2017;Зчеплення_Р_вне_М_Н_Р_2017.xlsx | м-06_пр | rows 73-78;"Базовий загальноукраїнський шар; категорія може відрізнятися від пізніших реконструкцій.";False
BASE2017-00749;Рівненська;М-06;Київ - Чоп (на Будапешт через Львів, Мукачеве, Ужгород);державного значення;I;1;;329+000;331+000;329000;331000;2.0;експлуатаційні дані 2017;exact_piketage_from_source;data.gov.ua / Укравтодор;набір техніко-експлуатаційного стану доріг;Дані щодо техніко-експлуатаційного стану автомобільних доріг державного значення;2017;https://data.gov.ua/dataset/beca8aa5-96a9-46be-ade7-f1b400213af5;;Категорія міститься безпосередньо у вихідній таблиці показників дороги.;high;original_source_geometry;координати вихідного набору 2017;Зчеплення_Р_вне_М_Н_Р_2017.xlsx | м-06_пр | rows 79-80;"Базовий загальноукраїнський шар; категорія може відрізнятися від пізніших реконструкцій.";False
BASE2017-00750;Рівненська;М-06;Київ - Чоп (на Будапешт через Львів, Мукачеве, Ужгород);державного значення;II;2;;331+000;335+000;331000;335000;4.0;експлуатаційні дані 2017;exact_piketage_from_source;data.gov.ua / Укравтодор;набір техніко-експлуатаційного стану доріг;Дані щодо техніко-експлуатаційного стану автомобільних доріг державного значення;2017;https://data.gov.ua/dataset/beca8aa5-96a9-46be-ade7-f1b400213af5;;Категорія міститься безпосередньо у вихідній таблиці показників дороги.;high;original_source_geometry;координати вихідного набору 2017;Зчеплення_Р_вне_М_Н_Р_2017.xlsx | м-06_пр | rows 81-84;"Базовий загальноукраїнський шар; категорія може відрізнятися від пізніших реконструкцій.";False
BASE2017-00751;Рівненська;М-06;Київ - Чоп (на Будапешт через Львів, Мукачеве, Ужгород);державного значення;I;1;;335+000;337+000;335000;337000;2.0;експлуатаційні дані 2017;exact_piketage_from_source;data.gov.ua / Укравтодор;набір техніко-експлуатаційного стану доріг;Дані щодо техніко-експлуатаційного стану автомобільних доріг державного значення;2017;https://data.gov.ua/dataset/beca8aa5-96a9-46be-ade7-f1b400213af5;;Категорія міститься безпосередньо у вихідній таблиці показників дороги.;high;original_source_geometry;координати вихідного набору 2017;Зчеплення_Р_вне_М_Н_Р_2017.xlsx | м-06_пр | rows 85-86;"Базовий загальноукраїнський шар; категорія може відрізнятися від пізніших реконструкцій.";False
BASE2017-00752;Рівненська;М-06;Київ - Чоп (на Будапешт через Львів, Мукачеве, Ужгород);державного значення;II;2;;337+000;341+000;337000;341000;4.0;експлуатаційні дані 2017;exact_piketage_from_source;data.gov.ua / Укравтодор;набір техніко-експлуатаційного стану доріг;Дані щодо техніко-експлуатаційного стану автомобільних доріг державного значення;2017;https://data.gov.ua/dataset/beca8aa5-96a9-46be-ade7-f1b400213af5;;Категорія міститься безпосередньо у вихідній таблиці показників дороги.;high;original_source_geometry;координати вихідного набору 2017;Зчеплення_Р_вне_М_Н_Р_2017.xlsx | м-06_пр | rows 87-90;"Базовий загальноукраїнський шар; категорія може відрізнятися від пізніших реконструкцій.";False
BASE2017-00753;Рівненська;М-06;Київ - Чоп (на Будапешт через Львів, Мукачеве, Ужгород);державного значення;I;1;;341+000;344+000;341000;344000;3.0;експлуатаційні дані 2017;exact_piketage_from_source;data.gov.ua / Укравтодор;набір техніко-експлуатаційного стану доріг;Дані щодо техніко-експлуатаційного стану автомобільних доріг державного значення;2017;https://data.gov.ua/dataset/beca8aa5-96a9-46be-ade7-f1b400213af5;;Категорія міститься безпосередньо у вихідній таблиці показників дороги.;high;original_source_geometry;координати вихідного набору 2017;Зчеплення_Р_вне_М_Н_Р_2017.xlsx | м-06_пр | rows 91-93;"Базовий загальноукраїнський шар; категорія може відрізнятися від пізніших реконструкцій.";False
BASE2017-00754;Рівненська;М-06;Київ - Чоп (на Будапешт через Львів, Мукачеве, Ужгород);державного значення;II;2;;344+000;360+000;344000;360000;16.0;експлуатаційні дані 2017;exact_piketage_from_source;data.gov.ua / Укравтодор;набір техніко-експлуатаційного стану доріг;Дані щодо техніко-експлуатаційного стану автомобільних доріг державного значення;2017;https://data.gov.ua/dataset/beca8aa5-96a9-46be-ade7-f1b400213af5;;Категорія міститься безпосередньо у вихідній таблиці показників дороги.;high;original_source_geometry;координати вихідного набору 2017;Зчеплення_Р_вне_М_Н_Р_2017.xlsx | м-06_пр | rows 94-109;"Базовий загальноукраїнський шар; категорія може відрізнятися від пізніших реконструкцій.";False
BASE2017-00755;Рівненська;М-06;Київ - Чоп (на Будапешт через Львів, Мукачеве, Ужгород);державного значення;I;1;;360+000;366+000;360000;366000;6.0;експлуатаційні дані 2017;exact_piketage_from_source;data.gov.ua / Укравтодор;набір техніко-експлуатаційного стану доріг;Дані щодо техніко-експлуатаційного стану автомобільних доріг державного значення;2017;https://data.gov.ua/dataset/beca8aa5-96a9-46be-ade7-f1b400213af5;;Категорія міститься безпосередньо у вихідній таблиці показників дороги.;high;original_source_geometry;координати вихідного набору 2017;Зчеплення_Р_вне_М_Н_Р_2017.xlsx | м-06_пр | rows 110-115;"Базовий загальноукраїнський шар; категорія може відрізнятися від пізніших реконструкцій.";False
BASE2017-00756;Рівненська;М-06;Київ - Чоп (на Будапешт через Львів, Мукачеве, Ужгород);державного значення;II;2;;366+000;378+000;366000;378000;12.0;експлуатаційні дані 2017;exact_piketage_from_source;data.gov.ua / Укравтодор;набір техніко-експлуатаційного стану доріг;Дані щодо техніко-експлуатаційного стану автомобільних доріг державного значення;2017;https://data.gov.ua/dataset/beca8aa5-96a9-46be-ade7-f1b400213af5;;Категорія міститься безпосередньо у вихідній таблиці показників дороги.;high;original_source_geometry;координати вихідного набору 2017;Зчеплення_Р_вне_М_Н_Р_2017.xlsx | м-06_пр | rows 116-127;"Базовий загальноукраїнський шар; категорія може відрізнятися від пізніших реконструкцій.";False
BASE2017-00757;Рівненська;М-06;Київ - Чоп (на Будапешт через Львів, Мукачеве, Ужгород);державного значення;III;3;;378+000;384+000;378000;384000;6.0;експлуатаційні дані 2017;exact_piketage_from_source;data.gov.ua / Укравтодор;набір техніко-експлуатаційного стану доріг;Дані щодо техніко-експлуатаційного стану автомобільних доріг державного значення;2017;https://data.gov.ua/dataset/beca8aa5-96a9-46be-ade7-f1b400213af5;;Категорія міститься безпосередньо у вихідній таблиці показників дороги.;high;original_source_geometry;координати вихідного набору 2017;Зчеплення_Р_вне_М_Н_Р_2017.xlsx | м-06_пр | rows 128-133;"Базовий загальноукраїнський шар; категорія може відрізнятися від пізніших реконструкцій.";False
BASE2017-00758;Рівненська;М-06;Київ - Чоп (на Будапешт через Львів, Мукачеве, Ужгород);державного значення;II;2;;384+000;385+000;384000;385000;1.0;експлуатаційні дані 2017;exact_piketage_from_source;data.gov.ua / Укравтодор;набір техніко-експлуатаційного стану доріг;Дані щодо техніко-експлуатаційного стану автомобільних доріг державного значення;2017;https://data.gov.ua/dataset/beca8aa5-96a9-46be-ade7-f1b400213af5;;Категорія міститься безпосередньо у вихідній таблиці показників дороги.;high;original_source_geometry;координати вихідного набору 2017;Зчеплення_Р_вне_М_Н_Р_2017.xlsx | м-06_пр | rows 134-134;"Базовий загальноукраїнський шар; категорія може відрізнятися від пізніших реконструкцій.";False
BASE2017-00759;Рівненська;М-06;Київ - Чоп (на Будапешт через Львів, Мукачеве, Ужгород);державного значення;III;3;;385+000;394+000;385000;394000;9.0;експлуатаційні дані 2017;exact_piketage_from_source;data.gov.ua / Укравтодор;набір техніко-експлуатаційного стану доріг;Дані щодо техніко-експлуатаційного стану автомобільних доріг державного значення;2017;https://data.gov.ua/dataset/beca8aa5-96a9-46be-ade7-f1b400213af5;;Категорія міститься безпосередньо у вихідній таблиці показників дороги.;high;original_source_geometry;координати вихідного набору 2017;Зчеплення_Р_вне_М_Н_Р_2017.xlsx | м-06_пр | rows 135-143;"Базовий загальноукраїнський шар; категорія може відрізнятися від пізніших реконструкцій.";False
BASE2017-00760;Рівненська;М-06;Київ - Чоп (на Будапешт через Львів, Мукачеве, Ужгород);державного значення;I;1;;394+000;398+000;394000;398000;4.0;експлуатаційні дані 2017;exact_piketage_from_source;data.gov.ua / Укравтодор;набір техніко-експлуатаційного стану доріг;Дані щодо техніко-експлуатаційного стану автомобільних доріг державного значення;2017;https://data.gov.ua/dataset/beca8aa5-96a9-46be-ade7-f1b400213af5;;Категорія міститься безпосередньо у вихідній таблиці показників дороги.;high;original_source_geometry;координати вихідного набору 2017;Зчеплення_Р_вне_М_Н_Р_2017.xlsx | м-06_пр | rows 144-147;"Базовий загальноукраїнський шар; категорія може відрізнятися від пізніших реконструкцій.";False
BASE2017-00761;Рівненська;М-06;Київ - Чоп (на Будапешт через Львів, Мукачеве, Ужгород);державного значення;III;3;;398+000;411+000;398000;411000;13.0;експлуатаційні дані 2017;exact_piketage_from_source;data.gov.ua / Укравтодор;набір техніко-експлуатаційного стану доріг;Дані щодо техніко-експлуатаційного стану автомобільних доріг державного значення;2017;https://data.gov.ua/dataset/beca8aa5-96a9-46be-ade7-f1b400213af5;;Категорія міститься безпосередньо у вихідній таблиці показників дороги.;high;original_source_geometry;координати вихідного набору 2017;Зчеплення_Р_вне_М_Н_Р_2017.xlsx | м-06_пр | rows 148-160;"Базовий загальноукраїнський шар; категорія може відрізнятися від пізніших реконструкцій.";False
BASE2017-00762;Рівненська;М-06;Київ - Чоп (на Будапешт через Львів, Мукачеве, Ужгород);державного значення;I;1;;411+000;420+000;411000;420000;9.0;експлуатаційні дані 2017;exact_piketage_from_source;data.gov.ua / Укравтодор;набір техніко-експлуатаційного стану доріг;Дані щодо техніко-експлуатаційного стану автомобільних доріг державного значення;2017;https://data.gov.ua/dataset/beca8aa5-96a9-46be-ade7-f1b400213af5;;Категорія міститься безпосередньо у вихідній таблиці показників дороги.;high;original_source_geometry;координати вихідного набору 2017;Зчеплення_Р_вне_М_Н_Р_2017.xlsx | м-06_пр | rows 161-169;"Базовий загальноукраїнський шар; категорія може відрізнятися від пізніших реконструкцій.";False
BASE2017-00763;Рівненська;М-06;Київ - Чоп (на Будапешт через Львів, Мукачеве, Ужгород);державного значення;III;3;;420+000;434+230;420000;434230;14.23;експлуатаційні дані 2017;exact_piketage_from_source;data.gov.ua / Укравтодор;набір техніко-експлуатаційного стану доріг;Дані щодо техніко-експлуатаційного стану автомобільних доріг державного значення;2017;https://data.gov.ua/dataset/beca8aa5-96a9-46be-ade7-f1b400213af5;;Категорія міститься безпосередньо у вихідній таблиці показників дороги.;high;original_source_geometry;координати вихідного набору 2017;Зчеплення_Р_вне_М_Н_Р_2017.xlsx | м-06_пр | rows 170-184;"Базовий загальноукраїнський шар; категорія може відрізнятися від пізніших реконструкцій.";False
BASE2017-00764;Рівненська;М-06 П5;Західний під'їзд до м. Рівне;державного значення;I;1;;0+000;3+700;0;3700;3.7;експлуатаційні дані 2017;exact_piketage_from_source;data.gov.ua / Укравтодор;набір техніко-експлуатаційного стану доріг;Дані щодо техніко-експлуатаційного стану автомобільних доріг державного значення;2017;https://data.gov.ua/dataset/beca8aa5-96a9-46be-ade7-f1b400213af5;;Категорія міститься безпосередньо у вихідній таблиці показників дороги.;high;original_source_geometry;координати вихідного набору 2017;Зчеплення_Р_вне_М_Н_Р_2017.xlsx | м-06_П_пр | rows 9-12;"Базовий загальноукраїнський шар; категорія може відрізнятися від пізніших реконструкцій.";False
BASE2017-00765;Рівненська;М-07;Київ - Ковель - Ягодин (на Люблін);державного значення;II;2;;245+690;258+000;245690;258000;12.31;експлуатаційні дані 2017;exact_piketage_from_source;data.gov.ua / Укравтодор;набір техніко-експлуатаційного стану доріг;Дані щодо техніко-експлуатаційного стану автомобільних доріг державного значення;2017;https://data.gov.ua/dataset/beca8aa5-96a9-46be-ade7-f1b400213af5;;Категорія міститься безпосередньо у вихідній таблиці показників дороги.;high;original_source_geometry;координати вихідного набору 2017;Зчеплення_Р_вне_М_Н_Р_2017.xlsx | м-07 пр | rows 9-21;"Базовий загальноукраїнський шар; категорія може відрізнятися від пізніших реконструкцій.";False
BASE2017-00766;Рівненська;М-07;Київ - Ковель - Ягодин (на Люблін);державного значення;III;3;;258+000;301+000;258000;301000;43.0;експлуатаційні дані 2017;exact_piketage_from_source;data.gov.ua / Укравтодор;набір техніко-експлуатаційного стану доріг;Дані щодо техніко-експлуатаційного стану автомобільних доріг державного значення;2017;https://data.gov.ua/dataset/beca8aa5-96a9-46be-ade7-f1b400213af5;;Категорія міститься безпосередньо у вихідній таблиці показників дороги.;high;original_source_geometry;координати вихідного набору 2017;Зчеплення_Р_вне_М_Н_Р_2017.xlsx | м-07 пр | rows 22-64;"Базовий загальноукраїнський шар; категорія може відрізнятися від пізніших реконструкцій.";False
BASE2017-00767;Рівненська;М-07;Київ - Ковель - Ягодин (на Люблін);державного значення;II;2;;301+000;303+000;301000;303000;2.0;експлуатаційні дані 2017;exact_piketage_from_source;data.gov.ua / Укравтодор;набір техніко-експлуатаційного стану доріг;Дані щодо техніко-експлуатаційного стану автомобільних доріг державного значення;2017;https://data.gov.ua/dataset/beca8aa5-96a9-46be-ade7-f1b400213af5;;Категорія міститься безпосередньо у вихідній таблиці показників дороги.;high;original_source_geometry;координати вихідного набору 2017;Зчеплення_Р_вне_М_Н_Р_2017.xlsx | м-07 пр | rows 65-66;"Базовий загальноукраїнський шар; категорія може відрізнятися від пізніших реконструкцій.";False
BASE2017-00768;Рівненська;М-07;Київ - Ковель - Ягодин (на Люблін);державного значення;III;3;;303+000;304+000;303000;304000;1.0;експлуатаційні дані 2017;exact_piketage_from_source;data.gov.ua / Укравтодор;набір техніко-експлуатаційного стану доріг;Дані щодо техніко-експлуатаційного стану автомобільних доріг державного значення;2017;https://data.gov.ua/dataset/beca8aa5-96a9-46be-ade7-f1b400213af5;;Категорія міститься безпосередньо у вихідній таблиці показників дороги.;high;original_source_geometry;координати вихідного набору 2017;Зчеплення_Р_вне_М_Н_Р_2017.xlsx | м-07 пр | rows 67-67;"Базовий загальноукраїнський шар; категорія може відрізнятися від пізніших реконструкцій.";False
BASE2017-00769;Рівненська;М-07;Київ - Ковель - Ягодин (на Люблін);державного значення;II;2;;304+000;305+000;304000;305000;1.0;експлуатаційні дані 2017;exact_piketage_from_source;data.gov.ua / Укравтодор;набір техніко-експлуатаційного стану доріг;Дані щодо техніко-експлуатаційного стану автомобільних доріг державного значення;2017;https://data.gov.ua/dataset/beca8aa5-96a9-46be-ade7-f1b400213af5;;Категорія міститься безпосередньо у вихідній таблиці показників дороги.;high;original_source_geometry;координати вихідного набору 2017;Зчеплення_Р_вне_М_Н_Р_2017.xlsx | м-07 пр | rows 68-68;"Базовий загальноукраїнський шар; категорія може відрізнятися від пізніших реконструкцій.";False
BASE2017-00770;Рівненська;М-07;Київ - Ковель - Ягодин (на Люблін);державного значення;III;3;;305+000;353+645;305000;353645;48.645;експлуатаційні дані 2017;exact_piketage_from_source;data.gov.ua / Укравтодор;набір техніко-експлуатаційного стану доріг;Дані щодо техніко-експлуатаційного стану автомобільних доріг державного значення;2017;https://data.gov.ua/dataset/beca8aa5-96a9-46be-ade7-f1b400213af5;;Категорія міститься безпосередньо у вихідній таблиці показників дороги.;high;original_source_geometry;координати вихідного набору 2017;Зчеплення_Р_вне_М_Н_Р_2017.xlsx | м-07 пр | rows 69-117;"Базовий загальноукраїнський шар; категорія може відрізнятися від пізніших реконструкцій.";False
BASE2017-00771;Рівненська;М-19;Доманове (на Брест) - Ковель - Чернівці - Тереблече ( на Бухарест);державного значення;II;2;;170+169;205+031;170169;205031;34.862;експлуатаційні дані 2017;exact_piketage_from_source;data.gov.ua / Укравтодор;набір техніко-експлуатаційного стану доріг;Дані щодо техніко-експлуатаційного стану автомобільних доріг державного значення;2017;https://data.gov.ua/dataset/beca8aa5-96a9-46be-ade7-f1b400213af5;;Категорія міститься безпосередньо у вихідній таблиці показників дороги.;high;original_source_geometry;координати вихідного набору 2017;Зчеплення_Р_вне_М_Н_Р_2017.xlsx | м-19 пр | rows 9-44;"Базовий загальноукраїнський шар; категорія може відрізнятися від пізніших реконструкцій.";False
BASE2017-00772;Рівненська;М-19;Доманове (на Брест) - Ковель - Чернівці - Тереблече ( на Бухарест);державного значення;II;2;;211+320;239+951;211320;239951;28.631;експлуатаційні дані 2017;exact_piketage_from_source;data.gov.ua / Укравтодор;набір техніко-експлуатаційного стану доріг;Дані щодо техніко-експлуатаційного стану автомобільних доріг державного значення;2017;https://data.gov.ua/dataset/beca8aa5-96a9-46be-ade7-f1b400213af5;;Категорія міститься безпосередньо у вихідній таблиці показників дороги.;high;original_source_geometry;координати вихідного набору 2017;Зчеплення_Р_вне_М_Н_Р_2017.xlsx | м-19 пр | rows 45-73;"Базовий загальноукраїнський шар; категорія може відрізнятися від пізніших реконструкцій.";False
BASE2017-00773;Рівненська;Н-22;Устилуг - Луцьк - Рівне;державного значення;II;2;;130+000;133+000;130000;133000;3.0;експлуатаційні дані 2017;exact_piketage_from_source;data.gov.ua / Укравтодор;набір техніко-експлуатаційного стану доріг;Дані щодо техніко-експлуатаційного стану автомобільних доріг державного значення;2017;https://data.gov.ua/dataset/beca8aa5-96a9-46be-ade7-f1b400213af5;;Категорія міститься безпосередньо у вихідній таблиці показників дороги.;high;original_source_geometry;координати вихідного набору 2017;Зчеплення_Р_вне_М_Н_Р_2017.xlsx | н-22 пр | rows 9-35;"Базовий загальноукраїнський шар; категорія може відрізнятися від пізніших реконструкцій.";False
BASE2017-00774;Рівненська;Н-22;Устилуг - Луцьк - Рівне;державного значення;II;2;;133+000;150+400;133000;150400;17.4;експлуатаційні дані 2017;exact_piketage_from_source;data.gov.ua / Укравтодор;набір техніко-експлуатаційного стану доріг;Дані щодо техніко-експлуатаційного стану автомобільних доріг державного значення;2017;https://data.gov.ua/dataset/beca8aa5-96a9-46be-ade7-f1b400213af5;;Категорія міститься безпосередньо у вихідній таблиці показників дороги.;high;original_source_geometry;координати вихідного набору 2017;Зчеплення_Р_вне_М_Н_Р_2017.xlsx | н-22 пр | rows 9-35;"Базовий загальноукраїнський шар; категорія може відрізнятися від пізніших реконструкцій.";False
BASE2017-00775;Рівненська;Н-22;Устилуг - Луцьк - Рівне;державного значення;II;2;;150+400;156+700;150400;156700;6.3;експлуатаційні дані 2017;exact_piketage_from_source;data.gov.ua / Укравтодор;набір техніко-експлуатаційного стану доріг;Дані щодо техніко-експлуатаційного стану автомобільних доріг державного значення;2017;https://data.gov.ua/dataset/beca8aa5-96a9-46be-ade7-f1b400213af5;;Категорія міститься безпосередньо у вихідній таблиці показників дороги.;high;original_source_geometry;координати вихідного набору 2017;Зчеплення_Р_вне_М_Н_Р_2017.xlsx | н-22 пр | rows 9-35;"Базовий загальноукраїнський шар; категорія може відрізнятися від пізніших реконструкцій.";False
BASE2017-00776;Рівненська;Р-05;Городище - Рівне - Старокостянтинів (через Сарни);державного значення;III;3;;0+000;66+000;0;66000;66.0;експлуатаційні дані 2017;exact_piketage_from_source;data.gov.ua / Укравтодор;набір техніко-експлуатаційного стану доріг;Дані щодо техніко-експлуатаційного стану автомобільних доріг державного значення;2017;https://data.gov.ua/dataset/beca8aa5-96a9-46be-ade7-f1b400213af5;;Категорія міститься безпосередньо у вихідній таблиці показників дороги.;high;original_source_geometry;координати вихідного набору 2017;Зчеплення_Р_вне_М_Н_Р_2017.xlsx | р-05 пр | rows 9-74;"Базовий загальноукраїнський шар; категорія може відрізнятися від пізніших реконструкцій.";False
BASE2017-00777;Рівненська;Р-05;Городище - Рівне - Старокостянтинів (через Сарни);державного значення;II;2;;66+000;68+000;66000;68000;2.0;експлуатаційні дані 2017;exact_piketage_from_source;data.gov.ua / Укравтодор;набір техніко-експлуатаційного стану доріг;Дані щодо техніко-експлуатаційного стану автомобільних доріг державного значення;2017;https://data.gov.ua/dataset/beca8aa5-96a9-46be-ade7-f1b400213af5;;Категорія міститься безпосередньо у вихідній таблиці показників дороги.;high;original_source_geometry;координати вихідного набору 2017;Зчеплення_Р_вне_М_Н_Р_2017.xlsx | р-05 пр | rows 75-76;"Базовий загальноукраїнський шар; категорія може відрізнятися від пізніших реконструкцій.";False
BASE2017-00778;Рівненська;Р-05;Городище - Рівне - Старокостянтинів (через Сарни);державного значення;III;3;;68+000;92+000;68000;92000;24.0;експлуатаційні дані 2017;exact_piketage_from_source;data.gov.ua / Укравтодор;набір техніко-експлуатаційного стану доріг;Дані щодо техніко-експлуатаційного стану автомобільних доріг державного значення;2017;https://data.gov.ua/dataset/beca8aa5-96a9-46be-ade7-f1b400213af5;;Категорія міститься безпосередньо у вихідній таблиці показників дороги.;high;original_source_geometry;координати вихідного набору 2017;Зчеплення_Р_вне_М_Н_Р_2017.xlsx | р-05 пр | rows 77-100;"Базовий загальноукраїнський шар; категорія може відрізнятися від пізніших реконструкцій.";False
BASE2017-00779;Рівненська;Р-05;Городище - Рівне - Старокостянтинів (через Сарни);державного значення;II;2;;92+000;100+000;92000;100000;8.0;експлуатаційні дані 2017;exact_piketage_from_source;data.gov.ua / Укравтодор;набір техніко-експлуатаційного стану доріг;Дані щодо техніко-експлуатаційного стану автомобільних доріг державного значення;2017;https://data.gov.ua/dataset/beca8aa5-96a9-46be-ade7-f1b400213af5;;Категорія міститься безпосередньо у вихідній таблиці показників дороги.;high;original_source_geometry;координати вихідного набору 2017;Зчеплення_Р_вне_М_Н_Р_2017.xlsx | р-05 пр | rows 101-108;"Базовий загальноукраїнський шар; категорія може відрізнятися від пізніших реконструкцій.";False
BASE2017-00780;Рівненська;Р-05;Городище - Рівне - Старокостянтинів (через Сарни);державного значення;III;3;;100+000;153+753;100000;153753;53.753;експлуатаційні дані 2017;exact_piketage_from_source;data.gov.ua / Укравтодор;набір техніко-експлуатаційного стану доріг;Дані щодо техніко-експлуатаційного стану автомобільних доріг державного значення;2017;https://data.gov.ua/dataset/beca8aa5-96a9-46be-ade7-f1b400213af5;;Категорія міститься безпосередньо у вихідній таблиці показників дороги.;high;original_source_geometry;координати вихідного набору 2017;Зчеплення_Р_вне_М_Н_Р_2017.xlsx | р-05 пр | rows 109-162;"Базовий загальноукраїнський шар; категорія може відрізнятися від пізніших реконструкцій.";False
BASE2017-00781;Рівненська;Р-05;Городище - Рівне - Старокостянтинів (через Сарни);державного значення;III;3;;165+367;208+792;165367;208792;43.425;експлуатаційні дані 2017;exact_piketage_from_source;data.gov.ua / Укравтодор;набір техніко-експлуатаційного стану доріг;Дані щодо техніко-експлуатаційного стану автомобільних доріг державного значення;2017;https://data.gov.ua/dataset/beca8aa5-96a9-46be-ade7-f1b400213af5;;Категорія міститься безпосередньо у вихідній таблиці показників дороги.;high;original_source_geometry;координати вихідного набору 2017;Зчеплення_Р_вне_М_Н_Р_2017.xlsx | р-05 пр | rows 163-206;"Базовий загальноукраїнський шар; категорія може відрізнятися від пізніших реконструкцій.";False
BASE2017-00782;Рівненська;Р-05 П1;Під'їзд до м. Рівне (північний);державного значення;II;2;;3+320;5+920;3320;5920;2.6;експлуатаційні дані 2017;exact_piketage_from_source;data.gov.ua / Укравтодор;набір техніко-експлуатаційного стану доріг;Дані щодо техніко-експлуатаційного стану автомобільних доріг державного значення;2017;https://data.gov.ua/dataset/beca8aa5-96a9-46be-ade7-f1b400213af5;;Категорія міститься безпосередньо у вихідній таблиці показників дороги.;high;original_source_geometry;координати вихідного набору 2017;Зчеплення_Р_вне_М_Н_Р_2017.xlsx | р-05 п1 пр | rows 9-11;"Базовий загальноукраїнський шар; категорія може відрізнятися від пізніших реконструкцій.";False
BASE2017-00783;Рівненська;Р-05 П2;Під'їзд до м. Рівне (південний);державного значення;II;2;;4+772;5+612;4772;5612;0.84;експлуатаційні дані 2017;exact_piketage_from_source;data.gov.ua / Укравтодор;набір техніко-експлуатаційного стану доріг;Дані щодо техніко-експлуатаційного стану автомобільних доріг державного значення;2017;https://data.gov.ua/dataset/beca8aa5-96a9-46be-ade7-f1b400213af5;;Категорія міститься безпосередньо у вихідній таблиці показників дороги.;high;original_source_geometry;координати вихідного набору 2017;Зчеплення_Р_вне_М_Н_Р_2017.xlsx | р-05 п2 пр | rows 9-10;"Базовий загальноукраїнський шар; категорія може відрізнятися від пізніших реконструкцій.";False
BASE2017-00784;Рівненська;Р-26;Острог - Кременець - Почаїв - Радилів;державного значення;II;2;;3+300;9+800;3300;9800;6.5;експлуатаційні дані 2017;exact_piketage_from_source;data.gov.ua / Укравтодор;набір техніко-експлуатаційного стану доріг;Дані щодо техніко-експлуатаційного стану автомобільних доріг державного значення;2017;https://data.gov.ua/dataset/beca8aa5-96a9-46be-ade7-f1b400213af5;;Категорія міститься безпосередньо у вихідній таблиці показників дороги.;high;original_source_geometry;координати вихідного набору 2017;Зчеплення_Р_вне_М_Н_Р_2017.xlsx | Р-26 пр | rows 9-15;"Базовий загальноукраїнський шар; категорія може відрізнятися від пізніших реконструкцій.";False
BASE2017-00785;Рівненська;Р-26;Острог - Кременець - Почаїв - Радилів;державного значення;IV;4;;111+766;111+776;111766;111776;0.01;експлуатаційні дані 2017;exact_piketage_from_source;data.gov.ua / Укравтодор;набір техніко-експлуатаційного стану доріг;Дані щодо техніко-експлуатаційного стану автомобільних доріг державного значення;2017;https://data.gov.ua/dataset/beca8aa5-96a9-46be-ade7-f1b400213af5;;Категорія міститься безпосередньо у вихідній таблиці показників дороги.;high;original_source_geometry;координати вихідного набору 2017;Зчеплення_Р_вне_М_Н_Р_2017.xlsx | Р-26 пр | rows 16-38;"Базовий загальноукраїнський шар; категорія може відрізнятися від пізніших реконструкцій.";False
BASE2017-00786;Рівненська;Р-26;Острог - Кременець - Почаїв - Радилів;державного значення;IV;4;;111+776;133+066;111776;133066;21.29;експлуатаційні дані 2017;exact_piketage_from_source;data.gov.ua / Укравтодор;набір техніко-експлуатаційного стану доріг;Дані щодо техніко-експлуатаційного стану автомобільних доріг державного значення;2017;https://data.gov.ua/dataset/beca8aa5-96a9-46be-ade7-f1b400213af5;;Категорія міститься безпосередньо у вихідній таблиці показників дороги.;high;original_source_geometry;координати вихідного набору 2017;Зчеплення_Р_вне_М_Н_Р_2017.xlsx | Р-26 пр | rows 16-38;"Базовий загальноукраїнський шар; категорія може відрізнятися від пізніших реконструкцій.";False
BASE2017-00787;Рівненська;Р-76;"КПП ""Прикладники"" - Зарічне - Радилів";державного значення;IV;4;;0+000;80+603;0;80603;80.603;експлуатаційні дані 2017;exact_piketage_from_source;data.gov.ua / Укравтодор;набір техніко-експлуатаційного стану доріг;Дані щодо техніко-експлуатаційного стану автомобільних доріг державного значення;2017;https://data.gov.ua/dataset/beca8aa5-96a9-46be-ade7-f1b400213af5;;Категорія міститься безпосередньо у вихідній таблиці показників дороги.;high;original_source_geometry;координати вихідного набору 2017;Зчеплення_Р_вне_М_Н_Р_2017.xlsx | Р-76 пр | rows 9-89;"Базовий загальноукраїнський шар; категорія може відрізнятися від пізніших реконструкцій.";False
BASE2017-00788;Рівненська;Р-77;Рівне - Тучин - Гоща - /Р-05/;державного значення;IV;4;;0+000;68+330;0;68330;68.33;експлуатаційні дані 2017;exact_piketage_from_source;data.gov.ua / Укравтодор;набір техніко-експлуатаційного стану доріг;Дані щодо техніко-експлуатаційного стану автомобільних доріг державного значення;2017;https://data.gov.ua/dataset/beca8aa5-96a9-46be-ade7-f1b400213af5;;Категорія міститься безпосередньо у вихідній таблиці показників дороги.;high;original_source_geometry;координати вихідного набору 2017;Зчеплення_Р_вне_М_Н_Р_2017.xlsx | Р-77 пр | rows 9-77;"Базовий загальноукраїнський шар; категорія може відрізнятися від пізніших реконструкцій.";False
BASE2017-00789;Сумська;М-02;Кіпті - Глухів - Бачівськ (на Брянськ);державного значення;I;1;;145+435;184+000;145435;184000;38.565;експлуатаційні дані 2017;exact_piketage_from_source;data.gov.ua / Укравтодор;набір техніко-експлуатаційного стану доріг;Дані щодо техніко-експлуатаційного стану автомобільних доріг державного значення;2017;https://data.gov.ua/dataset/beca8aa5-96a9-46be-ade7-f1b400213af5;;Категорія міститься безпосередньо у вихідній таблиці показників дороги.;high;original_source_geometry;координати вихідного набору 2017;Зчеплення_Суми_М_Н_2017.xlsx | М-02_пр | rows 9-47;"Базовий загальноукраїнський шар; категорія може відрізнятися від пізніших реконструкцій.";False
BASE2017-00790;Сумська;М-02;Кіпті - Глухів - Бачівськ (на Брянськ);державного значення;II;2;;184+000;243+078;184000;243078;59.078;експлуатаційні дані 2017;exact_piketage_from_source;data.gov.ua / Укравтодор;набір техніко-експлуатаційного стану доріг;Дані щодо техніко-експлуатаційного стану автомобільних доріг державного значення;2017;https://data.gov.ua/dataset/beca8aa5-96a9-46be-ade7-f1b400213af5;;Категорія міститься безпосередньо у вихідній таблиці показників дороги.;high;original_source_geometry;координати вихідного набору 2017;Зчеплення_Суми_М_Н_2017.xlsx | М-02_пр | rows 48-107;"Базовий загальноукраїнський шар; категорія може відрізнятися від пізніших реконструкцій.";False
BASE2017-00791;Сумська;Н-07;Київ - Суми - Юнаківка;державного значення;II;2;;208+341;224+114;208341;224114;15.773;експлуатаційні дані 2017;exact_piketage_from_source;data.gov.ua / Укравтодор;набір техніко-експлуатаційного стану доріг;Дані щодо техніко-експлуатаційного стану автомобільних доріг державного значення;2017;https://data.gov.ua/dataset/beca8aa5-96a9-46be-ade7-f1b400213af5;;Категорія міститься безпосередньо у вихідній таблиці показників дороги.;high;original_source_geometry;координати вихідного набору 2017;Зчеплення_Суми_М_Н_2017.xlsx | Н-07_пр | rows 9-25;"Базовий загальноукраїнський шар; категорія може відрізнятися від пізніших реконструкцій.";False
BASE2017-00792;Сумська;Н-07;Київ - Суми - Юнаківка;державного значення;II;2;;232+360;325+750;232360;325750;93.39;експлуатаційні дані 2017;exact_piketage_from_source;data.gov.ua / Укравтодор;набір техніко-експлуатаційного стану доріг;Дані щодо техніко-експлуатаційного стану автомобільних доріг державного значення;2017;https://data.gov.ua/dataset/beca8aa5-96a9-46be-ade7-f1b400213af5;;Категорія міститься безпосередньо у вихідній таблиці показників дороги.;high;original_source_geometry;координати вихідного набору 2017;Зчеплення_Суми_М_Н_2017.xlsx | Н-07_пр | rows 27-120;"Базовий загальноукраїнський шар; категорія може відрізнятися від пізніших реконструкцій.";False
BASE2017-00793;Сумська;Н-07;Київ - Суми - Юнаківка;державного значення;II;2;;336+182;342+000;336182;342000;5.818;експлуатаційні дані 2017;exact_piketage_from_source;data.gov.ua / Укравтодор;набір техніко-експлуатаційного стану доріг;Дані щодо техніко-експлуатаційного стану автомобільних доріг державного значення;2017;https://data.gov.ua/dataset/beca8aa5-96a9-46be-ade7-f1b400213af5;;Категорія міститься безпосередньо у вихідній таблиці показників дороги.;high;original_source_geometry;координати вихідного набору 2017;Зчеплення_Суми_М_Н_2017.xlsx | Н-07_пр | rows 122-127;"Базовий загальноукраїнський шар; категорія може відрізнятися від пізніших реконструкцій.";False
BASE2017-00794;Сумська;Н-07;Київ - Суми - Юнаківка;державного значення;III;3;;342+000;379+282;342000;379282;37.282;експлуатаційні дані 2017;exact_piketage_from_source;data.gov.ua / Укравтодор;набір техніко-експлуатаційного стану доріг;Дані щодо техніко-експлуатаційного стану автомобільних доріг державного значення;2017;https://data.gov.ua/dataset/beca8aa5-96a9-46be-ade7-f1b400213af5;;Категорія міститься безпосередньо у вихідній таблиці показників дороги.;high;original_source_geometry;координати вихідного набору 2017;Зчеплення_Суми_М_Н_2017.xlsx | Н-07_пр | rows 128-165;"Базовий загальноукраїнський шар; категорія може відрізнятися від пізніших реконструкцій.";False
BASE2017-00795;Сумська;Н-12;Суми - Полтава;державного значення;III;3;;11+300;50+000;11300;50000;38.7;експлуатаційні дані 2017;exact_piketage_from_source;data.gov.ua / Укравтодор;набір техніко-експлуатаційного стану доріг;Дані щодо техніко-експлуатаційного стану автомобільних доріг державного значення;2017;https://data.gov.ua/dataset/beca8aa5-96a9-46be-ade7-f1b400213af5;;Категорія міститься безпосередньо у вихідній таблиці показників дороги.;high;original_source_geometry;координати вихідного набору 2017;Зчеплення_Суми_М_Н_2017.xlsx | Н-12_пр | rows 9-47;"Базовий загальноукраїнський шар; категорія може відрізнятися від пізніших реконструкцій.";False
BASE2017-00796;Сумська;Н-12;Суми - Полтава;державного значення;II;2;;50+000;75+420;50000;75420;25.42;експлуатаційні дані 2017;exact_piketage_from_source;data.gov.ua / Укравтодор;набір техніко-експлуатаційного стану доріг;Дані щодо техніко-експлуатаційного стану автомобільних доріг державного значення;2017;https://data.gov.ua/dataset/beca8aa5-96a9-46be-ade7-f1b400213af5;;Категорія міститься безпосередньо у вихідній таблиці показників дороги.;high;original_source_geometry;координати вихідного набору 2017;Зчеплення_Суми_М_Н_2017.xlsx | Н-12_пр | rows 48-73;"Базовий загальноукраїнський шар; категорія може відрізнятися від пізніших реконструкцій.";False
BASE2017-00797;Сумська;Н-12;Суми - Полтава;державного значення;II;2;;82+220;83+120;82220;83120;0.9;експлуатаційні дані 2017;exact_piketage_from_source;data.gov.ua / Укравтодор;набір техніко-експлуатаційного стану доріг;Дані щодо техніко-експлуатаційного стану автомобільних доріг державного значення;2017;https://data.gov.ua/dataset/beca8aa5-96a9-46be-ade7-f1b400213af5;;Категорія міститься безпосередньо у вихідній таблиці показників дороги.;high;original_source_geometry;координати вихідного набору 2017;Зчеплення_Суми_М_Н_2017.xlsx | Н-12_пр | rows 75-76;"Базовий загальноукраїнський шар; категорія може відрізнятися від пізніших реконструкцій.";False
BASE2017-00798;Сумська;Н-12;Суми - Полтава;державного значення;II;2;;88+734;106+400;88734;106400;17.666;експлуатаційні дані 2017;exact_piketage_from_source;data.gov.ua / Укравтодор;набір техніко-експлуатаційного стану доріг;Дані щодо техніко-експлуатаційного стану автомобільних доріг державного значення;2017;https://data.gov.ua/dataset/beca8aa5-96a9-46be-ade7-f1b400213af5;;Категорія міститься безпосередньо у вихідній таблиці показників дороги.;high;original_source_geometry;координати вихідного набору 2017;Зчеплення_Суми_М_Н_2017.xlsx | Н-12_пр | rows 78-96;"Базовий загальноукраїнський шар; категорія може відрізнятися від пізніших реконструкцій.";False
BASE2017-00799;Сумська;Н-12;Обхід м. Суми;державного значення;I;1;;0+000;2+000;0;2000;2.0;експлуатаційні дані 2017;exact_piketage_from_source;data.gov.ua / Укравтодор;набір техніко-експлуатаційного стану доріг;Дані щодо техніко-експлуатаційного стану автомобільних доріг державного значення;2017;https://data.gov.ua/dataset/beca8aa5-96a9-46be-ade7-f1b400213af5;;Категорія міститься безпосередньо у вихідній таблиці показників дороги.;high;original_source_geometry;координати вихідного набору 2017;Зчеплення_Суми_М_Н_2017.xlsx | Н-12 О_пр | rows 9-10;"Базовий загальноукраїнський шар; категорія може відрізнятися від пізніших реконструкцій.";False
BASE2017-00800;Сумська;Н-12;Обхід м. Суми;державного значення;III;3;;2+000;10+000;2000;10000;8.0;експлуатаційні дані 2017;exact_piketage_from_source;data.gov.ua / Укравтодор;набір техніко-експлуатаційного стану доріг;Дані щодо техніко-експлуатаційного стану автомобільних доріг державного значення;2017;https://data.gov.ua/dataset/beca8aa5-96a9-46be-ade7-f1b400213af5;;Категорія міститься безпосередньо у вихідній таблиці показників дороги.;high;original_source_geometry;координати вихідного набору 2017;Зчеплення_Суми_М_Н_2017.xlsx | Н-12 О_пр | rows 11-18;"Базовий загальноукраїнський шар; категорія може відрізнятися від пізніших реконструкцій.";False
BASE2017-00801;Сумська;Н-12;Обхід м. Суми;державного значення;I;1;;10+000;11+000;10000;11000;1.0;експлуатаційні дані 2017;exact_piketage_from_source;data.gov.ua / Укравтодор;набір техніко-експлуатаційного стану доріг;Дані щодо техніко-експлуатаційного стану автомобільних доріг державного значення;2017;https://data.gov.ua/dataset/beca8aa5-96a9-46be-ade7-f1b400213af5;;Категорія міститься безпосередньо у вихідній таблиці показників дороги.;high;original_source_geometry;координати вихідного набору 2017;Зчеплення_Суми_М_Н_2017.xlsx | Н-12 О_пр | rows 19-19;"Базовий загальноукраїнський шар; категорія може відрізнятися від пізніших реконструкцій.";False
BASE2017-00802;Сумська;Н-12;Обхід м. Суми;державного значення;III;3;;11+000;11+300;11000;11300;0.3;експлуатаційні дані 2017;exact_piketage_from_source;data.gov.ua / Укравтодор;набір техніко-експлуатаційного стану доріг;Дані щодо техніко-експлуатаційного стану автомобільних доріг державного значення;2017;https://data.gov.ua/dataset/beca8aa5-96a9-46be-ade7-f1b400213af5;;Категорія міститься безпосередньо у вихідній таблиці показників дороги.;high;original_source_geometry;координати вихідного набору 2017;Зчеплення_Суми_М_Н_2017.xlsx | Н-12 О_пр | rows 20-27;"Базовий загальноукраїнський шар; категорія може відрізнятися від пізніших реконструкцій.";False
BASE2017-00803;Сумська;Н-12;Обхід м. Суми;державного значення;III;3;;11+300;18+768;11300;18768;7.468;експлуатаційні дані 2017;exact_piketage_from_source;data.gov.ua / Укравтодор;набір техніко-експлуатаційного стану доріг;Дані щодо техніко-експлуатаційного стану автомобільних доріг державного значення;2017;https://data.gov.ua/dataset/beca8aa5-96a9-46be-ade7-f1b400213af5;;Категорія міститься безпосередньо у вихідній таблиці показників дороги.;high;original_source_geometry;координати вихідного набору 2017;Зчеплення_Суми_М_Н_2017.xlsx | Н-12 О_пр | rows 20-27;"Базовий загальноукраїнський шар; категорія може відрізнятися від пізніших реконструкцій.";False
BASE2017-00804;Сумська;Р-44;Суми - Путивль - Глухів;державного значення;II;2;;6+880;137+858;6880;137858;130.978;експлуатаційні дані 2017;exact_piketage_from_source;data.gov.ua / Укравтодор;набір техніко-експлуатаційного стану доріг;Дані щодо техніко-експлуатаційного стану автомобільних доріг державного значення;2017;https://data.gov.ua/dataset/beca8aa5-96a9-46be-ade7-f1b400213af5;;Категорія міститься безпосередньо у вихідній таблиці показників дороги.;high;original_source_geometry;координати вихідного набору 2017;Зчеплення_Суми_Р_2017.xlsx | Р-44_пр | rows 9-140;"Базовий загальноукраїнський шар; категорія може відрізнятися від пізніших реконструкцій.";False
BASE2017-00805;Сумська;Р-45;Суми - Краснопілля - Богодухів;державного значення;IV;4;;16+937;41+000;16937;41000;24.063;експлуатаційні дані 2017;exact_piketage_from_source;data.gov.ua / Укравтодор;набір техніко-експлуатаційного стану доріг;Дані щодо техніко-експлуатаційного стану автомобільних доріг державного значення;2017;https://data.gov.ua/dataset/beca8aa5-96a9-46be-ade7-f1b400213af5;;Категорія міститься безпосередньо у вихідній таблиці показників дороги.;high;original_source_geometry;координати вихідного набору 2017;Зчеплення_Суми_Р_2017.xlsx | Р-45_пр | rows 9-33;"Базовий загальноукраїнський шар; категорія може відрізнятися від пізніших реконструкцій.";False
BASE2017-00806;Сумська;Р-45;Суми - Краснопілля - Богодухів;державного значення;III;3;;41+000;45+000;41000;45000;4.0;експлуатаційні дані 2017;exact_piketage_from_source;data.gov.ua / Укравтодор;набір техніко-експлуатаційного стану доріг;Дані щодо техніко-експлуатаційного стану автомобільних доріг державного значення;2017;https://data.gov.ua/dataset/beca8aa5-96a9-46be-ade7-f1b400213af5;;Категорія міститься безпосередньо у вихідній таблиці показників дороги.;high;original_source_geometry;координати вихідного набору 2017;Зчеплення_Суми_Р_2017.xlsx | Р-45_пр | rows 34-37;"Базовий загальноукраїнський шар; категорія може відрізнятися від пізніших реконструкцій.";False
BASE2017-00807;Сумська;Р-45;Суми - Краснопілля - Богодухів;державного значення;II;2;;45+000;107+105;45000;107105;62.105;експлуатаційні дані 2017;exact_piketage_from_source;data.gov.ua / Укравтодор;набір техніко-експлуатаційного стану доріг;Дані щодо техніко-експлуатаційного стану автомобільних доріг державного значення;2017;https://data.gov.ua/dataset/beca8aa5-96a9-46be-ade7-f1b400213af5;;Категорія міститься безпосередньо у вихідній таблиці показників дороги.;high;original_source_geometry;координати вихідного набору 2017;Зчеплення_Суми_Р_2017.xlsx | Р-45_пр | rows 38-100;"Базовий загальноукраїнський шар; категорія може відрізнятися від пізніших реконструкцій.";False
BASE2017-00808;Сумська;Р-46;Харків - Охтирка;державного значення;II;2;;89+304;100+000;89304;100000;10.696;експлуатаційні дані 2017;exact_piketage_from_source;data.gov.ua / Укравтодор;набір техніко-експлуатаційного стану доріг;Дані щодо техніко-експлуатаційного стану автомобільних доріг державного значення;2017;https://data.gov.ua/dataset/beca8aa5-96a9-46be-ade7-f1b400213af5;;Категорія міститься безпосередньо у вихідній таблиці показників дороги.;high;original_source_geometry;координати вихідного набору 2017;Зчеплення_Суми_Р_2017.xlsx | Р-46_пр | rows 9-19;"Базовий загальноукраїнський шар; категорія може відрізнятися від пізніших реконструкцій.";False
BASE2017-00809;Сумська;Р-46;Харків - Охтирка;державного значення;III;3;;100+000;110+000;100000;110000;10.0;експлуатаційні дані 2017;exact_piketage_from_source;data.gov.ua / Укравтодор;набір техніко-експлуатаційного стану доріг;Дані щодо техніко-експлуатаційного стану автомобільних доріг державного значення;2017;https://data.gov.ua/dataset/beca8aa5-96a9-46be-ade7-f1b400213af5;;Категорія міститься безпосередньо у вихідній таблиці показників дороги.;high;original_source_geometry;координати вихідного набору 2017;Зчеплення_Суми_Р_2017.xlsx | Р-46_пр | rows 20-29;"Базовий загальноукраїнський шар; категорія може відрізнятися від пізніших реконструкцій.";False
BASE2017-00810;Сумська;Р-46;Харків - Охтирка;державного значення;II;2;;110+000;111+429;110000;111429;1.429;експлуатаційні дані 2017;exact_piketage_from_source;data.gov.ua / Укравтодор;набір техніко-експлуатаційного стану доріг;Дані щодо техніко-експлуатаційного стану автомобільних доріг державного значення;2017;https://data.gov.ua/dataset/beca8aa5-96a9-46be-ade7-f1b400213af5;;Категорія міститься безпосередньо у вихідній таблиці показників дороги.;high;original_source_geometry;координати вихідного набору 2017;Зчеплення_Суми_Р_2017.xlsx | Р-46_пр | rows 30-31;"Базовий загальноукраїнський шар; категорія може відрізнятися від пізніших реконструкцій.";False
BASE2017-00811;Сумська;Р-60;Кролевець - Конотоп - Ромни - Пирятин;державного значення;III;3;;0+000;29+000;0;29000;29.0;експлуатаційні дані 2017;exact_piketage_from_source;data.gov.ua / Укравтодор;набір техніко-експлуатаційного стану доріг;Дані щодо техніко-експлуатаційного стану автомобільних доріг державного значення;2017;https://data.gov.ua/dataset/beca8aa5-96a9-46be-ade7-f1b400213af5;;Категорія міститься безпосередньо у вихідній таблиці показників дороги.;high;original_source_geometry;координати вихідного набору 2017;Зчеплення_Суми_Р_2017.xlsx | Р-60_пр | rows 9-37;"Базовий загальноукраїнський шар; категорія може відрізнятися від пізніших реконструкцій.";False
BASE2017-00812;Сумська;Р-60;Кролевець - Конотоп - Ромни - Пирятин;державного значення;II;2;;29+000;58+409;29000;58409;29.409;експлуатаційні дані 2017;exact_piketage_from_source;data.gov.ua / Укравтодор;набір техніко-експлуатаційного стану доріг;Дані щодо техніко-експлуатаційного стану автомобільних доріг державного значення;2017;https://data.gov.ua/dataset/beca8aa5-96a9-46be-ade7-f1b400213af5;;Категорія міститься безпосередньо у вихідній таблиці показників дороги.;high;original_source_geometry;координати вихідного набору 2017;Зчеплення_Суми_Р_2017.xlsx | Р-60_пр | rows 38-67;"Базовий загальноукраїнський шар; категорія може відрізнятися від пізніших реконструкцій.";False
BASE2017-00813;Сумська;Р-60;Кролевець - Конотоп - Ромни - Пирятин;державного значення;II;2;;60+571;108+000;60571;108000;47.429;експлуатаційні дані 2017;exact_piketage_from_source;data.gov.ua / Укравтодор;набір техніко-експлуатаційного стану доріг;Дані щодо техніко-експлуатаційного стану автомобільних доріг державного значення;2017;https://data.gov.ua/dataset/beca8aa5-96a9-46be-ade7-f1b400213af5;;Категорія міститься безпосередньо у вихідній таблиці показників дороги.;high;original_source_geometry;координати вихідного набору 2017;Зчеплення_Суми_Р_2017.xlsx | Р-60_пр | rows 69-116;"Базовий загальноукраїнський шар; категорія може відрізнятися від пізніших реконструкцій.";False
BASE2017-00814;Сумська;Р-60;Кролевець - Конотоп - Ромни - Пирятин;державного значення;III;3;;108+000;116+618;108000;116618;8.618;експлуатаційні дані 2017;exact_piketage_from_source;data.gov.ua / Укравтодор;набір техніко-експлуатаційного стану доріг;Дані щодо техніко-експлуатаційного стану автомобільних доріг державного значення;2017;https://data.gov.ua/dataset/beca8aa5-96a9-46be-ade7-f1b400213af5;;Категорія міститься безпосередньо у вихідній таблиці показників дороги.;high;original_source_geometry;координати вихідного набору 2017;Зчеплення_Суми_Р_2017.xlsx | Р-60_пр | rows 117-125;"Базовий загальноукраїнський шар; категорія може відрізнятися від пізніших реконструкцій.";False
BASE2017-00815;Сумська;Р-60;Кролевець - Конотоп - Ромни - Пирятин;державного значення;III;3;;129+243;154+901;129243;154901;25.658;експлуатаційні дані 2017;exact_piketage_from_source;data.gov.ua / Укравтодор;набір техніко-експлуатаційного стану доріг;Дані щодо техніко-експлуатаційного стану автомобільних доріг державного значення;2017;https://data.gov.ua/dataset/beca8aa5-96a9-46be-ade7-f1b400213af5;;Категорія міститься безпосередньо у вихідній таблиці показників дороги.;high;original_source_geometry;координати вихідного набору 2017;Зчеплення_Суми_Р_2017.xlsx | Р-60_пр | rows 127-152;"Базовий загальноукраїнський шар; категорія може відрізнятися від пізніших реконструкцій.";False
BASE2017-00816;Сумська;Р-61;Батурин - Конотоп - Суми;державного значення;II;2;;18+820;28+366;18820;28366;9.546;експлуатаційні дані 2017;exact_piketage_from_source;data.gov.ua / Укравтодор;набір техніко-експлуатаційного стану доріг;Дані щодо техніко-експлуатаційного стану автомобільних доріг державного значення;2017;https://data.gov.ua/dataset/beca8aa5-96a9-46be-ade7-f1b400213af5;;Категорія міститься безпосередньо у вихідній таблиці показників дороги.;high;original_source_geometry;координати вихідного набору 2017;Зчеплення_Суми_Р_2017.xlsx | Р-61_пр | rows 9-19;"Базовий загальноукраїнський шар; категорія може відрізнятися від пізніших реконструкцій.";False
BASE2017-00817;Сумська;Р-61;Батурин - Конотоп - Суми;державного значення;II;2;;36+417;154+254;36417;154254;117.837;експлуатаційні дані 2017;exact_piketage_from_source;data.gov.ua / Укравтодор;набір техніко-експлуатаційного стану доріг;Дані щодо техніко-експлуатаційного стану автомобільних доріг державного значення;2017;https://data.gov.ua/dataset/beca8aa5-96a9-46be-ade7-f1b400213af5;;Категорія міститься безпосередньо у вихідній таблиці показників дороги.;high;original_source_geometry;координати вихідного набору 2017;Зчеплення_Суми_Р_2017.xlsx | Р-61_пр | rows 21-139;"Базовий загальноукраїнський шар; категорія може відрізнятися від пізніших реконструкцій.";False
BASE2017-00818;Сумська;Р-65;"КПП ""Миколаївка"" - Семенівка - Новгород-Сіверський - Глухів - КПП ""Катеринівка""";державного значення;II;2;;80+698;94+156;80698;94156;13.458;експлуатаційні дані 2017;exact_piketage_from_source;data.gov.ua / Укравтодор;набір техніко-експлуатаційного стану доріг;Дані щодо техніко-експлуатаційного стану автомобільних доріг державного значення;2017;https://data.gov.ua/dataset/beca8aa5-96a9-46be-ade7-f1b400213af5;;Категорія міститься безпосередньо у вихідній таблиці показників дороги.;high;original_source_geometry;координати вихідного набору 2017;Зчеплення_Суми_Р_2017.xlsx | Р-65_пр | rows 9-23;"Базовий загальноукраїнський шар; категорія може відрізнятися від пізніших реконструкцій.";False
BASE2017-00819;Сумська;Р-65;"КПП ""Миколаївка"" - Семенівка - Новгород-Сіверський - Глухів - КПП ""Катеринівка""";державного значення;II;2;;104+156;134+863;104156;134863;30.707;експлуатаційні дані 2017;exact_piketage_from_source;data.gov.ua / Укравтодор;набір техніко-експлуатаційного стану доріг;Дані щодо техніко-експлуатаційного стану автомобільних доріг державного значення;2017;https://data.gov.ua/dataset/beca8aa5-96a9-46be-ade7-f1b400213af5;;Категорія міститься безпосередньо у вихідній таблиці показників дороги.;high;original_source_geometry;координати вихідного набору 2017;Зчеплення_Суми_Р_2017.xlsx | Р-65_пр | rows 25-55;"Базовий загальноукраїнський шар; категорія може відрізнятися від пізніших реконструкцій.";False
BASE2017-00820;Сумська;Р-65;"КПП ""Миколаївка"" - Семенівка - Новгород-Сіверський - Глухів - КПП ""Катеринівка""";державного значення;II;2;;142+016;154+477;142016;154477;12.461;експлуатаційні дані 2017;exact_piketage_from_source;data.gov.ua / Укравтодор;набір техніко-експлуатаційного стану доріг;Дані щодо техніко-експлуатаційного стану автомобільних доріг державного значення;2017;https://data.gov.ua/dataset/beca8aa5-96a9-46be-ade7-f1b400213af5;;Категорія міститься безпосередньо у вихідній таблиці показників дороги.;high;original_source_geometry;координати вихідного набору 2017;Зчеплення_Суми_Р_2017.xlsx | Р-65_пр | rows 57-69;"Базовий загальноукраїнський шар; категорія може відрізнятися від пізніших реконструкцій.";False
BASE2017-00821;Тернопільська;М-12;Стрий - Тернопіль - Кіровоград - Знам'янка (через Вінницю);державного значення;II;2;;77+319;100+000;77319;100000;22.681;експлуатаційні дані 2017;exact_piketage_from_source;data.gov.ua / Укравтодор;набір техніко-експлуатаційного стану доріг;Дані щодо техніко-експлуатаційного стану автомобільних доріг державного значення;2017;https://data.gov.ua/dataset/beca8aa5-96a9-46be-ade7-f1b400213af5;;Категорія міститься безпосередньо у вихідній таблиці показників дороги.;high;original_source_geometry;координати вихідного набору 2017;Зчеплення_Терноп_ль_М_Н_Р_2017.xlsx | м-12_пр | rows 9-31;"Базовий загальноукраїнський шар; категорія може відрізнятися від пізніших реконструкцій.";False
BASE2017-00822;Тернопільська;М-12;Стрий - Тернопіль - Кіровоград - Знам'янка (через Вінницю);державного значення;III;3;;100+000;144+857;100000;144857;44.857;експлуатаційні дані 2017;exact_piketage_from_source;data.gov.ua / Укравтодор;набір техніко-експлуатаційного стану доріг;Дані щодо техніко-експлуатаційного стану автомобільних доріг державного значення;2017;https://data.gov.ua/dataset/beca8aa5-96a9-46be-ade7-f1b400213af5;;Категорія міститься безпосередньо у вихідній таблиці показників дороги.;high;original_source_geometry;координати вихідного набору 2017;Зчеплення_Терноп_ль_М_Н_Р_2017.xlsx | м-12_пр | rows 32-76;"Базовий загальноукраїнський шар; категорія може відрізнятися від пізніших реконструкцій.";False
BASE2017-00823;Тернопільська;М-12;Стрий - Тернопіль - Кіровоград - Знам'янка (через Вінницю);державного значення;III;3;;153+432;192+324;153432;192324;38.892;експлуатаційні дані 2017;exact_piketage_from_source;data.gov.ua / Укравтодор;набір техніко-експлуатаційного стану доріг;Дані щодо техніко-експлуатаційного стану автомобільних доріг державного значення;2017;https://data.gov.ua/dataset/beca8aa5-96a9-46be-ade7-f1b400213af5;;Категорія міститься безпосередньо у вихідній таблиці показників дороги.;high;original_source_geometry;координати вихідного набору 2017;Зчеплення_Терноп_ль_М_Н_Р_2017.xlsx | м-12_пр | rows 77-116;"Базовий загальноукраїнський шар; категорія може відрізнятися від пізніших реконструкцій.";False
BASE2017-00824;Тернопільська;М-19;Доманове (на Брест - Ковель - Чернівці - Тереблече (на Бухарест);державного значення;II;2;;239+322;319+382;239322;319382;80.06;експлуатаційні дані 2017;exact_piketage_from_source;data.gov.ua / Укравтодор;набір техніко-експлуатаційного стану доріг;Дані щодо техніко-експлуатаційного стану автомобільних доріг державного значення;2017;https://data.gov.ua/dataset/beca8aa5-96a9-46be-ade7-f1b400213af5;;Категорія міститься безпосередньо у вихідній таблиці показників дороги.;high;original_source_geometry;координати вихідного набору 2017;Зчеплення_Терноп_ль_М_Н_Р_2017.xlsx | М-19_пр | rows 9-89;"Базовий загальноукраїнський шар; категорія може відрізнятися від пізніших реконструкцій.";False
BASE2017-00825;Тернопільська;М-19;Доманове (на Брест - Ковель - Чернівці - Тереблече (на Бухарест);державного значення;II;2;;328+632;447+582;328632;447582;118.95;експлуатаційні дані 2017;exact_piketage_from_source;data.gov.ua / Укравтодор;набір техніко-експлуатаційного стану доріг;Дані щодо техніко-експлуатаційного стану автомобільних доріг державного значення;2017;https://data.gov.ua/dataset/beca8aa5-96a9-46be-ade7-f1b400213af5;;Категорія міститься безпосередньо у вихідній таблиці показників дороги.;high;original_source_geometry;координати вихідного набору 2017;Зчеплення_Терноп_ль_М_Н_Р_2017.xlsx | М-19_пр | rows 90-209;"Базовий загальноукраїнський шар; категорія може відрізнятися від пізніших реконструкцій.";False
BASE2017-00826;Тернопільська;Н-02;Львів - Тернопіль;державного значення;II;2;;84+073;123+150;84073;123150;39.077;експлуатаційні дані 2017;exact_piketage_from_source;data.gov.ua / Укравтодор;набір техніко-експлуатаційного стану доріг;Дані щодо техніко-експлуатаційного стану автомобільних доріг державного значення;2017;https://data.gov.ua/dataset/beca8aa5-96a9-46be-ade7-f1b400213af5;;Категорія міститься безпосередньо у вихідній таблиці показників дороги.;high;original_source_geometry;координати вихідного набору 2017;Зчеплення_Терноп_ль_М_Н_Р_2017.xlsx | Н-02_пр | rows 9-48;"Базовий загальноукраїнський шар; категорія може відрізнятися від пізніших реконструкцій.";False
BASE2017-00827;Тернопільська;Н-18;Івано-Франківськ - Бучач - Тернопіль (обхід м. Бучач);державного значення;I;1;;33+266;47+000;33266;47000;13.734;експлуатаційні дані 2017;exact_piketage_from_source;data.gov.ua / Укравтодор;набір техніко-експлуатаційного стану доріг;Дані щодо техніко-експлуатаційного стану автомобільних доріг державного значення;2017;https://data.gov.ua/dataset/beca8aa5-96a9-46be-ade7-f1b400213af5;;Категорія міститься безпосередньо у вихідній таблиці показників дороги.;high;original_source_geometry;координати вихідного набору 2017;Зчеплення_Терноп_ль_М_Н_Р_2017.xlsx | н-18_пр | rows 9-22;"Базовий загальноукраїнський шар; категорія може відрізнятися від пізніших реконструкцій.";False
BASE2017-00828;Тернопільська;Н-18;Івано-Франківськ - Бучач - Тернопіль (обхід м. Бучач);державного значення;II;2;;47+000;100+000;47000;100000;53.0;експлуатаційні дані 2017;exact_piketage_from_source;data.gov.ua / Укравтодор;набір техніко-експлуатаційного стану доріг;Дані щодо техніко-експлуатаційного стану автомобільних доріг державного значення;2017;https://data.gov.ua/dataset/beca8aa5-96a9-46be-ade7-f1b400213af5;;Категорія міститься безпосередньо у вихідній таблиці показників дороги.;high;original_source_geometry;координати вихідного набору 2017;Зчеплення_Терноп_ль_М_Н_Р_2017.xlsx | н-18_пр | rows 23-75;"Базовий загальноукраїнський шар; категорія може відрізнятися від пізніших реконструкцій.";False
BASE2017-00829;Тернопільська;Н-18;Івано-Франківськ - Бучач - Тернопіль (обхід м. Бучач);державного значення;I;1;;100+000;106+882;100000;106882;6.882;експлуатаційні дані 2017;exact_piketage_from_source;data.gov.ua / Укравтодор;набір техніко-експлуатаційного стану доріг;Дані щодо техніко-експлуатаційного стану автомобільних доріг державного значення;2017;https://data.gov.ua/dataset/beca8aa5-96a9-46be-ade7-f1b400213af5;;Категорія міститься безпосередньо у вихідній таблиці показників дороги.;high;original_source_geometry;координати вихідного набору 2017;Зчеплення_Терноп_ль_М_Н_Р_2017.xlsx | н-18_пр | rows 76-82;"Базовий загальноукраїнський шар; категорія може відрізнятися від пізніших реконструкцій.";False
BASE2017-00830;Тернопільська;Р-24;Татарів - Косів - Коломия - Борщів - Кам'янець-Подільський;державного значення;III;3;;177+894;186+716;177894;186716;8.822;експлуатаційні дані 2017;exact_piketage_from_source;data.gov.ua / Укравтодор;набір техніко-експлуатаційного стану доріг;Дані щодо техніко-експлуатаційного стану автомобільних доріг державного значення;2017;https://data.gov.ua/dataset/beca8aa5-96a9-46be-ade7-f1b400213af5;;Категорія міститься безпосередньо у вихідній таблиці показників дороги.;high;original_source_geometry;координати вихідного набору 2017;Зчеплення_Терноп_ль_М_Н_Р_2017.xlsx | р-24_пр | rows 9-18;"Базовий загальноукраїнський шар; категорія може відрізнятися від пізніших реконструкцій.";False
BASE2017-00831;Тернопільська;Р-24;Татарів - Косів - Коломия - Борщів - Кам'янець-Подільський;державного значення;III;3;;193+852;218+650;193852;218650;24.798;експлуатаційні дані 2017;exact_piketage_from_source;data.gov.ua / Укравтодор;набір техніко-експлуатаційного стану доріг;Дані щодо техніко-експлуатаційного стану автомобільних доріг державного значення;2017;https://data.gov.ua/dataset/beca8aa5-96a9-46be-ade7-f1b400213af5;;Категорія міститься безпосередньо у вихідній таблиці показників дороги.;high;original_source_geometry;координати вихідного набору 2017;Зчеплення_Терноп_ль_М_Н_Р_2017.xlsx | р-24_пр | rows 19-44;"Базовий загальноукраїнський шар; категорія може відрізнятися від пізніших реконструкцій.";False
BASE2017-00832;Тернопільська;Р-24;Татарів - Косів - Коломия - Борщів - Кам'янець-Подільський;державного значення;III;3;;219+108;236+598;219108;236598;17.49;експлуатаційні дані 2017;exact_piketage_from_source;data.gov.ua / Укравтодор;набір техніко-експлуатаційного стану доріг;Дані щодо техніко-експлуатаційного стану автомобільних доріг державного значення;2017;https://data.gov.ua/dataset/beca8aa5-96a9-46be-ade7-f1b400213af5;;Категорія міститься безпосередньо у вихідній таблиці показників дороги.;high;original_source_geometry;координати вихідного набору 2017;Зчеплення_Терноп_ль_М_Н_Р_2017.xlsx | р-24_пр | rows 45-62;"Базовий загальноукраїнський шар; категорія може відрізнятися від пізніших реконструкцій.";False
BASE2017-00833;Тернопільська;Р-26;Острог - Кременець - Почаїв - Радивилів;державного значення;II;2;;32+800;75+860;32800;75860;43.06;експлуатаційні дані 2017;exact_piketage_from_source;data.gov.ua / Укравтодор;набір техніко-експлуатаційного стану доріг;Дані щодо техніко-експлуатаційного стану автомобільних доріг державного значення;2017;https://data.gov.ua/dataset/beca8aa5-96a9-46be-ade7-f1b400213af5;;Категорія міститься безпосередньо у вихідній таблиці показників дороги.;high;original_source_geometry;координати вихідного набору 2017;Зчеплення_Терноп_ль_М_Н_Р_2017.xlsx | р-26_пр | rows 9-52;"Базовий загальноукраїнський шар; категорія може відрізнятися від пізніших реконструкцій.";False
BASE2017-00834;Тернопільська;Р-26;Острог - Кременець - Почаїв - Радивилів;державного значення;II;2;;84+540;100+000;84540;100000;15.46;експлуатаційні дані 2017;exact_piketage_from_source;data.gov.ua / Укравтодор;набір техніко-експлуатаційного стану доріг;Дані щодо техніко-експлуатаційного стану автомобільних доріг державного значення;2017;https://data.gov.ua/dataset/beca8aa5-96a9-46be-ade7-f1b400213af5;;Категорія міститься безпосередньо у вихідній таблиці показників дороги.;high;original_source_geometry;координати вихідного набору 2017;Зчеплення_Терноп_ль_М_Н_Р_2017.xlsx | р-26_пр | rows 53-68;"Базовий загальноукраїнський шар; категорія може відрізнятися від пізніших реконструкцій.";False
BASE2017-00835;Тернопільська;Р-26;Острог - Кременець - Почаїв - Радивилів;державного значення;IV;4;;100+000;111+766;100000;111766;11.766;експлуатаційні дані 2017;exact_piketage_from_source;data.gov.ua / Укравтодор;набір техніко-експлуатаційного стану доріг;Дані щодо техніко-експлуатаційного стану автомобільних доріг державного значення;2017;https://data.gov.ua/dataset/beca8aa5-96a9-46be-ade7-f1b400213af5;;Категорія міститься безпосередньо у вихідній таблиці показників дороги.;high;original_source_geometry;координати вихідного набору 2017;Зчеплення_Терноп_ль_М_Н_Р_2017.xlsx | р-26_пр | rows 69-80;"Базовий загальноукраїнський шар; категорія може відрізнятися від пізніших реконструкцій.";False
BASE2017-00836;Тернопільська;Р-32;Кременець - Біла Церква - Ржищів;державного значення;III;3;;0+000;2+000;0;2000;2.0;експлуатаційні дані 2017;exact_piketage_from_source;data.gov.ua / Укравтодор;набір техніко-експлуатаційного стану доріг;Дані щодо техніко-експлуатаційного стану автомобільних доріг державного значення;2017;https://data.gov.ua/dataset/beca8aa5-96a9-46be-ade7-f1b400213af5;;Категорія міститься безпосередньо у вихідній таблиці показників дороги.;high;original_source_geometry;координати вихідного набору 2017;Зчеплення_Терноп_ль_М_Н_Р_2017.xlsx | р-32_пр | rows 9-10;"Базовий загальноукраїнський шар; категорія може відрізнятися від пізніших реконструкцій.";False
BASE2017-00837;Тернопільська;Р-32;Кременець - Біла Церква - Ржищів;державного значення;II;2;;2+000;10+000;2000;10000;8.0;експлуатаційні дані 2017;exact_piketage_from_source;data.gov.ua / Укравтодор;набір техніко-експлуатаційного стану доріг;Дані щодо техніко-експлуатаційного стану автомобільних доріг державного значення;2017;https://data.gov.ua/dataset/beca8aa5-96a9-46be-ade7-f1b400213af5;;Категорія міститься безпосередньо у вихідній таблиці показників дороги.;high;original_source_geometry;координати вихідного набору 2017;Зчеплення_Терноп_ль_М_Н_Р_2017.xlsx | р-32_пр | rows 11-18;"Базовий загальноукраїнський шар; категорія може відрізнятися від пізніших реконструкцій.";False
BASE2017-00838;Тернопільська;Р-32;Кременець - Біла Церква - Ржищів;державного значення;III;3;;10+000;19+000;10000;19000;9.0;експлуатаційні дані 2017;exact_piketage_from_source;data.gov.ua / Укравтодор;набір техніко-експлуатаційного стану доріг;Дані щодо техніко-експлуатаційного стану автомобільних доріг державного значення;2017;https://data.gov.ua/dataset/beca8aa5-96a9-46be-ade7-f1b400213af5;;Категорія міститься безпосередньо у вихідній таблиці показників дороги.;high;original_source_geometry;координати вихідного набору 2017;Зчеплення_Терноп_ль_М_Н_Р_2017.xlsx | р-32_пр | rows 19-27;"Базовий загальноукраїнський шар; категорія може відрізнятися від пізніших реконструкцій.";False
BASE2017-00839;Тернопільська;Р-32;Кременець - Біла Церква - Ржищів;державного значення;II;2;;19+000;21+000;19000;21000;2.0;експлуатаційні дані 2017;exact_piketage_from_source;data.gov.ua / Укравтодор;набір техніко-експлуатаційного стану доріг;Дані щодо техніко-експлуатаційного стану автомобільних доріг державного значення;2017;https://data.gov.ua/dataset/beca8aa5-96a9-46be-ade7-f1b400213af5;;Категорія міститься безпосередньо у вихідній таблиці показників дороги.;high;original_source_geometry;координати вихідного набору 2017;Зчеплення_Терноп_ль_М_Н_Р_2017.xlsx | р-32_пр | rows 28-29;"Базовий загальноукраїнський шар; категорія може відрізнятися від пізніших реконструкцій.";False
BASE2017-00840;Тернопільська;Р-32;Кременець - Біла Церква - Ржищів;державного значення;III;3;;21+000;23+000;21000;23000;2.0;експлуатаційні дані 2017;exact_piketage_from_source;data.gov.ua / Укравтодор;набір техніко-експлуатаційного стану доріг;Дані щодо техніко-експлуатаційного стану автомобільних доріг державного значення;2017;https://data.gov.ua/dataset/beca8aa5-96a9-46be-ade7-f1b400213af5;;Категорія міститься безпосередньо у вихідній таблиці показників дороги.;high;original_source_geometry;координати вихідного набору 2017;Зчеплення_Терноп_ль_М_Н_Р_2017.xlsx | р-32_пр | rows 30-31;"Базовий загальноукраїнський шар; категорія може відрізнятися від пізніших реконструкцій.";False
BASE2017-00841;Тернопільська;Р-32;Кременець - Біла Церква - Ржищів;державного значення;II;2;;23+000;28+000;23000;28000;5.0;експлуатаційні дані 2017;exact_piketage_from_source;data.gov.ua / Укравтодор;набір техніко-експлуатаційного стану доріг;Дані щодо техніко-експлуатаційного стану автомобільних доріг державного значення;2017;https://data.gov.ua/dataset/beca8aa5-96a9-46be-ade7-f1b400213af5;;Категорія міститься безпосередньо у вихідній таблиці показників дороги.;high;original_source_geometry;координати вихідного набору 2017;Зчеплення_Терноп_ль_М_Н_Р_2017.xlsx | р-32_пр | rows 32-36;"Базовий загальноукраїнський шар; категорія може відрізнятися від пізніших реконструкцій.";False
BASE2017-00842;Тернопільська;Р-32;Кременець - Біла Церква - Ржищів;державного значення;III;3;;28+000;29+000;28000;29000;1.0;експлуатаційні дані 2017;exact_piketage_from_source;data.gov.ua / Укравтодор;набір техніко-експлуатаційного стану доріг;Дані щодо техніко-експлуатаційного стану автомобільних доріг державного значення;2017;https://data.gov.ua/dataset/beca8aa5-96a9-46be-ade7-f1b400213af5;;Категорія міститься безпосередньо у вихідній таблиці показників дороги.;high;original_source_geometry;координати вихідного набору 2017;Зчеплення_Терноп_ль_М_Н_Р_2017.xlsx | р-32_пр | rows 37-37;"Базовий загальноукраїнський шар; категорія може відрізнятися від пізніших реконструкцій.";False
BASE2017-00843;Тернопільська;Р-32;Кременець - Біла Церква - Ржищів;державного значення;II;2;;29+000;30+850;29000;30850;1.85;експлуатаційні дані 2017;exact_piketage_from_source;data.gov.ua / Укравтодор;набір техніко-експлуатаційного стану доріг;Дані щодо техніко-експлуатаційного стану автомобільних доріг державного значення;2017;https://data.gov.ua/dataset/beca8aa5-96a9-46be-ade7-f1b400213af5;;Категорія міститься безпосередньо у вихідній таблиці показників дороги.;high;original_source_geometry;координати вихідного набору 2017;Зчеплення_Терноп_ль_М_Н_Р_2017.xlsx | р-32_пр | rows 38-39;"Базовий загальноукраїнський шар; категорія може відрізнятися від пізніших реконструкцій.";False
BASE2017-00844;Тернопільська;Р-39;Тернопіль - Броди;державного значення;II;2;;31+586;72+000;31586;72000;40.414;експлуатаційні дані 2017;exact_piketage_from_source;data.gov.ua / Укравтодор;набір техніко-експлуатаційного стану доріг;Дані щодо техніко-експлуатаційного стану автомобільних доріг державного значення;2017;https://data.gov.ua/dataset/beca8aa5-96a9-46be-ade7-f1b400213af5;;Категорія міститься безпосередньо у вихідній таблиці показників дороги.;high;original_source_geometry;координати вихідного набору 2017;Зчеплення_Терноп_ль_М_Н_Р_2017.xlsx | р-39_пр | rows 9-49;"Базовий загальноукраїнський шар; категорія може відрізнятися від пізніших реконструкцій.";False
BASE2017-00845;Тернопільська;Р-41;Обхід м. Тернопіль;державного значення;II;2;;12+441;26+943;12441;26943;14.502;експлуатаційні дані 2017;exact_piketage_from_source;data.gov.ua / Укравтодор;набір техніко-експлуатаційного стану доріг;Дані щодо техніко-експлуатаційного стану автомобільних доріг державного значення;2017;https://data.gov.ua/dataset/beca8aa5-96a9-46be-ade7-f1b400213af5;;Категорія міститься безпосередньо у вихідній таблиці показників дороги.;high;original_source_geometry;координати вихідного набору 2017;Зчеплення_Терноп_ль_М_Н_Р_2017.xlsx | р-41_пр | rows 9-23;"Базовий загальноукраїнський шар; категорія може відрізнятися від пізніших реконструкцій.";False
BASE2017-00846;Тернопільська;Р-43;Тернопіль (від М-19) - Ланівці - до Р-32;державного значення;II;2;;0+000;56+204;0;56204;56.204;експлуатаційні дані 2017;exact_piketage_from_source;data.gov.ua / Укравтодор;набір техніко-експлуатаційного стану доріг;Дані щодо техніко-експлуатаційного стану автомобільних доріг державного значення;2017;https://data.gov.ua/dataset/beca8aa5-96a9-46be-ade7-f1b400213af5;;Категорія міститься безпосередньо у вихідній таблиці показників дороги.;high;original_source_geometry;координати вихідного набору 2017;Зчеплення_Терноп_ль_М_Н_Р_2017.xlsx | р-43 пр | rows 9-65;"Базовий загальноукраїнський шар; категорія може відрізнятися від пізніших реконструкцій.";False
BASE2017-00847;Харківська;М-03;Київ - Харків - Довжанський (на м. Ростов-на-Дону);державного значення;II;2;;395+064;517+000;395064;517000;121.936;експлуатаційні дані 2017;exact_piketage_from_source;data.gov.ua / Укравтодор;набір техніко-експлуатаційного стану доріг;Дані щодо техніко-експлуатаційного стану автомобільних доріг державного значення;2017;https://data.gov.ua/dataset/beca8aa5-96a9-46be-ade7-f1b400213af5;;Категорія міститься безпосередньо у вихідній таблиці показників дороги.;high;original_source_geometry;координати вихідного набору 2017;Зчеплення_Харк_в_М_2017.xlsx | М-03_пр | rows 9-130;"Базовий загальноукраїнський шар; категорія може відрізнятися від пізніших реконструкцій.";False
BASE2017-00848;Харківська;М-03;Київ - Харків - Довжанський (на м. Ростов-на-Дону);державного значення;I;1;;517+000;535+000;517000;535000;18.0;експлуатаційні дані 2017;exact_piketage_from_source;data.gov.ua / Укравтодор;набір техніко-експлуатаційного стану доріг;Дані щодо техніко-експлуатаційного стану автомобільних доріг державного значення;2017;https://data.gov.ua/dataset/beca8aa5-96a9-46be-ade7-f1b400213af5;;Категорія міститься безпосередньо у вихідній таблиці показників дороги.;high;original_source_geometry;координати вихідного набору 2017;Зчеплення_Харк_в_М_2017.xlsx | М-03_пр | rows 131-148;"Базовий загальноукраїнський шар; категорія може відрізнятися від пізніших реконструкцій.";False
BASE2017-00849;Харківська;М-03;Київ - Харків - Довжанський (на м. Ростов-на-Дону);державного значення;II;2;;535+000;561+000;535000;561000;26.0;експлуатаційні дані 2017;exact_piketage_from_source;data.gov.ua / Укравтодор;набір техніко-експлуатаційного стану доріг;Дані щодо техніко-експлуатаційного стану автомобільних доріг державного значення;2017;https://data.gov.ua/dataset/beca8aa5-96a9-46be-ade7-f1b400213af5;;Категорія міститься безпосередньо у вихідній таблиці показників дороги.;high;original_source_geometry;координати вихідного набору 2017;Зчеплення_Харк_в_М_2017.xlsx | М-03_пр | rows 149-174;"Базовий загальноукраїнський шар; категорія може відрізнятися від пізніших реконструкцій.";False
BASE2017-00850;Харківська;М-03;Київ - Харків - Довжанський (на м. Ростов-на-Дону);державного значення;I;1;;561+000;562+000;561000;562000;1.0;експлуатаційні дані 2017;exact_piketage_from_source;data.gov.ua / Укравтодор;набір техніко-експлуатаційного стану доріг;Дані щодо техніко-експлуатаційного стану автомобільних доріг державного значення;2017;https://data.gov.ua/dataset/beca8aa5-96a9-46be-ade7-f1b400213af5;;Категорія міститься безпосередньо у вихідній таблиці показників дороги.;high;original_source_geometry;координати вихідного набору 2017;Зчеплення_Харк_в_М_2017.xlsx | М-03_пр | rows 175-175;"Базовий загальноукраїнський шар; категорія може відрізнятися від пізніших реконструкцій.";False
BASE2017-00851;Харківська;М-03;Київ - Харків - Довжанський (на м. Ростов-на-Дону);державного значення;II;2;;562+000;594+000;562000;594000;32.0;експлуатаційні дані 2017;exact_piketage_from_source;data.gov.ua / Укравтодор;набір техніко-експлуатаційного стану доріг;Дані щодо техніко-експлуатаційного стану автомобільних доріг державного значення;2017;https://data.gov.ua/dataset/beca8aa5-96a9-46be-ade7-f1b400213af5;;Категорія міститься безпосередньо у вихідній таблиці показників дороги.;high;original_source_geometry;координати вихідного набору 2017;Зчеплення_Харк_в_М_2017.xlsx | М-03_пр | rows 176-207;"Базовий загальноукраїнський шар; категорія може відрізнятися від пізніших реконструкцій.";False
BASE2017-00852;Харківська;М-03;Київ - Харків - Довжанський (на м. Ростов-на-Дону);державного значення;I;1;;594+000;605+000;594000;605000;11.0;експлуатаційні дані 2017;exact_piketage_from_source;data.gov.ua / Укравтодор;набір техніко-експлуатаційного стану доріг;Дані щодо техніко-експлуатаційного стану автомобільних доріг державного значення;2017;https://data.gov.ua/dataset/beca8aa5-96a9-46be-ade7-f1b400213af5;;Категорія міститься безпосередньо у вихідній таблиці показників дороги.;high;original_source_geometry;координати вихідного набору 2017;Зчеплення_Харк_в_М_2017.xlsx | М-03_пр | rows 208-218;"Базовий загальноукраїнський шар; категорія може відрізнятися від пізніших реконструкцій.";False
BASE2017-00853;Харківська;М-03;Київ - Харків - Довжанський (на м. Ростов-на-Дону);державного значення;II;2;;605+000;622+000;605000;622000;17.0;експлуатаційні дані 2017;exact_piketage_from_source;data.gov.ua / Укравтодор;набір техніко-експлуатаційного стану доріг;Дані щодо техніко-експлуатаційного стану автомобільних доріг державного значення;2017;https://data.gov.ua/dataset/beca8aa5-96a9-46be-ade7-f1b400213af5;;Категорія міститься безпосередньо у вихідній таблиці показників дороги.;high;original_source_geometry;координати вихідного набору 2017;Зчеплення_Харк_в_М_2017.xlsx | М-03_пр | rows 219-235;"Базовий загальноукраїнський шар; категорія може відрізнятися від пізніших реконструкцій.";False
BASE2017-00854;Харківська;М-03;Київ - Харків - Довжанський (на м. Ростов-на-Дону);державного значення;II;2;;623+000;646+200;623000;646200;23.2;експлуатаційні дані 2017;exact_piketage_from_source;data.gov.ua / Укравтодор;набір техніко-експлуатаційного стану доріг;Дані щодо техніко-експлуатаційного стану автомобільних доріг державного значення;2017;https://data.gov.ua/dataset/beca8aa5-96a9-46be-ade7-f1b400213af5;;Категорія міститься безпосередньо у вихідній таблиці показників дороги.;high;original_source_geometry;координати вихідного набору 2017;Зчеплення_Харк_в_М_2017.xlsx | М-03_пр | rows 237-260;"Базовий загальноукраїнський шар; категорія може відрізнятися від пізніших реконструкцій.";False
BASE2017-00855;Харківська;М-03-1;Під'їзд до м. Харкова;державного значення;I;1;;0+000;0+600;0;600;0.6;експлуатаційні дані 2017;exact_piketage_from_source;data.gov.ua / Укравтодор;набір техніко-експлуатаційного стану доріг;Дані щодо техніко-експлуатаційного стану автомобільних доріг державного значення;2017;https://data.gov.ua/dataset/beca8aa5-96a9-46be-ade7-f1b400213af5;;Категорія міститься безпосередньо у вихідній таблиці показників дороги.;high;original_source_geometry;координати вихідного набору 2017;Зчеплення_Харк_в_М_2017.xlsx | М-03-1_пр | rows 9-9;"Базовий загальноукраїнський шар; категорія може відрізнятися від пізніших реконструкцій.";False
BASE2017-00856;Харківська;М-03-2;"Під'їзд до Міжнародного аеропорту ""Харків"" ";державного значення;I;1;;0+000;14+100;0;14100;14.1;експлуатаційні дані 2017;exact_piketage_from_source;data.gov.ua / Укравтодор;набір техніко-експлуатаційного стану доріг;Дані щодо техніко-експлуатаційного стану автомобільних доріг державного значення;2017;https://data.gov.ua/dataset/beca8aa5-96a9-46be-ade7-f1b400213af5;;Категорія міститься безпосередньо у вихідній таблиці показників дороги.;high;original_source_geometry;координати вихідного набору 2017;Зчеплення_Харк_в_М_2017.xlsx | М-03-2_пр | rows 9-23;"Базовий загальноукраїнський шар; категорія може відрізнятися від пізніших реконструкцій.";False
BASE2017-00857;Харківська;М-03-3;Під'їзд до м. Харкова;державного значення;I;1;;0+000;0+400;0;400;0.4;експлуатаційні дані 2017;exact_piketage_from_source;data.gov.ua / Укравтодор;набір техніко-експлуатаційного стану доріг;Дані щодо техніко-експлуатаційного стану автомобільних доріг державного значення;2017;https://data.gov.ua/dataset/beca8aa5-96a9-46be-ade7-f1b400213af5;;Категорія міститься безпосередньо у вихідній таблиці показників дороги.;high;original_source_geometry;координати вихідного набору 2017;Зчеплення_Харк_в_М_2017.xlsx | М-03-3_пр | rows 9-9;"Базовий загальноукраїнський шар; категорія може відрізнятися від пізніших реконструкцій.";False
BASE2017-00858;Харківська;М-18;Харків - Сімферополь - Алушта - Ялта;державного значення;II;2;;9+387;10+000;9387;10000;0.613;експлуатаційні дані 2017;exact_piketage_from_source;data.gov.ua / Укравтодор;набір техніко-експлуатаційного стану доріг;Дані щодо техніко-експлуатаційного стану автомобільних доріг державного значення;2017;https://data.gov.ua/dataset/beca8aa5-96a9-46be-ade7-f1b400213af5;;Категорія міститься безпосередньо у вихідній таблиці показників дороги.;high;original_source_geometry;координати вихідного набору 2017;Зчеплення_Харк_в_М_2017.xlsx | М-18_пр | rows 9-9;"Базовий загальноукраїнський шар; категорія може відрізнятися від пізніших реконструкцій.";False
BASE2017-00859;Харківська;М-18;Харків - Сімферополь - Алушта - Ялта;державного значення;I;1;;10+000;11+000;10000;11000;1.0;експлуатаційні дані 2017;exact_piketage_from_source;data.gov.ua / Укравтодор;набір техніко-експлуатаційного стану доріг;Дані щодо техніко-експлуатаційного стану автомобільних доріг державного значення;2017;https://data.gov.ua/dataset/beca8aa5-96a9-46be-ade7-f1b400213af5;;Категорія міститься безпосередньо у вихідній таблиці показників дороги.;high;original_source_geometry;координати вихідного набору 2017;Зчеплення_Харк_в_М_2017.xlsx | М-18_пр | rows 10-10;"Базовий загальноукраїнський шар; категорія може відрізнятися від пізніших реконструкцій.";False
BASE2017-00860;Харківська;М-18;Харків - Сімферополь - Алушта - Ялта;державного значення;II;2;;11+000;147+600;11000;147600;136.6;експлуатаційні дані 2017;exact_piketage_from_source;data.gov.ua / Укравтодор;набір техніко-експлуатаційного стану доріг;Дані щодо техніко-експлуатаційного стану автомобільних доріг державного значення;2017;https://data.gov.ua/dataset/beca8aa5-96a9-46be-ade7-f1b400213af5;;Категорія міститься безпосередньо у вихідній таблиці показників дороги.;high;original_source_geometry;координати вихідного набору 2017;Зчеплення_Харк_в_М_2017.xlsx | М-18_пр | rows 11-147;"Базовий загальноукраїнський шар; категорія може відрізнятися від пізніших реконструкцій.";False
BASE2017-00861;Харківська;М-18-1;"Під'їзд до Міжнародного аеропорту ""Харків"" ";державного значення;I;1;;0+350;8+450;350;8450;8.1;експлуатаційні дані 2017;exact_piketage_from_source;data.gov.ua / Укравтодор;набір техніко-експлуатаційного стану доріг;Дані щодо техніко-експлуатаційного стану автомобільних доріг державного значення;2017;https://data.gov.ua/dataset/beca8aa5-96a9-46be-ade7-f1b400213af5;;Категорія міститься безпосередньо у вихідній таблиці показників дороги.;high;original_source_geometry;координати вихідного набору 2017;Зчеплення_Харк_в_М_2017.xlsx | М-18-1_пр | rows 9-17;"Базовий загальноукраїнський шар; категорія може відрізнятися від пізніших реконструкцій.";False
BASE2017-00862;Харківська;М-20;Харків  - Щербаківка - (на м. Бєлгород);державного значення;II;2;;10+000;38+343;10000;38343;28.343;експлуатаційні дані 2017;exact_piketage_from_source;data.gov.ua / Укравтодор;набір техніко-експлуатаційного стану доріг;Дані щодо техніко-експлуатаційного стану автомобільних доріг державного значення;2017;https://data.gov.ua/dataset/beca8aa5-96a9-46be-ade7-f1b400213af5;;Категорія міститься безпосередньо у вихідній таблиці показників дороги.;high;original_source_geometry;координати вихідного набору 2017;Зчеплення_Харк_в_М_2017.xlsx | М-20_пр | rows 9-37;"Базовий загальноукраїнський шар; категорія може відрізнятися від пізніших реконструкцій.";False
BASE2017-00863;Харківська;М-29;Харків - Красноград - Перещепине - /М-18/;державного значення;III;3;;0+000;39+000;0;39000;39.0;експлуатаційні дані 2017;exact_piketage_from_source;data.gov.ua / Укравтодор;набір техніко-експлуатаційного стану доріг;Дані щодо техніко-експлуатаційного стану автомобільних доріг державного значення;2017;https://data.gov.ua/dataset/beca8aa5-96a9-46be-ade7-f1b400213af5;;Категорія міститься безпосередньо у вихідній таблиці показників дороги.;high;original_source_geometry;координати вихідного набору 2017;Зчеплення_Харк_в_М_2017.xlsx | М-29_пр | rows 9-47;"Базовий загальноукраїнський шар; категорія може відрізнятися від пізніших реконструкцій.";False
BASE2017-00864;Харківська;М-29;Харків - Красноград - Перещепине - /М-18/;державного значення;II;2;;39+000;117+000;39000;117000;78.0;експлуатаційні дані 2017;exact_piketage_from_source;data.gov.ua / Укравтодор;набір техніко-експлуатаційного стану доріг;Дані щодо техніко-експлуатаційного стану автомобільних доріг державного значення;2017;https://data.gov.ua/dataset/beca8aa5-96a9-46be-ade7-f1b400213af5;;Категорія міститься безпосередньо у вихідній таблиці показників дороги.;high;original_source_geometry;координати вихідного набору 2017;Зчеплення_Харк_в_М_2017.xlsx | М-29_пр | rows 48-125;"Базовий загальноукраїнський шар; категорія може відрізнятися від пізніших реконструкцій.";False
BASE2017-00865;Харківська;М-29;Харків - Красноград - Перещепине - /М-18/;державного значення;III;3;;117+000;128+200;117000;128200;11.2;експлуатаційні дані 2017;exact_piketage_from_source;data.gov.ua / Укравтодор;набір техніко-експлуатаційного стану доріг;Дані щодо техніко-експлуатаційного стану автомобільних доріг державного значення;2017;https://data.gov.ua/dataset/beca8aa5-96a9-46be-ade7-f1b400213af5;;Категорія міститься безпосередньо у вихідній таблиці показників дороги.;high;original_source_geometry;координати вихідного набору 2017;Зчеплення_Харк_в_М_2017.xlsx | М-29_пр | rows 126-137;"Базовий загальноукраїнський шар; категорія може відрізнятися від пізніших реконструкцій.";False
BASE2017-00866;Харківська;М-29/1;Під'їзд до М-18;державного значення;I;1;;0+000;2+800;0;2800;2.8;експлуатаційні дані 2017;exact_piketage_from_source;data.gov.ua / Укравтодор;набір техніко-експлуатаційного стану доріг;Дані щодо техніко-експлуатаційного стану автомобільних доріг державного значення;2017;https://data.gov.ua/dataset/beca8aa5-96a9-46be-ade7-f1b400213af5;;Категорія міститься безпосередньо у вихідній таблиці показників дороги.;high;original_source_geometry;координати вихідного набору 2017;Зчеплення_Харк_в_М_2017.xlsx | М-29-1_пр | rows 9-11;"Базовий загальноукраїнський шар; категорія може відрізнятися від пізніших реконструкцій.";False
BASE2017-00867;Харківська;Р-07;Чугуїв - Мілове (через м. Старобільськ);державного значення;I;1;;2+536;3+000;2536;3000;0.464;експлуатаційні дані 2017;exact_piketage_from_source;data.gov.ua / Укравтодор;набір техніко-експлуатаційного стану доріг;Дані щодо техніко-експлуатаційного стану автомобільних доріг державного значення;2017;https://data.gov.ua/dataset/beca8aa5-96a9-46be-ade7-f1b400213af5;;Категорія міститься безпосередньо у вихідній таблиці показників дороги.;high;original_source_geometry;координати вихідного набору 2017;Зчеплення_Харк_в_Р_2017.xlsx | Р-07_пр | rows 9-9;"Базовий загальноукраїнський шар; категорія може відрізнятися від пізніших реконструкцій.";False
BASE2017-00868;Харківська;Р-07;Чугуїв - Мілове (через м. Старобільськ);державного значення;III;3;;3+000;10+000;3000;10000;7.0;експлуатаційні дані 2017;exact_piketage_from_source;data.gov.ua / Укравтодор;набір техніко-експлуатаційного стану доріг;Дані щодо техніко-експлуатаційного стану автомобільних доріг державного значення;2017;https://data.gov.ua/dataset/beca8aa5-96a9-46be-ade7-f1b400213af5;;Категорія міститься безпосередньо у вихідній таблиці показників дороги.;high;original_source_geometry;координати вихідного набору 2017;Зчеплення_Харк_в_Р_2017.xlsx | Р-07_пр | rows 10-16;"Базовий загальноукраїнський шар; категорія може відрізнятися від пізніших реконструкцій.";False
BASE2017-00869;Харківська;Р-07;Чугуїв - Мілове (через м. Старобільськ);державного значення;I;1;;10+000;26+000;10000;26000;16.0;експлуатаційні дані 2017;exact_piketage_from_source;data.gov.ua / Укравтодор;набір техніко-експлуатаційного стану доріг;Дані щодо техніко-експлуатаційного стану автомобільних доріг державного значення;2017;https://data.gov.ua/dataset/beca8aa5-96a9-46be-ade7-f1b400213af5;;Категорія міститься безпосередньо у вихідній таблиці показників дороги.;high;original_source_geometry;координати вихідного набору 2017;Зчеплення_Харк_в_Р_2017.xlsx | Р-07_пр | rows 17-32;"Базовий загальноукраїнський шар; категорія може відрізнятися від пізніших реконструкцій.";False
BASE2017-00870;Харківська;Р-07;Чугуїв - Мілове (через м. Старобільськ);державного значення;III;3;;26+000;41+000;26000;41000;15.0;експлуатаційні дані 2017;exact_piketage_from_source;data.gov.ua / Укравтодор;набір техніко-експлуатаційного стану доріг;Дані щодо техніко-експлуатаційного стану автомобільних доріг державного значення;2017;https://data.gov.ua/dataset/beca8aa5-96a9-46be-ade7-f1b400213af5;;Категорія міститься безпосередньо у вихідній таблиці показників дороги.;high;original_source_geometry;координати вихідного набору 2017;Зчеплення_Харк_в_Р_2017.xlsx | Р-07_пр | rows 33-47;"Базовий загальноукраїнський шар; категорія може відрізнятися від пізніших реконструкцій.";False
BASE2017-00871;Харківська;Р-07;Чугуїв - Мілове (через м. Старобільськ);державного значення;II;2;;41+000;110+735;41000;110735;69.735;експлуатаційні дані 2017;exact_piketage_from_source;data.gov.ua / Укравтодор;набір техніко-експлуатаційного стану доріг;Дані щодо техніко-експлуатаційного стану автомобільних доріг державного значення;2017;https://data.gov.ua/dataset/beca8aa5-96a9-46be-ade7-f1b400213af5;;Категорія міститься безпосередньо у вихідній таблиці показників дороги.;high;original_source_geometry;координати вихідного набору 2017;Зчеплення_Харк_в_Р_2017.xlsx | Р-07_пр | rows 48-117;"Базовий загальноукраїнський шар; категорія може відрізнятися від пізніших реконструкцій.";False
BASE2017-00872;Харківська;Р-11;Полтава - Красноград;державного значення;II;2;;45+298;52+598;45298;52598;7.3;експлуатаційні дані 2017;exact_piketage_from_source;data.gov.ua / Укравтодор;набір техніко-експлуатаційного стану доріг;Дані щодо техніко-експлуатаційного стану автомобільних доріг державного значення;2017;https://data.gov.ua/dataset/beca8aa5-96a9-46be-ade7-f1b400213af5;;Категорія міститься безпосередньо у вихідній таблиці показників дороги.;high;original_source_geometry;координати вихідного набору 2017;Зчеплення_Харк_в_Р_2017.xlsx | Р-11_пр | rows 9-16;"Базовий загальноукраїнський шар; категорія може відрізнятися від пізніших реконструкцій.";False
BASE2017-00873;Харківська;Р-45;Суми - Краснопілля - Богодухів;державного значення;II;2;;107+105;122+105;107105;122105;15.0;експлуатаційні дані 2017;exact_piketage_from_source;data.gov.ua / Укравтодор;набір техніко-експлуатаційного стану доріг;Дані щодо техніко-експлуатаційного стану автомобільних доріг державного значення;2017;https://data.gov.ua/dataset/beca8aa5-96a9-46be-ade7-f1b400213af5;;Категорія міститься безпосередньо у вихідній таблиці показників дороги.;high;original_source_geometry;координати вихідного набору 2017;Зчеплення_Харк_в_Р_2017.xlsx | Р-45_пр | rows 9-24;"Базовий загальноукраїнський шар; категорія може відрізнятися від пізніших реконструкцій.";False
BASE2017-00874;Харківська;Р-46;Харків - Охтирка;державного значення;II;2;;8+623;10+000;8623;10000;1.377;експлуатаційні дані 2017;exact_piketage_from_source;data.gov.ua / Укравтодор;набір техніко-експлуатаційного стану доріг;Дані щодо техніко-експлуатаційного стану автомобільних доріг державного значення;2017;https://data.gov.ua/dataset/beca8aa5-96a9-46be-ade7-f1b400213af5;;Категорія міститься безпосередньо у вихідній таблиці показників дороги.;high;original_source_geometry;координати вихідного набору 2017;Зчеплення_Харк_в_Р_2017.xlsx | Р-46_пр | rows 9-10;"Базовий загальноукраїнський шар; категорія може відрізнятися від пізніших реконструкцій.";False
BASE2017-00875;Харківська;Р-46;Харків - Охтирка;державного значення;III;3;;10+000;11+000;10000;11000;1.0;експлуатаційні дані 2017;exact_piketage_from_source;data.gov.ua / Укравтодор;набір техніко-експлуатаційного стану доріг;Дані щодо техніко-експлуатаційного стану автомобільних доріг державного значення;2017;https://data.gov.ua/dataset/beca8aa5-96a9-46be-ade7-f1b400213af5;;Категорія міститься безпосередньо у вихідній таблиці показників дороги.;high;original_source_geometry;координати вихідного набору 2017;Зчеплення_Харк_в_Р_2017.xlsx | Р-46_пр | rows 11-11;"Базовий загальноукраїнський шар; категорія може відрізнятися від пізніших реконструкцій.";False
BASE2017-00876;Харківська;Р-46;Харків - Охтирка;державного значення;II;2;;11+000;89+304;11000;89304;78.304;експлуатаційні дані 2017;exact_piketage_from_source;data.gov.ua / Укравтодор;набір техніко-експлуатаційного стану доріг;Дані щодо техніко-експлуатаційного стану автомобільних доріг державного значення;2017;https://data.gov.ua/dataset/beca8aa5-96a9-46be-ade7-f1b400213af5;;Категорія міститься безпосередньо у вихідній таблиці показників дороги.;high;original_source_geometry;координати вихідного набору 2017;Зчеплення_Харк_в_Р_2017.xlsx | Р-46_пр | rows 12-90;"Базовий загальноукраїнський шар; категорія може відрізнятися від пізніших реконструкцій.";False
BASE2017-00877;Харківська;Р-51;Мерефа - Лозова - Павлоград ;державного значення;III;3;;0+000;39+000;0;39000;39.0;експлуатаційні дані 2017;exact_piketage_from_source;data.gov.ua / Укравтодор;набір техніко-експлуатаційного стану доріг;Дані щодо техніко-експлуатаційного стану автомобільних доріг державного значення;2017;https://data.gov.ua/dataset/beca8aa5-96a9-46be-ade7-f1b400213af5;;Категорія міститься безпосередньо у вихідній таблиці показників дороги.;high;original_source_geometry;координати вихідного набору 2017;Зчеплення_Харк_в_Р_2017.xlsx | Р-51_пр | rows 9-47;"Базовий загальноукраїнський шар; категорія може відрізнятися від пізніших реконструкцій.";False
BASE2017-00878;Харківська;Р-51;Мерефа - Лозова - Павлоград ;державного значення;II;2;;39+000;52+217;39000;52217;13.217;експлуатаційні дані 2017;exact_piketage_from_source;data.gov.ua / Укравтодор;набір техніко-експлуатаційного стану доріг;Дані щодо техніко-експлуатаційного стану автомобільних доріг державного значення;2017;https://data.gov.ua/dataset/beca8aa5-96a9-46be-ade7-f1b400213af5;;Категорія міститься безпосередньо у вихідній таблиці показників дороги.;high;original_source_geometry;координати вихідного набору 2017;Зчеплення_Харк_в_Р_2017.xlsx | Р-51_пр | rows 48-61;"Базовий загальноукраїнський шар; категорія може відрізнятися від пізніших реконструкцій.";False
BASE2017-00879;Харківська;Р-51;Мерефа - Лозова - Павлоград ;державного значення;II;2;;54+492;109+497;54492;109497;55.005;експлуатаційні дані 2017;exact_piketage_from_source;data.gov.ua / Укравтодор;набір техніко-експлуатаційного стану доріг;Дані щодо техніко-експлуатаційного стану автомобільних доріг державного значення;2017;https://data.gov.ua/dataset/beca8aa5-96a9-46be-ade7-f1b400213af5;;Категорія міститься безпосередньо у вихідній таблиці показників дороги.;high;original_source_geometry;координати вихідного набору 2017;Зчеплення_Харк_в_Р_2017.xlsx | Р-51_пр | rows 63-118;"Базовий загальноукраїнський шар; категорія може відрізнятися від пізніших реконструкцій.";False
BASE2017-00880;Харківська;Р-51;Мерефа - Лозова - Павлоград ;державного значення;II;2;;115+135;123+000;115135;123000;7.865;експлуатаційні дані 2017;exact_piketage_from_source;data.gov.ua / Укравтодор;набір техніко-експлуатаційного стану доріг;Дані щодо техніко-експлуатаційного стану автомобільних доріг державного значення;2017;https://data.gov.ua/dataset/beca8aa5-96a9-46be-ade7-f1b400213af5;;Категорія міститься безпосередньо у вихідній таблиці показників дороги.;high;original_source_geometry;координати вихідного набору 2017;Зчеплення_Харк_в_Р_2017.xlsx | Р-51_пр | rows 120-127;"Базовий загальноукраїнський шар; категорія може відрізнятися від пізніших реконструкцій.";False
BASE2017-00881;Харківська;Р-51;Мерефа - Лозова - Павлоград ;державного значення;III;3;;123+000;131+189;123000;131189;8.189;експлуатаційні дані 2017;exact_piketage_from_source;data.gov.ua / Укравтодор;набір техніко-експлуатаційного стану доріг;Дані щодо техніко-експлуатаційного стану автомобільних доріг державного значення;2017;https://data.gov.ua/dataset/beca8aa5-96a9-46be-ade7-f1b400213af5;;Категорія міститься безпосередньо у вихідній таблиці показників дороги.;high;original_source_geometry;координати вихідного набору 2017;Зчеплення_Харк_в_Р_2017.xlsx | Р-51_пр | rows 128-136;"Базовий загальноукраїнський шар; категорія може відрізнятися від пізніших реконструкцій.";False
BASE2017-00882;Харківська;Р-78;Харків - Зміїв - Балаклія - Гороховатка;державного значення;II;2;;7+018;144+176;7018;144176;137.158;експлуатаційні дані 2017;exact_piketage_from_source;data.gov.ua / Укравтодор;набір техніко-експлуатаційного стану доріг;Дані щодо техніко-експлуатаційного стану автомобільних доріг державного значення;2017;https://data.gov.ua/dataset/beca8aa5-96a9-46be-ade7-f1b400213af5;;Категорія міститься безпосередньо у вихідній таблиці показників дороги.;high;original_source_geometry;координати вихідного набору 2017;Зчеплення_Харк_в_Р_2017.xlsx | Р-78_пр | rows 9-146;"Базовий загальноукраїнський шар; категорія може відрізнятися від пізніших реконструкцій.";False
BASE2017-00883;Харківська;Р-79;"/М-18/ - Сахновщина - Iзюм - Куп`янськ - контрольно-пропускний пункт ""Пiски""";державного значення;III;3;;0+000;39+000;0;39000;39.0;експлуатаційні дані 2017;exact_piketage_from_source;data.gov.ua / Укравтодор;набір техніко-експлуатаційного стану доріг;Дані щодо техніко-експлуатаційного стану автомобільних доріг державного значення;2017;https://data.gov.ua/dataset/beca8aa5-96a9-46be-ade7-f1b400213af5;;Категорія міститься безпосередньо у вихідній таблиці показників дороги.;high;original_source_geometry;координати вихідного набору 2017;Зчеплення_Харк_в_Р_2017.xlsx | Р-79_пр | rows 9-47;"Базовий загальноукраїнський шар; категорія може відрізнятися від пізніших реконструкцій.";False
BASE2017-00884;Харківська;Р-79;"/М-18/ - Сахновщина - Iзюм - Куп`янськ - контрольно-пропускний пункт ""Пiски""";державного значення;II;2;;39+000;117+000;39000;117000;78.0;експлуатаційні дані 2017;exact_piketage_from_source;data.gov.ua / Укравтодор;набір техніко-експлуатаційного стану доріг;Дані щодо техніко-експлуатаційного стану автомобільних доріг державного значення;2017;https://data.gov.ua/dataset/beca8aa5-96a9-46be-ade7-f1b400213af5;;Категорія міститься безпосередньо у вихідній таблиці показників дороги.;high;original_source_geometry;координати вихідного набору 2017;Зчеплення_Харк_в_Р_2017.xlsx | Р-79_пр | rows 48-125;"Базовий загальноукраїнський шар; категорія може відрізнятися від пізніших реконструкцій.";False
BASE2017-00885;Харківська;Р-79;"/М-18/ - Сахновщина - Iзюм - Куп`янськ - контрольно-пропускний пункт ""Пiски""";державного значення;III;3;;117+000;154+718;117000;154718;37.718;експлуатаційні дані 2017;exact_piketage_from_source;data.gov.ua / Укравтодор;набір техніко-експлуатаційного стану доріг;Дані щодо техніко-експлуатаційного стану автомобільних доріг державного значення;2017;https://data.gov.ua/dataset/beca8aa5-96a9-46be-ade7-f1b400213af5;;Категорія міститься безпосередньо у вихідній таблиці показників дороги.;high;original_source_geometry;координати вихідного набору 2017;Зчеплення_Харк_в_Р_2017.xlsx | Р-79_пр | rows 126-163;"Базовий загальноукраїнський шар; категорія може відрізнятися від пізніших реконструкцій.";False
BASE2017-00886;Харківська;Р-79;"/М-18/ - Сахновщина - Iзюм - Куп`янськ - контрольно-пропускний пункт ""Пiски""";державного значення;III;3;;165+400;183+000;165400;183000;17.6;експлуатаційні дані 2017;exact_piketage_from_source;data.gov.ua / Укравтодор;набір техніко-експлуатаційного стану доріг;Дані щодо техніко-експлуатаційного стану автомобільних доріг державного значення;2017;https://data.gov.ua/dataset/beca8aa5-96a9-46be-ade7-f1b400213af5;;Категорія міститься безпосередньо у вихідній таблиці показників дороги.;high;original_source_geometry;координати вихідного набору 2017;Зчеплення_Харк_в_Р_2017.xlsx | Р-79_пр | rows 165-237;"Базовий загальноукраїнський шар; категорія може відрізнятися від пізніших реконструкцій.";False
BASE2017-00887;Харківська;Р-79;"/М-18/ - Сахновщина - Iзюм - Куп`янськ - контрольно-пропускний пункт ""Пiски""";державного значення;III;3;;183+000;184+000;183000;184000;1.0;експлуатаційні дані 2017;exact_piketage_from_source;data.gov.ua / Укравтодор;набір техніко-експлуатаційного стану доріг;Дані щодо техніко-експлуатаційного стану автомобільних доріг державного значення;2017;https://data.gov.ua/dataset/beca8aa5-96a9-46be-ade7-f1b400213af5;;Категорія міститься безпосередньо у вихідній таблиці показників дороги.;high;original_source_geometry;координати вихідного набору 2017;Зчеплення_Харк_в_Р_2017.xlsx | Р-79_пр | rows 165-237;"Базовий загальноукраїнський шар; категорія може відрізнятися від пізніших реконструкцій.";False
BASE2017-00888;Харківська;Р-79;"/М-18/ - Сахновщина - Iзюм - Куп`янськ - контрольно-пропускний пункт ""Пiски""";державного значення;III;3;;184+000;237+978;184000;237978;53.978;експлуатаційні дані 2017;exact_piketage_from_source;data.gov.ua / Укравтодор;набір техніко-експлуатаційного стану доріг;Дані щодо техніко-експлуатаційного стану автомобільних доріг державного значення;2017;https://data.gov.ua/dataset/beca8aa5-96a9-46be-ade7-f1b400213af5;;Категорія міститься безпосередньо у вихідній таблиці показників дороги.;high;original_source_geometry;координати вихідного набору 2017;Зчеплення_Харк_в_Р_2017.xlsx | Р-79_пр | rows 165-237;"Базовий загальноукраїнський шар; категорія може відрізнятися від пізніших реконструкцій.";False
BASE2017-00889;Харківська;Р-79;"/М-18/ - Сахновщина - Iзюм - Куп`янськ - контрольно-пропускний пункт ""Пiски""";державного значення;III;3;;246+438;298+767;246438;298767;52.329;експлуатаційні дані 2017;exact_piketage_from_source;data.gov.ua / Укравтодор;набір техніко-експлуатаційного стану доріг;Дані щодо техніко-експлуатаційного стану автомобільних доріг державного значення;2017;https://data.gov.ua/dataset/beca8aa5-96a9-46be-ade7-f1b400213af5;;Категорія міститься безпосередньо у вихідній таблиці показників дороги.;high;original_source_geometry;координати вихідного набору 2017;Зчеплення_Харк_в_Р_2017.xlsx | Р-79_пр | rows 239-291;"Базовий загальноукраїнський шар; категорія може відрізнятися від пізніших реконструкцій.";False
BASE2017-00890;Херсонська;М-14;Одеса - Мелітополь - Новоазовськ (на Таганрог);державного значення;II;2;;177+531;185+000;177531;185000;7.469;експлуатаційні дані 2017;exact_piketage_from_source;data.gov.ua / Укравтодор;набір техніко-експлуатаційного стану доріг;Дані щодо техніко-експлуатаційного стану автомобільних доріг державного значення;2017;https://data.gov.ua/dataset/beca8aa5-96a9-46be-ade7-f1b400213af5;;Категорія міститься безпосередньо у вихідній таблиці показників дороги.;high;original_source_geometry;координати вихідного набору 2017;Зчеплення_Херсон_М_2017.xlsx | М-14_пр | rows 9-16;"Базовий загальноукраїнський шар; категорія може відрізнятися від пізніших реконструкцій.";False
BASE2017-00891;Херсонська;М-14;Одеса - Мелітополь - Новоазовськ (на Таганрог);державного значення;I;1;;185+000;208+000;185000;208000;23.0;експлуатаційні дані 2017;exact_piketage_from_source;data.gov.ua / Укравтодор;набір техніко-експлуатаційного стану доріг;Дані щодо техніко-експлуатаційного стану автомобільних доріг державного значення;2017;https://data.gov.ua/dataset/beca8aa5-96a9-46be-ade7-f1b400213af5;;Категорія міститься безпосередньо у вихідній таблиці показників дороги.;high;original_source_geometry;координати вихідного набору 2017;Зчеплення_Херсон_М_2017.xlsx | М-14_пр | rows 17-39;"Базовий загальноукраїнський шар; категорія може відрізнятися від пізніших реконструкцій.";False
BASE2017-00892;Херсонська;М-14;Одеса - Мелітополь - Новоазовськ (на Таганрог);державного значення;II;2;;208+000;221+631;208000;221631;13.631;експлуатаційні дані 2017;exact_piketage_from_source;data.gov.ua / Укравтодор;набір техніко-експлуатаційного стану доріг;Дані щодо техніко-експлуатаційного стану автомобільних доріг державного значення;2017;https://data.gov.ua/dataset/beca8aa5-96a9-46be-ade7-f1b400213af5;;Категорія міститься безпосередньо у вихідній таблиці показників дороги.;high;original_source_geometry;координати вихідного набору 2017;Зчеплення_Херсон_М_2017.xlsx | М-14_пр | rows 40-53;"Базовий загальноукраїнський шар; категорія може відрізнятися від пізніших реконструкцій.";False
BASE2017-00893;Херсонська;М-14;Одеса - Мелітополь - Новоазовськ (на Таганрог);державного значення;II;2;;243+431;400+531;243431;400531;157.1;експлуатаційні дані 2017;exact_piketage_from_source;data.gov.ua / Укравтодор;набір техніко-експлуатаційного стану доріг;Дані щодо техніко-експлуатаційного стану автомобільних доріг державного значення;2017;https://data.gov.ua/dataset/beca8aa5-96a9-46be-ade7-f1b400213af5;;Категорія міститься безпосередньо у вихідній таблиці показників дороги.;high;original_source_geometry;координати вихідного набору 2017;Зчеплення_Херсон_М_2017.xlsx | М-14_пр | rows 55-212;"Базовий загальноукраїнський шар; категорія може відрізнятися від пізніших реконструкцій.";False
BASE2017-00894;Херсонська;М-14;Під'їзд до м. Херсона з боку м. Миколаєва;державного значення;II;2;;0+000;2+000;0;2000;2.0;експлуатаційні дані 2017;exact_piketage_from_source;data.gov.ua / Укравтодор;набір техніко-експлуатаційного стану доріг;Дані щодо техніко-експлуатаційного стану автомобільних доріг державного значення;2017;https://data.gov.ua/dataset/beca8aa5-96a9-46be-ade7-f1b400213af5;;Категорія міститься безпосередньо у вихідній таблиці показників дороги.;high;original_source_geometry;координати вихідного набору 2017;Зчеплення_Херсон_М_2017.xlsx | М-14 П_пр | rows 9-10;"Базовий загальноукраїнський шар; категорія може відрізнятися від пізніших реконструкцій.";False
BASE2017-00895;Херсонська;М-14;Під'їзд до м. Херсона з боку м. Миколаєва;державного значення;I;1;;2+000;3+000;2000;3000;1.0;експлуатаційні дані 2017;exact_piketage_from_source;data.gov.ua / Укравтодор;набір техніко-експлуатаційного стану доріг;Дані щодо техніко-експлуатаційного стану автомобільних доріг державного значення;2017;https://data.gov.ua/dataset/beca8aa5-96a9-46be-ade7-f1b400213af5;;Категорія міститься безпосередньо у вихідній таблиці показників дороги.;high;original_source_geometry;координати вихідного набору 2017;Зчеплення_Херсон_М_2017.xlsx | М-14 П_пр | rows 11-11;"Базовий загальноукраїнський шар; категорія може відрізнятися від пізніших реконструкцій.";False
BASE2017-00896;Херсонська;М-14;Під'їзд до м. Херсона з боку м. Миколаєва;державного значення;II;2;;3+000;4+900;3000;4900;1.9;експлуатаційні дані 2017;exact_piketage_from_source;data.gov.ua / Укравтодор;набір техніко-експлуатаційного стану доріг;Дані щодо техніко-експлуатаційного стану автомобільних доріг державного значення;2017;https://data.gov.ua/dataset/beca8aa5-96a9-46be-ade7-f1b400213af5;;Категорія міститься безпосередньо у вихідній таблиці показників дороги.;high;original_source_geometry;координати вихідного набору 2017;Зчеплення_Херсон_М_2017.xlsx | М-14 П_пр | rows 12-13;"Базовий загальноукраїнський шар; категорія може відрізнятися від пізніших реконструкцій.";False
BASE2017-00897;Херсонська;М-17;Херсон - Джанкой - Феодосія - Керч;державного значення;I;1;;0+000;2+000;0;2000;2.0;експлуатаційні дані 2017;exact_piketage_from_source;data.gov.ua / Укравтодор;набір техніко-експлуатаційного стану доріг;Дані щодо техніко-експлуатаційного стану автомобільних доріг державного значення;2017;https://data.gov.ua/dataset/beca8aa5-96a9-46be-ade7-f1b400213af5;;Категорія міститься безпосередньо у вихідній таблиці показників дороги.;high;original_source_geometry;координати вихідного набору 2017;Зчеплення_Херсон_М_2017.xlsx | М-17_пр  | rows 9-10;"Базовий загальноукраїнський шар; категорія може відрізнятися від пізніших реконструкцій.";False
BASE2017-00898;Херсонська;М-17;Херсон - Джанкой - Феодосія - Керч;державного значення;IV;4;;2+000;3+000;2000;3000;1.0;експлуатаційні дані 2017;exact_piketage_from_source;data.gov.ua / Укравтодор;набір техніко-експлуатаційного стану доріг;Дані щодо техніко-експлуатаційного стану автомобільних доріг державного значення;2017;https://data.gov.ua/dataset/beca8aa5-96a9-46be-ade7-f1b400213af5;;Категорія міститься безпосередньо у вихідній таблиці показників дороги.;high;original_source_geometry;координати вихідного набору 2017;Зчеплення_Херсон_М_2017.xlsx | М-17_пр  | rows 11-11;"Базовий загальноукраїнський шар; категорія може відрізнятися від пізніших реконструкцій.";False
BASE2017-00899;Херсонська;М-17;Херсон - Джанкой - Феодосія - Керч;державного значення;II;2;;3+000;10+000;3000;10000;7.0;експлуатаційні дані 2017;exact_piketage_from_source;data.gov.ua / Укравтодор;набір техніко-експлуатаційного стану доріг;Дані щодо техніко-експлуатаційного стану автомобільних доріг державного значення;2017;https://data.gov.ua/dataset/beca8aa5-96a9-46be-ade7-f1b400213af5;;Категорія міститься безпосередньо у вихідній таблиці показників дороги.;high;original_source_geometry;координати вихідного набору 2017;Зчеплення_Херсон_М_2017.xlsx | М-17_пр  | rows 12-18;"Базовий загальноукраїнський шар; категорія може відрізнятися від пізніших реконструкцій.";False
BASE2017-00900;Херсонська;М-17;Херсон - Джанкой - Феодосія - Керч;державного значення;I;1;;10+000;15+000;10000;15000;5.0;експлуатаційні дані 2017;exact_piketage_from_source;data.gov.ua / Укравтодор;набір техніко-експлуатаційного стану доріг;Дані щодо техніко-експлуатаційного стану автомобільних доріг державного значення;2017;https://data.gov.ua/dataset/beca8aa5-96a9-46be-ade7-f1b400213af5;;Категорія міститься безпосередньо у вихідній таблиці показників дороги.;high;original_source_geometry;координати вихідного набору 2017;Зчеплення_Херсон_М_2017.xlsx | М-17_пр  | rows 19-23;"Базовий загальноукраїнський шар; категорія може відрізнятися від пізніших реконструкцій.";False
BASE2017-00901;Херсонська;М-17;Херсон - Джанкой - Феодосія - Керч;державного значення;II;2;;15+000;16+000;15000;16000;1.0;експлуатаційні дані 2017;exact_piketage_from_source;data.gov.ua / Укравтодор;набір техніко-експлуатаційного стану доріг;Дані щодо техніко-експлуатаційного стану автомобільних доріг державного значення;2017;https://data.gov.ua/dataset/beca8aa5-96a9-46be-ade7-f1b400213af5;;Категорія міститься безпосередньо у вихідній таблиці показників дороги.;high;original_source_geometry;координати вихідного набору 2017;Зчеплення_Херсон_М_2017.xlsx | М-17_пр  | rows 24-24;"Базовий загальноукраїнський шар; категорія може відрізнятися від пізніших реконструкцій.";False
BASE2017-00902;Херсонська;М-17;Херсон - Джанкой - Феодосія - Керч;державного значення;III;3;;16+000;19+000;16000;19000;3.0;експлуатаційні дані 2017;exact_piketage_from_source;data.gov.ua / Укравтодор;набір техніко-експлуатаційного стану доріг;Дані щодо техніко-експлуатаційного стану автомобільних доріг державного значення;2017;https://data.gov.ua/dataset/beca8aa5-96a9-46be-ade7-f1b400213af5;;Категорія міститься безпосередньо у вихідній таблиці показників дороги.;high;original_source_geometry;координати вихідного набору 2017;Зчеплення_Херсон_М_2017.xlsx | М-17_пр  | rows 25-27;"Базовий загальноукраїнський шар; категорія може відрізнятися від пізніших реконструкцій.";False
BASE2017-00903;Херсонська;М-17;Херсон - Джанкой - Феодосія - Керч;державного значення;II;2;;19+000;20+000;19000;20000;1.0;експлуатаційні дані 2017;exact_piketage_from_source;data.gov.ua / Укравтодор;набір техніко-експлуатаційного стану доріг;Дані щодо техніко-експлуатаційного стану автомобільних доріг державного значення;2017;https://data.gov.ua/dataset/beca8aa5-96a9-46be-ade7-f1b400213af5;;Категорія міститься безпосередньо у вихідній таблиці показників дороги.;high;original_source_geometry;координати вихідного набору 2017;Зчеплення_Херсон_М_2017.xlsx | М-17_пр  | rows 28-28;"Базовий загальноукраїнський шар; категорія може відрізнятися від пізніших реконструкцій.";False
BASE2017-00904;Херсонська;М-17;Херсон - Джанкой - Феодосія - Керч;державного значення;IV;4;;20+000;22+000;20000;22000;2.0;експлуатаційні дані 2017;exact_piketage_from_source;data.gov.ua / Укравтодор;набір техніко-експлуатаційного стану доріг;Дані щодо техніко-експлуатаційного стану автомобільних доріг державного значення;2017;https://data.gov.ua/dataset/beca8aa5-96a9-46be-ade7-f1b400213af5;;Категорія міститься безпосередньо у вихідній таблиці показників дороги.;high;original_source_geometry;координати вихідного набору 2017;Зчеплення_Херсон_М_2017.xlsx | М-17_пр  | rows 29-30;"Базовий загальноукраїнський шар; категорія може відрізнятися від пізніших реконструкцій.";False
BASE2017-00905;Херсонська;М-17;Херсон - Джанкой - Феодосія - Керч;державного значення;II;2;;22+000;26+000;22000;26000;4.0;експлуатаційні дані 2017;exact_piketage_from_source;data.gov.ua / Укравтодор;набір техніко-експлуатаційного стану доріг;Дані щодо техніко-експлуатаційного стану автомобільних доріг державного значення;2017;https://data.gov.ua/dataset/beca8aa5-96a9-46be-ade7-f1b400213af5;;Категорія міститься безпосередньо у вихідній таблиці показників дороги.;high;original_source_geometry;координати вихідного набору 2017;Зчеплення_Херсон_М_2017.xlsx | М-17_пр  | rows 31-34;"Базовий загальноукраїнський шар; категорія може відрізнятися від пізніших реконструкцій.";False
BASE2017-00906;Херсонська;М-17;Херсон - Джанкой - Феодосія - Керч;державного значення;IV;4;;26+000;30+000;26000;30000;4.0;експлуатаційні дані 2017;exact_piketage_from_source;data.gov.ua / Укравтодор;набір техніко-експлуатаційного стану доріг;Дані щодо техніко-експлуатаційного стану автомобільних доріг державного значення;2017;https://data.gov.ua/dataset/beca8aa5-96a9-46be-ade7-f1b400213af5;;Категорія міститься безпосередньо у вихідній таблиці показників дороги.;high;original_source_geometry;координати вихідного набору 2017;Зчеплення_Херсон_М_2017.xlsx | М-17_пр  | rows 35-38;"Базовий загальноукраїнський шар; категорія може відрізнятися від пізніших реконструкцій.";False
BASE2017-00907;Херсонська;М-17;Херсон - Джанкой - Феодосія - Керч;державного значення;II;2;;30+000;32+000;30000;32000;2.0;експлуатаційні дані 2017;exact_piketage_from_source;data.gov.ua / Укравтодор;набір техніко-експлуатаційного стану доріг;Дані щодо техніко-експлуатаційного стану автомобільних доріг державного значення;2017;https://data.gov.ua/dataset/beca8aa5-96a9-46be-ade7-f1b400213af5;;Категорія міститься безпосередньо у вихідній таблиці показників дороги.;high;original_source_geometry;координати вихідного набору 2017;Зчеплення_Херсон_М_2017.xlsx | М-17_пр  | rows 39-40;"Базовий загальноукраїнський шар; категорія може відрізнятися від пізніших реконструкцій.";False
BASE2017-00908;Херсонська;М-17;Херсон - Джанкой - Феодосія - Керч;державного значення;IV;4;;32+000;33+000;32000;33000;1.0;експлуатаційні дані 2017;exact_piketage_from_source;data.gov.ua / Укравтодор;набір техніко-експлуатаційного стану доріг;Дані щодо техніко-експлуатаційного стану автомобільних доріг державного значення;2017;https://data.gov.ua/dataset/beca8aa5-96a9-46be-ade7-f1b400213af5;;Категорія міститься безпосередньо у вихідній таблиці показників дороги.;high;original_source_geometry;координати вихідного набору 2017;Зчеплення_Херсон_М_2017.xlsx | М-17_пр  | rows 41-41;"Базовий загальноукраїнський шар; категорія може відрізнятися від пізніших реконструкцій.";False
BASE2017-00909;Херсонська;М-17;Херсон - Джанкой - Феодосія - Керч;державного значення;II;2;;33+000;100+000;33000;100000;67.0;експлуатаційні дані 2017;exact_piketage_from_source;data.gov.ua / Укравтодор;набір техніко-експлуатаційного стану доріг;Дані щодо техніко-експлуатаційного стану автомобільних доріг державного значення;2017;https://data.gov.ua/dataset/beca8aa5-96a9-46be-ade7-f1b400213af5;;Категорія міститься безпосередньо у вихідній таблиці показників дороги.;high;original_source_geometry;координати вихідного набору 2017;Зчеплення_Херсон_М_2017.xlsx | М-17_пр  | rows 42-108;"Базовий загальноукраїнський шар; категорія може відрізнятися від пізніших реконструкцій.";False
BASE2017-00910;Херсонська;М-17;Херсон - Джанкой - Феодосія - Керч;державного значення;I;1;;100+000;114+367;100000;114367;14.367;експлуатаційні дані 2017;exact_piketage_from_source;data.gov.ua / Укравтодор;набір техніко-експлуатаційного стану доріг;Дані щодо техніко-експлуатаційного стану автомобільних доріг державного значення;2017;https://data.gov.ua/dataset/beca8aa5-96a9-46be-ade7-f1b400213af5;;Категорія міститься безпосередньо у вихідній таблиці показників дороги.;high;original_source_geometry;координати вихідного набору 2017;Зчеплення_Херсон_М_2017.xlsx | М-17_пр  | rows 109-123;"Базовий загальноукраїнський шар; категорія може відрізнятися від пізніших реконструкцій.";False
BASE2017-00911;Херсонська;М-18;Харків - Сімферополь - Алушта - Ялта;державного значення;II;2;;458+460;526+056;458460;526056;67.596;експлуатаційні дані 2017;exact_piketage_from_source;data.gov.ua / Укравтодор;набір техніко-експлуатаційного стану доріг;Дані щодо техніко-експлуатаційного стану автомобільних доріг державного значення;2017;https://data.gov.ua/dataset/beca8aa5-96a9-46be-ade7-f1b400213af5;;Категорія міститься безпосередньо у вихідній таблиці показників дороги.;high;original_source_geometry;координати вихідного набору 2017;Зчеплення_Херсон_М_2017.xlsx | М-18_пр | rows 9-77;"Базовий загальноукраїнський шар; категорія може відрізнятися від пізніших реконструкцій.";False
BASE2017-00912;Херсонська;Р-47;Херсон - Нова Каховка - Генічеськ;державного значення;II;2;;0+000;2+000;0;2000;2.0;експлуатаційні дані 2017;exact_piketage_from_source;data.gov.ua / Укравтодор;набір техніко-експлуатаційного стану доріг;Дані щодо техніко-експлуатаційного стану автомобільних доріг державного значення;2017;https://data.gov.ua/dataset/beca8aa5-96a9-46be-ade7-f1b400213af5;;Категорія міститься безпосередньо у вихідній таблиці показників дороги.;high;original_source_geometry;координати вихідного набору 2017;Зчеплення_Херсон_Р_2017.xlsx | р-47_пр | rows 9-10;"Базовий загальноукраїнський шар; категорія може відрізнятися від пізніших реконструкцій.";False
BASE2017-00913;Херсонська;Р-47;Херсон - Нова Каховка - Генічеськ;державного значення;I;1;;2+000;10+000;2000;10000;8.0;експлуатаційні дані 2017;exact_piketage_from_source;data.gov.ua / Укравтодор;набір техніко-експлуатаційного стану доріг;Дані щодо техніко-експлуатаційного стану автомобільних доріг державного значення;2017;https://data.gov.ua/dataset/beca8aa5-96a9-46be-ade7-f1b400213af5;;Категорія міститься безпосередньо у вихідній таблиці показників дороги.;high;original_source_geometry;координати вихідного набору 2017;Зчеплення_Херсон_Р_2017.xlsx | р-47_пр | rows 11-18;"Базовий загальноукраїнський шар; категорія може відрізнятися від пізніших реконструкцій.";False
BASE2017-00914;Херсонська;Р-47;Херсон - Нова Каховка - Генічеськ;державного значення;II;2;;10+000;20+000;10000;20000;10.0;експлуатаційні дані 2017;exact_piketage_from_source;data.gov.ua / Укравтодор;набір техніко-експлуатаційного стану доріг;Дані щодо техніко-експлуатаційного стану автомобільних доріг державного значення;2017;https://data.gov.ua/dataset/beca8aa5-96a9-46be-ade7-f1b400213af5;;Категорія міститься безпосередньо у вихідній таблиці показників дороги.;high;original_source_geometry;координати вихідного набору 2017;Зчеплення_Херсон_Р_2017.xlsx | р-47_пр | rows 19-28;"Базовий загальноукраїнський шар; категорія може відрізнятися від пізніших реконструкцій.";False
BASE2017-00915;Херсонська;Р-47;Херсон - Нова Каховка - Генічеськ;державного значення;I;1;;20+000;100+000;20000;100000;80.0;експлуатаційні дані 2017;exact_piketage_from_source;data.gov.ua / Укравтодор;набір техніко-експлуатаційного стану доріг;Дані щодо техніко-експлуатаційного стану автомобільних доріг державного значення;2017;https://data.gov.ua/dataset/beca8aa5-96a9-46be-ade7-f1b400213af5;;Категорія міститься безпосередньо у вихідній таблиці показників дороги.;high;original_source_geometry;координати вихідного набору 2017;Зчеплення_Херсон_Р_2017.xlsx | р-47_пр | rows 29-108;"Базовий загальноукраїнський шар; категорія може відрізнятися від пізніших реконструкцій.";False
BASE2017-00916;Херсонська;Р-47;Херсон - Нова Каховка - Генічеськ;державного значення;II;2;;100+000;189+265;100000;189265;89.265;експлуатаційні дані 2017;exact_piketage_from_source;data.gov.ua / Укравтодор;набір техніко-експлуатаційного стану доріг;Дані щодо техніко-експлуатаційного стану автомобільних доріг державного значення;2017;https://data.gov.ua/dataset/beca8aa5-96a9-46be-ade7-f1b400213af5;;Категорія міститься безпосередньо у вихідній таблиці показників дороги.;high;original_source_geometry;координати вихідного набору 2017;Зчеплення_Херсон_Р_2017.xlsx | р-47_пр | rows 109-198;"Базовий загальноукраїнський шар; категорія може відрізнятися від пізніших реконструкцій.";False
BASE2017-00917;Херсонська;Р-47;Херсон - Нова Каховка - Генічеськ;державного значення;II;2;;191+565;197+000;191565;197000;5.435;експлуатаційні дані 2017;exact_piketage_from_source;data.gov.ua / Укравтодор;набір техніко-експлуатаційного стану доріг;Дані щодо техніко-експлуатаційного стану автомобільних доріг державного значення;2017;https://data.gov.ua/dataset/beca8aa5-96a9-46be-ade7-f1b400213af5;;Категорія міститься безпосередньо у вихідній таблиці показників дороги.;high;original_source_geometry;координати вихідного набору 2017;Зчеплення_Херсон_Р_2017.xlsx | р-47_пр | rows 200-205;"Базовий загальноукраїнський шар; категорія може відрізнятися від пізніших реконструкцій.";False
BASE2017-00918;Херсонська;Р-47;Херсон - Нова Каховка - Генічеськ;державного значення;III;3;;197+000;200+000;197000;200000;3.0;експлуатаційні дані 2017;exact_piketage_from_source;data.gov.ua / Укравтодор;набір техніко-експлуатаційного стану доріг;Дані щодо техніко-експлуатаційного стану автомобільних доріг державного значення;2017;https://data.gov.ua/dataset/beca8aa5-96a9-46be-ade7-f1b400213af5;;Категорія міститься безпосередньо у вихідній таблиці показників дороги.;high;original_source_geometry;координати вихідного набору 2017;Зчеплення_Херсон_Р_2017.xlsx | р-47_пр | rows 206-208;"Базовий загальноукраїнський шар; категорія може відрізнятися від пізніших реконструкцій.";False
BASE2017-00919;Херсонська;Р-47;Херсон - Нова Каховка - Генічеськ;державного значення;I;1;;200+000;201+463;200000;201463;1.463;експлуатаційні дані 2017;exact_piketage_from_source;data.gov.ua / Укравтодор;набір техніко-експлуатаційного стану доріг;Дані щодо техніко-експлуатаційного стану автомобільних доріг державного значення;2017;https://data.gov.ua/dataset/beca8aa5-96a9-46be-ade7-f1b400213af5;;Категорія міститься безпосередньо у вихідній таблиці показників дороги.;high;original_source_geometry;координати вихідного набору 2017;Зчеплення_Херсон_Р_2017.xlsx | р-47_пр | rows 209-210;"Базовий загальноукраїнський шар; категорія може відрізнятися від пізніших реконструкцій.";False
BASE2017-00920;Херсонська;Р-47;Під'їзд до м. Каховка;державного значення;II;2;;1+000;3+400;1000;3400;2.4;експлуатаційні дані 2017;exact_piketage_from_source;data.gov.ua / Укравтодор;набір техніко-експлуатаційного стану доріг;Дані щодо техніко-експлуатаційного стану автомобільних доріг державного значення;2017;https://data.gov.ua/dataset/beca8aa5-96a9-46be-ade7-f1b400213af5;;Категорія міститься безпосередньо у вихідній таблиці показників дороги.;high;original_source_geometry;координати вихідного набору 2017;Зчеплення_Херсон_Р_2017.xlsx | р-47 П1_пр | rows 10-12;"Базовий загальноукраїнський шар; категорія може відрізнятися від пізніших реконструкцій.";False
BASE2017-00921;Херсонська;Р-47;Під'їзд до заповідника Асканія Нова;державного значення;II;2;;0+000;22+307;0;22307;22.307;експлуатаційні дані 2017;exact_piketage_from_source;data.gov.ua / Укравтодор;набір техніко-експлуатаційного стану доріг;Дані щодо техніко-експлуатаційного стану автомобільних доріг державного значення;2017;https://data.gov.ua/dataset/beca8aa5-96a9-46be-ade7-f1b400213af5;;Категорія міститься безпосередньо у вихідній таблиці показників дороги.;high;original_source_geometry;координати вихідного набору 2017;Зчеплення_Херсон_Р_2017.xlsx | р-47 П2_пр | rows 9-31;"Базовий загальноукраїнський шар; категорія може відрізнятися від пізніших реконструкцій.";False
BASE2017-00922;Херсонська;Р-57;Цюрупинськ - Гола Пристань - Скадовськ;державного значення;III;3;;0+000;80+900;0;80900;80.9;експлуатаційні дані 2017;exact_piketage_from_source;data.gov.ua / Укравтодор;набір техніко-експлуатаційного стану доріг;Дані щодо техніко-експлуатаційного стану автомобільних доріг державного значення;2017;https://data.gov.ua/dataset/beca8aa5-96a9-46be-ade7-f1b400213af5;;Категорія міститься безпосередньо у вихідній таблиці показників дороги.;high;original_source_geometry;координати вихідного набору 2017;Зчеплення_Херсон_Р_2017.xlsx | р-57_пр | rows 9-89;"Базовий загальноукраїнський шар; категорія може відрізнятися від пізніших реконструкцій.";False
BASE2017-00923;Херсонська;Р-57;Під'їзд до м. Цюрупинська;державного значення;III;3;;0+000;2+600;0;2600;2.6;експлуатаційні дані 2017;exact_piketage_from_source;data.gov.ua / Укравтодор;набір техніко-експлуатаційного стану доріг;Дані щодо техніко-експлуатаційного стану автомобільних доріг державного значення;2017;https://data.gov.ua/dataset/beca8aa5-96a9-46be-ade7-f1b400213af5;;Категорія міститься безпосередньо у вихідній таблиці показників дороги.;high;original_source_geometry;координати вихідного набору 2017;Зчеплення_Херсон_Р_2017.xlsx | р-57 П_пр | rows 9-11;"Базовий загальноукраїнський шар; категорія може відрізнятися від пізніших реконструкцій.";False
BASE2017-00924;Хмельницька;М-12;Стрий - Тернопіль - Кіровоград - Знам'янка (через Вінницю);державного значення;III;3;;191+400;332+052;191400;332052;140.652;експлуатаційні дані 2017;exact_piketage_from_source;data.gov.ua / Укравтодор;набір техніко-експлуатаційного стану доріг;Дані щодо техніко-експлуатаційного стану автомобільних доріг державного значення;2017;https://data.gov.ua/dataset/beca8aa5-96a9-46be-ade7-f1b400213af5;;Категорія міститься безпосередньо у вихідній таблиці показників дороги.;high;original_source_geometry;координати вихідного набору 2017;Зчеплення_Хмельницький_М_Н_2017.xlsx | М-12_пр | rows 9-150;"Базовий загальноукраїнський шар; категорія може відрізнятися від пізніших реконструкцій.";False
BASE2017-00925;Хмельницька;М-12;Східний під'їзд до м.Хмельницький;державного значення;III;3;;0+000;0+900;0;900;0.9;експлуатаційні дані 2017;exact_piketage_from_source;data.gov.ua / Укравтодор;набір техніко-експлуатаційного стану доріг;Дані щодо техніко-експлуатаційного стану автомобільних доріг державного значення;2017;https://data.gov.ua/dataset/beca8aa5-96a9-46be-ade7-f1b400213af5;;Категорія міститься безпосередньо у вихідній таблиці показників дороги.;high;original_source_geometry;координати вихідного набору 2017;Зчеплення_Хмельницький_М_Н_2017.xlsx | М-12 П1_пр | rows 9-13;"Базовий загальноукраїнський шар; категорія може відрізнятися від пізніших реконструкцій.";False
BASE2017-00926;Хмельницька;М-12;Східний під'їзд до м.Хмельницький;державного значення;III;3;;0+900;4+500;900;4500;3.6;експлуатаційні дані 2017;exact_piketage_from_source;data.gov.ua / Укравтодор;набір техніко-експлуатаційного стану доріг;Дані щодо техніко-експлуатаційного стану автомобільних доріг державного значення;2017;https://data.gov.ua/dataset/beca8aa5-96a9-46be-ade7-f1b400213af5;;Категорія міститься безпосередньо у вихідній таблиці показників дороги.;high;original_source_geometry;координати вихідного набору 2017;Зчеплення_Хмельницький_М_Н_2017.xlsx | М-12 П1_пр | rows 9-13;"Базовий загальноукраїнський шар; категорія може відрізнятися від пізніших реконструкцій.";False
BASE2017-00927;Хмельницька;М-12;Західний під'їзд до м.Хмельницький;державного значення;III;3;;0+000;0+900;0;900;0.9;експлуатаційні дані 2017;exact_piketage_from_source;data.gov.ua / Укравтодор;набір техніко-експлуатаційного стану доріг;Дані щодо техніко-експлуатаційного стану автомобільних доріг державного значення;2017;https://data.gov.ua/dataset/beca8aa5-96a9-46be-ade7-f1b400213af5;;Категорія міститься безпосередньо у вихідній таблиці показників дороги.;high;original_source_geometry;координати вихідного набору 2017;Зчеплення_Хмельницький_М_Н_2017.xlsx | М-12 П2_пр | rows 9-12;"Базовий загальноукраїнський шар; категорія може відрізнятися від пізніших реконструкцій.";False
BASE2017-00928;Хмельницька;М-12;Західний під'їзд до м.Хмельницький;державного значення;III;3;;0+900;3+500;900;3500;2.6;експлуатаційні дані 2017;exact_piketage_from_source;data.gov.ua / Укравтодор;набір техніко-експлуатаційного стану доріг;Дані щодо техніко-експлуатаційного стану автомобільних доріг державного значення;2017;https://data.gov.ua/dataset/beca8aa5-96a9-46be-ade7-f1b400213af5;;Категорія міститься безпосередньо у вихідній таблиці показників дороги.;high;original_source_geometry;координати вихідного набору 2017;Зчеплення_Хмельницький_М_Н_2017.xlsx | М-12 П2_пр | rows 9-12;"Базовий загальноукраїнський шар; категорія може відрізнятися від пізніших реконструкцій.";False
BASE2017-00929;Хмельницька;М-12;"Під'їзд до аеропорту ""Хмельницький""";державного значення;III;3;;0+000;0+900;0;900;0.9;експлуатаційні дані 2017;exact_piketage_from_source;data.gov.ua / Укравтодор;набір техніко-експлуатаційного стану доріг;Дані щодо техніко-експлуатаційного стану автомобільних доріг державного значення;2017;https://data.gov.ua/dataset/beca8aa5-96a9-46be-ade7-f1b400213af5;;Категорія міститься безпосередньо у вихідній таблиці показників дороги.;high;original_source_geometry;координати вихідного набору 2017;Зчеплення_Хмельницький_М_Н_2017.xlsx | М-12 П3_пр | rows 9-9;"Базовий загальноукраїнський шар; категорія може відрізнятися від пізніших реконструкцій.";False
BASE2017-00930;Хмельницька;Н-03;Житомир - Чернівці;державного значення;II;2;;95+804;178+422;95804;178422;82.618;експлуатаційні дані 2017;exact_piketage_from_source;data.gov.ua / Укравтодор;набір техніко-експлуатаційного стану доріг;Дані щодо техніко-експлуатаційного стану автомобільних доріг державного значення;2017;https://data.gov.ua/dataset/beca8aa5-96a9-46be-ade7-f1b400213af5;;Категорія міститься безпосередньо у вихідній таблиці показників дороги.;high;original_source_geometry;координати вихідного набору 2017;Зчеплення_Хмельницький_М_Н_2017.xlsx | Н-03_пр | rows 9-92;"Базовий загальноукраїнський шар; категорія може відрізнятися від пізніших реконструкцій.";False
BASE2017-00931;Хмельницька;Н-03;Житомир - Чернівці;державного значення;II;2;;189+966;302+964;189966;302964;112.998;експлуатаційні дані 2017;exact_piketage_from_source;data.gov.ua / Укравтодор;набір техніко-експлуатаційного стану доріг;Дані щодо техніко-експлуатаційного стану автомобільних доріг державного значення;2017;https://data.gov.ua/dataset/beca8aa5-96a9-46be-ade7-f1b400213af5;;Категорія міститься безпосередньо у вихідній таблиці показників дороги.;high;original_source_geometry;координати вихідного набору 2017;Зчеплення_Хмельницький_М_Н_2017.xlsx | Н-03_пр | rows 93-206;"Базовий загальноукраїнський шар; категорія може відрізнятися від пізніших реконструкцій.";False
BASE2017-00932;Хмельницька;Н-03;Обхід м.Дунаївці;державного значення;II;2;;0+000;2+700;0;2700;2.7;експлуатаційні дані 2017;exact_piketage_from_source;data.gov.ua / Укравтодор;набір техніко-експлуатаційного стану доріг;Дані щодо техніко-експлуатаційного стану автомобільних доріг державного значення;2017;https://data.gov.ua/dataset/beca8aa5-96a9-46be-ade7-f1b400213af5;;Категорія міститься безпосередньо у вихідній таблиці показників дороги.;high;original_source_geometry;координати вихідного набору 2017;Зчеплення_Хмельницький_М_Н_2017.xlsx | Н-03 О_пр | rows 9-11;"Базовий загальноукраїнський шар; категорія може відрізнятися від пізніших реконструкцій.";False
BASE2017-00933;Хмельницька;Р-05;Городище - Рівне - Староконстянтинів;державного значення;III;3;;209+335;303+835;209335;303835;94.5;експлуатаційні дані 2017;exact_piketage_from_source;data.gov.ua / Укравтодор;набір техніко-експлуатаційного стану доріг;Дані щодо техніко-експлуатаційного стану автомобільних доріг державного значення;2017;https://data.gov.ua/dataset/beca8aa5-96a9-46be-ade7-f1b400213af5;;Категорія міститься безпосередньо у вихідній таблиці показників дороги.;high;original_source_geometry;координати вихідного набору 2017;Зчеплення_Хмельницький_Р_2017.xlsx | Р-05_пр | rows 9-103;"Базовий загальноукраїнський шар; категорія може відрізнятися від пізніших реконструкцій.";False
BASE2017-00934;Хмельницька;Р-05;Під'їзд до Нетішина;державного значення;III;3;;0+000;2+400;0;2400;2.4;експлуатаційні дані 2017;exact_piketage_from_source;data.gov.ua / Укравтодор;набір техніко-експлуатаційного стану доріг;Дані щодо техніко-експлуатаційного стану автомобільних доріг державного значення;2017;https://data.gov.ua/dataset/beca8aa5-96a9-46be-ade7-f1b400213af5;;Категорія міститься безпосередньо у вихідній таблиці показників дороги.;high;original_source_geometry;координати вихідного набору 2017;Зчеплення_Хмельницький_Р_2017.xlsx | р-05 П_пр | rows 9-11;"Базовий загальноукраїнський шар; категорія може відрізнятися від пізніших реконструкцій.";False
BASE2017-00935;Хмельницька;Р-24;Татарів - Косів - Коломия - Борщів - Кам'янець-Подільський;державного значення;III;3;;230+905;264+805;230905;264805;33.9;експлуатаційні дані 2017;exact_piketage_from_source;data.gov.ua / Укравтодор;набір техніко-експлуатаційного стану доріг;Дані щодо техніко-експлуатаційного стану автомобільних доріг державного значення;2017;https://data.gov.ua/dataset/beca8aa5-96a9-46be-ade7-f1b400213af5;;Категорія міститься безпосередньо у вихідній таблиці показників дороги.;high;original_source_geometry;координати вихідного набору 2017;Зчеплення_Хмельницький_Р_2017.xlsx | р-24_пр | rows 9-43;"Базовий загальноукраїнський шар; категорія може відрізнятися від пізніших реконструкцій.";False
BASE2017-00936;Хмельницька;Р-26;Острог - Кременець - Почаїв - Радивилів;державного значення;II;2;;9+800;10+000;9800;10000;0.2;експлуатаційні дані 2017;exact_piketage_from_source;data.gov.ua / Укравтодор;набір техніко-експлуатаційного стану доріг;Дані щодо техніко-експлуатаційного стану автомобільних доріг державного значення;2017;https://data.gov.ua/dataset/beca8aa5-96a9-46be-ade7-f1b400213af5;;Категорія міститься безпосередньо у вихідній таблиці показників дороги.;high;original_source_geometry;координати вихідного набору 2017;Зчеплення_Хмельницький_Р_2017.xlsx | р-26_пр | rows 9-9;"Базовий загальноукраїнський шар; категорія може відрізнятися від пізніших реконструкцій.";False
BASE2017-00937;Хмельницька;Р-26;Острог - Кременець - Почаїв - Радивилів;державного значення;IV;4;;10+000;32+800;10000;32800;22.8;експлуатаційні дані 2017;exact_piketage_from_source;data.gov.ua / Укравтодор;набір техніко-експлуатаційного стану доріг;Дані щодо техніко-експлуатаційного стану автомобільних доріг державного значення;2017;https://data.gov.ua/dataset/beca8aa5-96a9-46be-ade7-f1b400213af5;;Категорія міститься безпосередньо у вихідній таблиці показників дороги.;high;original_source_geometry;координати вихідного набору 2017;Зчеплення_Хмельницький_Р_2017.xlsx | р-26_пр | rows 10-32;"Базовий загальноукраїнський шар; категорія може відрізнятися від пізніших реконструкцій.";False
BASE2017-00938;Хмельницька;Р-32;Кременець - Біла Церква - Ржищів;державного значення;II;2;;30+850;35+000;30850;35000;4.15;експлуатаційні дані 2017;exact_piketage_from_source;data.gov.ua / Укравтодор;набір техніко-експлуатаційного стану доріг;Дані щодо техніко-експлуатаційного стану автомобільних доріг державного значення;2017;https://data.gov.ua/dataset/beca8aa5-96a9-46be-ade7-f1b400213af5;;Категорія міститься безпосередньо у вихідній таблиці показників дороги.;high;original_source_geometry;координати вихідного набору 2017;Зчеплення_Хмельницький_Р_2017.xlsx | р-32_пр | rows 9-13;"Базовий загальноукраїнський шар; категорія може відрізнятися від пізніших реконструкцій.";False
BASE2017-00939;Хмельницька;Р-32;Кременець - Біла Церква - Ржищів;державного значення;III;3;;35+000;37+000;35000;37000;2.0;експлуатаційні дані 2017;exact_piketage_from_source;data.gov.ua / Укравтодор;набір техніко-експлуатаційного стану доріг;Дані щодо техніко-експлуатаційного стану автомобільних доріг державного значення;2017;https://data.gov.ua/dataset/beca8aa5-96a9-46be-ade7-f1b400213af5;;Категорія міститься безпосередньо у вихідній таблиці показників дороги.;high;original_source_geometry;координати вихідного набору 2017;Зчеплення_Хмельницький_Р_2017.xlsx | р-32_пр | rows 14-15;"Базовий загальноукраїнський шар; категорія може відрізнятися від пізніших реконструкцій.";False
BASE2017-00940;Хмельницька;Р-32;Кременець - Біла Церква - Ржищів;державного значення;II;2;;37+000;100+000;37000;100000;63.0;експлуатаційні дані 2017;exact_piketage_from_source;data.gov.ua / Укравтодор;набір техніко-експлуатаційного стану доріг;Дані щодо техніко-експлуатаційного стану автомобільних доріг державного значення;2017;https://data.gov.ua/dataset/beca8aa5-96a9-46be-ade7-f1b400213af5;;Категорія міститься безпосередньо у вихідній таблиці показників дороги.;high;original_source_geometry;координати вихідного набору 2017;Зчеплення_Хмельницький_Р_2017.xlsx | р-32_пр | rows 16-78;"Базовий загальноукраїнський шар; категорія може відрізнятися від пізніших реконструкцій.";False
BASE2017-00941;Хмельницька;Р-32;Кременець - Біла Церква - Ржищів;державного значення;III;3;;100+000;137+540;100000;137540;37.54;експлуатаційні дані 2017;exact_piketage_from_source;data.gov.ua / Укравтодор;набір техніко-експлуатаційного стану доріг;Дані щодо техніко-експлуатаційного стану автомобільних доріг державного значення;2017;https://data.gov.ua/dataset/beca8aa5-96a9-46be-ade7-f1b400213af5;;Категорія міститься безпосередньо у вихідній таблиці показників дороги.;high;original_source_geometry;координати вихідного набору 2017;Зчеплення_Хмельницький_Р_2017.xlsx | р-32_пр | rows 79-116;"Базовий загальноукраїнський шар; категорія може відрізнятися від пізніших реконструкцій.";False
BASE2017-00942;Хмельницька;Р-48;Кам'янець-Подільський - Сатанів - Війтівці - Білогір'я;державного значення;II;2;;0+000;96+000;0;96000;96.0;експлуатаційні дані 2017;exact_piketage_from_source;data.gov.ua / Укравтодор;набір техніко-експлуатаційного стану доріг;Дані щодо техніко-експлуатаційного стану автомобільних доріг державного значення;2017;https://data.gov.ua/dataset/beca8aa5-96a9-46be-ade7-f1b400213af5;;Категорія міститься безпосередньо у вихідній таблиці показників дороги.;high;original_source_geometry;координати вихідного набору 2017;Зчеплення_Хмельницький_Р_2017.xlsx | р-48_пр | rows 9-104;"Базовий загальноукраїнський шар; категорія може відрізнятися від пізніших реконструкцій.";False
BASE2017-00943;Хмельницька;Р-48;Кам'янець-Подільський - Сатанів - Війтівці - Білогір'я;державного значення;III;3;;96+000;99+000;96000;99000;3.0;експлуатаційні дані 2017;exact_piketage_from_source;data.gov.ua / Укравтодор;набір техніко-експлуатаційного стану доріг;Дані щодо техніко-експлуатаційного стану автомобільних доріг державного значення;2017;https://data.gov.ua/dataset/beca8aa5-96a9-46be-ade7-f1b400213af5;;Категорія міститься безпосередньо у вихідній таблиці показників дороги.;high;original_source_geometry;координати вихідного набору 2017;Зчеплення_Хмельницький_Р_2017.xlsx | р-48_пр | rows 105-107;"Базовий загальноукраїнський шар; категорія може відрізнятися від пізніших реконструкцій.";False
BASE2017-00944;Хмельницька;Р-48;Кам'янець-Подільський - Сатанів - Війтівці - Білогір'я;державного значення;II;2;;99+000;154+303;99000;154303;55.303;експлуатаційні дані 2017;exact_piketage_from_source;data.gov.ua / Укравтодор;набір техніко-експлуатаційного стану доріг;Дані щодо техніко-експлуатаційного стану автомобільних доріг державного значення;2017;https://data.gov.ua/dataset/beca8aa5-96a9-46be-ade7-f1b400213af5;;Категорія міститься безпосередньо у вихідній таблиці показників дороги.;high;original_source_geometry;координати вихідного набору 2017;Зчеплення_Хмельницький_Р_2017.xlsx | р-48_пр | rows 108-163;"Базовий загальноукраїнський шар; категорія може відрізнятися від пізніших реконструкцій.";False
BASE2017-00945;Хмельницька;Р-48;Кам'янець-Подільський - Сатанів - Війтівці - Білогір'я;державного значення;II;2;;156+024;161+621;156024;161621;5.597;експлуатаційні дані 2017;exact_piketage_from_source;data.gov.ua / Укравтодор;набір техніко-експлуатаційного стану доріг;Дані щодо техніко-експлуатаційного стану автомобільних доріг державного значення;2017;https://data.gov.ua/dataset/beca8aa5-96a9-46be-ade7-f1b400213af5;;Категорія міститься безпосередньо у вихідній таблиці показників дороги.;high;original_source_geometry;координати вихідного набору 2017;Зчеплення_Хмельницький_Р_2017.xlsx | р-48_пр | rows 164-169;"Базовий загальноукраїнський шар; категорія може відрізнятися від пізніших реконструкцій.";False
BASE2017-00946;Хмельницька;Р-49;Васьковичі - Шепетівка;державного значення;II;2;;136+165;164+165;136165;164165;28.0;експлуатаційні дані 2017;exact_piketage_from_source;data.gov.ua / Укравтодор;набір техніко-експлуатаційного стану доріг;Дані щодо техніко-експлуатаційного стану автомобільних доріг державного значення;2017;https://data.gov.ua/dataset/beca8aa5-96a9-46be-ade7-f1b400213af5;;Категорія міститься безпосередньо у вихідній таблиці показників дороги.;high;original_source_geometry;координати вихідного набору 2017;Зчеплення_Хмельницький_Р_2017.xlsx | р-49_пр | rows 9-37;"Базовий загальноукраїнський шар; категорія може відрізнятися від пізніших реконструкцій.";False
BASE2017-00947;Хмельницька;Р-50;Під'їзд до смт. Ярмолинці;державного значення;II;2;;0+000;3+000;0;3000;3.0;експлуатаційні дані 2017;exact_piketage_from_source;data.gov.ua / Укравтодор;набір техніко-експлуатаційного стану доріг;Дані щодо техніко-експлуатаційного стану автомобільних доріг державного значення;2017;https://data.gov.ua/dataset/beca8aa5-96a9-46be-ade7-f1b400213af5;;Категорія міститься безпосередньо у вихідній таблиці показників дороги.;high;original_source_geometry;координати вихідного набору 2017;Зчеплення_Хмельницький_Р_2017.xlsx | р-50 П2_пр | rows 9-11;"Базовий загальноукраїнський шар; категорія може відрізнятися від пізніших реконструкцій.";False
BASE2017-00948;Хмельницька;Р-50;Під'їзд до смт. Ярмолинці;державного значення;III;3;;3+000;4+000;3000;4000;1.0;експлуатаційні дані 2017;exact_piketage_from_source;data.gov.ua / Укравтодор;набір техніко-експлуатаційного стану доріг;Дані щодо техніко-експлуатаційного стану автомобільних доріг державного значення;2017;https://data.gov.ua/dataset/beca8aa5-96a9-46be-ade7-f1b400213af5;;Категорія міститься безпосередньо у вихідній таблиці показників дороги.;high;original_source_geometry;координати вихідного набору 2017;Зчеплення_Хмельницький_Р_2017.xlsx | р-50 П2_пр | rows 12-12;"Базовий загальноукраїнський шар; категорія може відрізнятися від пізніших реконструкцій.";False
BASE2017-00949;Хмельницька;Р-50;Під'їзд до смт. Ярмолинці;державного значення;II;2;;4+000;5+000;4000;5000;1.0;експлуатаційні дані 2017;exact_piketage_from_source;data.gov.ua / Укравтодор;набір техніко-експлуатаційного стану доріг;Дані щодо техніко-експлуатаційного стану автомобільних доріг державного значення;2017;https://data.gov.ua/dataset/beca8aa5-96a9-46be-ade7-f1b400213af5;;Категорія міститься безпосередньо у вихідній таблиці показників дороги.;high;original_source_geometry;координати вихідного набору 2017;Зчеплення_Хмельницький_Р_2017.xlsx | р-50 П2_пр | rows 13-13;"Базовий загальноукраїнський шар; категорія може відрізнятися від пізніших реконструкцій.";False
BASE2017-00950;Хмельницька;Р-50;Ярмолинці - Сатанів;державного значення;III;3;;5+000;10+000;5000;10000;5.0;експлуатаційні дані 2017;exact_piketage_from_source;data.gov.ua / Укравтодор;набір техніко-експлуатаційного стану доріг;Дані щодо техніко-експлуатаційного стану автомобільних доріг державного значення;2017;https://data.gov.ua/dataset/beca8aa5-96a9-46be-ade7-f1b400213af5;;Категорія міститься безпосередньо у вихідній таблиці показників дороги.;high;original_source_geometry;координати вихідного набору 2017;Зчеплення_Хмельницький_Р_2017.xlsx | р-50_пр | rows 14-18;"Базовий загальноукраїнський шар; категорія може відрізнятися від пізніших реконструкцій.";False
BASE2017-00951;Хмельницька;Р-50;Ярмолинці - Сатанів;державного значення;II;2;;10+000;21+000;10000;21000;11.0;експлуатаційні дані 2017;exact_piketage_from_source;data.gov.ua / Укравтодор;набір техніко-експлуатаційного стану доріг;Дані щодо техніко-експлуатаційного стану автомобільних доріг державного значення;2017;https://data.gov.ua/dataset/beca8aa5-96a9-46be-ade7-f1b400213af5;;Категорія міститься безпосередньо у вихідній таблиці показників дороги.;high;original_source_geometry;координати вихідного набору 2017;Зчеплення_Хмельницький_Р_2017.xlsx | р-50_пр | rows 19-29;"Базовий загальноукраїнський шар; категорія може відрізнятися від пізніших реконструкцій.";False
BASE2017-00952;Хмельницька;Р-50;Ярмолинці - Сатанів;державного значення;III;3;;21+000;27+000;21000;27000;6.0;експлуатаційні дані 2017;exact_piketage_from_source;data.gov.ua / Укравтодор;набір техніко-експлуатаційного стану доріг;Дані щодо техніко-експлуатаційного стану автомобільних доріг державного значення;2017;https://data.gov.ua/dataset/beca8aa5-96a9-46be-ade7-f1b400213af5;;Категорія міститься безпосередньо у вихідній таблиці показників дороги.;high;original_source_geometry;координати вихідного набору 2017;Зчеплення_Хмельницький_Р_2017.xlsx | р-50_пр | rows 30-35;"Базовий загальноукраїнський шар; категорія може відрізнятися від пізніших реконструкцій.";False
BASE2017-00953;Хмельницька;Р-50;Ярмолинці - Сатанів;державного значення;II;2;;27+000;28+000;27000;28000;1.0;експлуатаційні дані 2017;exact_piketage_from_source;data.gov.ua / Укравтодор;набір техніко-експлуатаційного стану доріг;Дані щодо техніко-експлуатаційного стану автомобільних доріг державного значення;2017;https://data.gov.ua/dataset/beca8aa5-96a9-46be-ade7-f1b400213af5;;Категорія міститься безпосередньо у вихідній таблиці показників дороги.;high;original_source_geometry;координати вихідного набору 2017;Зчеплення_Хмельницький_Р_2017.xlsx | р-50_пр | rows 36-36;"Базовий загальноукраїнський шар; категорія може відрізнятися від пізніших реконструкцій.";False
BASE2017-00954;Хмельницька;Р-50;Ярмолинці - Сатанів;державного значення;III;3;;28+000;34+000;28000;34000;6.0;експлуатаційні дані 2017;exact_piketage_from_source;data.gov.ua / Укравтодор;набір техніко-експлуатаційного стану доріг;Дані щодо техніко-експлуатаційного стану автомобільних доріг державного значення;2017;https://data.gov.ua/dataset/beca8aa5-96a9-46be-ade7-f1b400213af5;;Категорія міститься безпосередньо у вихідній таблиці показників дороги.;high;original_source_geometry;координати вихідного набору 2017;Зчеплення_Хмельницький_Р_2017.xlsx | р-50_пр | rows 37-42;"Базовий загальноукраїнський шар; категорія може відрізнятися від пізніших реконструкцій.";False
BASE2017-00955;Хмельницька;Р-50;Ярмолинці - Сатанів;державного значення;II;2;;34+000;43+000;34000;43000;9.0;експлуатаційні дані 2017;exact_piketage_from_source;data.gov.ua / Укравтодор;набір техніко-експлуатаційного стану доріг;Дані щодо техніко-експлуатаційного стану автомобільних доріг державного значення;2017;https://data.gov.ua/dataset/beca8aa5-96a9-46be-ade7-f1b400213af5;;Категорія міститься безпосередньо у вихідній таблиці показників дороги.;high;original_source_geometry;координати вихідного набору 2017;Зчеплення_Хмельницький_Р_2017.xlsx | р-50_пр | rows 43-51;"Базовий загальноукраїнський шар; категорія може відрізнятися від пізніших реконструкцій.";False
BASE2017-00956;Хмельницька;Р-50;Ярмолинці - Сатанів;державного значення;III;3;;43+000;46+000;43000;46000;3.0;експлуатаційні дані 2017;exact_piketage_from_source;data.gov.ua / Укравтодор;набір техніко-експлуатаційного стану доріг;Дані щодо техніко-експлуатаційного стану автомобільних доріг державного значення;2017;https://data.gov.ua/dataset/beca8aa5-96a9-46be-ade7-f1b400213af5;;Категорія міститься безпосередньо у вихідній таблиці показників дороги.;high;original_source_geometry;координати вихідного набору 2017;Зчеплення_Хмельницький_Р_2017.xlsx | р-50_пр | rows 52-54;"Базовий загальноукраїнський шар; категорія може відрізнятися від пізніших реконструкцій.";False
BASE2017-00957;Хмельницька;Р-50;Ярмолинці - Сатанів;державного значення;II;2;;46+000;46+175;46000;46175;0.175;експлуатаційні дані 2017;exact_piketage_from_source;data.gov.ua / Укравтодор;набір техніко-експлуатаційного стану доріг;Дані щодо техніко-експлуатаційного стану автомобільних доріг державного значення;2017;https://data.gov.ua/dataset/beca8aa5-96a9-46be-ade7-f1b400213af5;;Категорія міститься безпосередньо у вихідній таблиці показників дороги.;high;original_source_geometry;координати вихідного набору 2017;Зчеплення_Хмельницький_Р_2017.xlsx | р-50_пр | rows 55-55;"Базовий загальноукраїнський шар; категорія може відрізнятися від пізніших реконструкцій.";False
BASE2017-00958;Хмельницька;Р-50;"Підїзд до державного куротку ""Сатанів""";державного значення;III;3;;48+614;52+864;48614;52864;4.25;експлуатаційні дані 2017;exact_piketage_from_source;data.gov.ua / Укравтодор;набір техніко-експлуатаційного стану доріг;Дані щодо техніко-експлуатаційного стану автомобільних доріг державного значення;2017;https://data.gov.ua/dataset/beca8aa5-96a9-46be-ade7-f1b400213af5;;Категорія міститься безпосередньо у вихідній таблиці показників дороги.;high;original_source_geometry;координати вихідного набору 2017;Зчеплення_Хмельницький_Р_2017.xlsx | р-50_П1_П | rows 9-14;"Базовий загальноукраїнський шар; категорія може відрізнятися від пізніших реконструкцій.";False
BASE2017-00959;Хмельницька;Р-50;"Підїзд до державного куротку ""Сатанів""";державного значення;III;3;;52+864;53+566;52864;53566;0.702;експлуатаційні дані 2017;exact_piketage_from_source;data.gov.ua / Укравтодор;набір техніко-експлуатаційного стану доріг;Дані щодо техніко-експлуатаційного стану автомобільних доріг державного значення;2017;https://data.gov.ua/dataset/beca8aa5-96a9-46be-ade7-f1b400213af5;;Категорія міститься безпосередньо у вихідній таблиці показників дороги.;high;original_source_geometry;координати вихідного набору 2017;Зчеплення_Хмельницький_Р_2017.xlsx | р-50_П1_П | rows 9-14;"Базовий загальноукраїнський шар; категорія може відрізнятися від пізніших реконструкцій.";False
BASE2017-00960;Хмельницька;Р-50;Під'їзд до смт. Ярмолинці;державного значення;II;2;;0+000;3+000;0;3000;3.0;експлуатаційні дані 2017;exact_piketage_from_source;data.gov.ua / Укравтодор;набір техніко-експлуатаційного стану доріг;Дані щодо техніко-експлуатаційного стану автомобільних доріг державного значення;2017;https://data.gov.ua/dataset/beca8aa5-96a9-46be-ade7-f1b400213af5;;Категорія міститься безпосередньо у вихідній таблиці показників дороги.;high;original_source_geometry;координати вихідного набору 2017;Зчеплення_Хмельницький_Р_2017.xlsx | р-50 П2_пр | rows 9-11;"Базовий загальноукраїнський шар; категорія може відрізнятися від пізніших реконструкцій.";False
BASE2017-00961;Хмельницька;Р-50;Під'їзд до смт. Ярмолинці;державного значення;III;3;;3+000;4+000;3000;4000;1.0;експлуатаційні дані 2017;exact_piketage_from_source;data.gov.ua / Укравтодор;набір техніко-експлуатаційного стану доріг;Дані щодо техніко-експлуатаційного стану автомобільних доріг державного значення;2017;https://data.gov.ua/dataset/beca8aa5-96a9-46be-ade7-f1b400213af5;;Категорія міститься безпосередньо у вихідній таблиці показників дороги.;high;original_source_geometry;координати вихідного набору 2017;Зчеплення_Хмельницький_Р_2017.xlsx | р-50 П2_пр | rows 12-12;"Базовий загальноукраїнський шар; категорія може відрізнятися від пізніших реконструкцій.";False
BASE2017-00962;Хмельницька;Р-50;Під'їзд до смт. Ярмолинці;державного значення;II;2;;4+000;5+000;4000;5000;1.0;експлуатаційні дані 2017;exact_piketage_from_source;data.gov.ua / Укравтодор;набір техніко-експлуатаційного стану доріг;Дані щодо техніко-експлуатаційного стану автомобільних доріг державного значення;2017;https://data.gov.ua/dataset/beca8aa5-96a9-46be-ade7-f1b400213af5;;Категорія міститься безпосередньо у вихідній таблиці показників дороги.;high;original_source_geometry;координати вихідного набору 2017;Зчеплення_Хмельницький_Р_2017.xlsx | р-50 П2_пр | rows 13-13;"Базовий загальноукраїнський шар; категорія може відрізнятися від пізніших реконструкцій.";False
BASE2017-00963;Черкаська;М-05;Київ - Одеса;державного значення;I;1;;143+028;146+000;143028;146000;2.972;експлуатаційні дані 2017;exact_piketage_from_source;data.gov.ua / Укравтодор;набір техніко-експлуатаційного стану доріг;Дані щодо техніко-експлуатаційного стану автомобільних доріг державного значення;2017;https://data.gov.ua/dataset/beca8aa5-96a9-46be-ade7-f1b400213af5;;Категорія міститься безпосередньо у вихідній таблиці показників дороги.;high;original_source_geometry;координати вихідного набору 2017;Зчеплення_Черкаси_М_Н_2017.xlsx | М-05_пр | rows 9-11;"Базовий загальноукраїнський шар; категорія може відрізнятися від пізніших реконструкцій.";False
BASE2017-00964;Черкаська;М-05;Київ - Одеса;державного значення;II;2;;146+000;274+360;146000;274360;128.36;експлуатаційні дані 2017;exact_piketage_from_source;data.gov.ua / Укравтодор;набір техніко-експлуатаційного стану доріг;Дані щодо техніко-експлуатаційного стану автомобільних доріг державного значення;2017;https://data.gov.ua/dataset/beca8aa5-96a9-46be-ade7-f1b400213af5;;Категорія міститься безпосередньо у вихідній таблиці показників дороги.;high;original_source_geometry;координати вихідного набору 2017;Зчеплення_Черкаси_М_Н_2017.xlsx | М-05_пр | rows 12-140;"Базовий загальноукраїнський шар; категорія може відрізнятися від пізніших реконструкцій.";False
BASE2017-00965;Черкаська;М-12;Стрий - Тернопіль - Кіровоград - Знам‛янка (через Вінницю);державного значення;III;3;;513+515;578+928;513515;578928;65.413;експлуатаційні дані 2017;exact_piketage_from_source;data.gov.ua / Укравтодор;набір техніко-експлуатаційного стану доріг;Дані щодо техніко-експлуатаційного стану автомобільних доріг державного значення;2017;https://data.gov.ua/dataset/beca8aa5-96a9-46be-ade7-f1b400213af5;;Категорія міститься безпосередньо у вихідній таблиці показників дороги.;high;original_source_geometry;координати вихідного набору 2017;Зчеплення_Черкаси_М_Н_2017.xlsx | М-12_пр | rows 9-74;"Базовий загальноукраїнський шар; категорія може відрізнятися від пізніших реконструкцій.";False
BASE2017-00966;Черкаська;Н-01;Київ - Знам‛янка;державного значення;II;2;;123+850;156+000;123850;156000;32.15;експлуатаційні дані 2017;exact_piketage_from_source;data.gov.ua / Укравтодор;набір техніко-експлуатаційного стану доріг;Дані щодо техніко-експлуатаційного стану автомобільних доріг державного значення;2017;https://data.gov.ua/dataset/beca8aa5-96a9-46be-ade7-f1b400213af5;;Категорія міститься безпосередньо у вихідній таблиці показників дороги.;high;original_source_geometry;координати вихідного набору 2017;Зчеплення_Черкаси_М_Н_2017.xlsx | Н-01_пр | rows 9-41;"Базовий загальноукраїнський шар; категорія може відрізнятися від пізніших реконструкцій.";False
BASE2017-00967;Черкаська;Н-01;Київ - Знам‛янка;державного значення;III;3;;156+000;157+000;156000;157000;1.0;експлуатаційні дані 2017;exact_piketage_from_source;data.gov.ua / Укравтодор;набір техніко-експлуатаційного стану доріг;Дані щодо техніко-експлуатаційного стану автомобільних доріг державного значення;2017;https://data.gov.ua/dataset/beca8aa5-96a9-46be-ade7-f1b400213af5;;Категорія міститься безпосередньо у вихідній таблиці показників дороги.;high;original_source_geometry;координати вихідного набору 2017;Зчеплення_Черкаси_М_Н_2017.xlsx | Н-01_пр | rows 42-42;"Базовий загальноукраїнський шар; категорія може відрізнятися від пізніших реконструкцій.";False
BASE2017-00968;Черкаська;Н-01;Київ - Знам‛янка;державного значення;II;2;;157+000;166+000;157000;166000;9.0;експлуатаційні дані 2017;exact_piketage_from_source;data.gov.ua / Укравтодор;набір техніко-експлуатаційного стану доріг;Дані щодо техніко-експлуатаційного стану автомобільних доріг державного значення;2017;https://data.gov.ua/dataset/beca8aa5-96a9-46be-ade7-f1b400213af5;;Категорія міститься безпосередньо у вихідній таблиці показників дороги.;high;original_source_geometry;координати вихідного набору 2017;Зчеплення_Черкаси_М_Н_2017.xlsx | Н-01_пр | rows 43-51;"Базовий загальноукраїнський шар; категорія може відрізнятися від пізніших реконструкцій.";False
BASE2017-00969;Черкаська;Н-01;Київ - Знам‛янка;державного значення;III;3;;166+000;167+000;166000;167000;1.0;експлуатаційні дані 2017;exact_piketage_from_source;data.gov.ua / Укравтодор;набір техніко-експлуатаційного стану доріг;Дані щодо техніко-експлуатаційного стану автомобільних доріг державного значення;2017;https://data.gov.ua/dataset/beca8aa5-96a9-46be-ade7-f1b400213af5;;Категорія міститься безпосередньо у вихідній таблиці показників дороги.;high;original_source_geometry;координати вихідного набору 2017;Зчеплення_Черкаси_М_Н_2017.xlsx | Н-01_пр | rows 52-52;"Базовий загальноукраїнський шар; категорія може відрізнятися від пізніших реконструкцій.";False
BASE2017-00970;Черкаська;Н-01;Київ - Знам‛янка;державного значення;II;2;;167+000;172+000;167000;172000;5.0;експлуатаційні дані 2017;exact_piketage_from_source;data.gov.ua / Укравтодор;набір техніко-експлуатаційного стану доріг;Дані щодо техніко-експлуатаційного стану автомобільних доріг державного значення;2017;https://data.gov.ua/dataset/beca8aa5-96a9-46be-ade7-f1b400213af5;;Категорія міститься безпосередньо у вихідній таблиці показників дороги.;high;original_source_geometry;координати вихідного набору 2017;Зчеплення_Черкаси_М_Н_2017.xlsx | Н-01_пр | rows 53-57;"Базовий загальноукраїнський шар; категорія може відрізнятися від пізніших реконструкцій.";False
BASE2017-00971;Черкаська;Н-01;Київ - Знам‛янка;державного значення;III;3;;172+000;173+000;172000;173000;1.0;експлуатаційні дані 2017;exact_piketage_from_source;data.gov.ua / Укравтодор;набір техніко-експлуатаційного стану доріг;Дані щодо техніко-експлуатаційного стану автомобільних доріг державного значення;2017;https://data.gov.ua/dataset/beca8aa5-96a9-46be-ade7-f1b400213af5;;Категорія міститься безпосередньо у вихідній таблиці показників дороги.;high;original_source_geometry;координати вихідного набору 2017;Зчеплення_Черкаси_М_Н_2017.xlsx | Н-01_пр | rows 58-58;"Базовий загальноукраїнський шар; категорія може відрізнятися від пізніших реконструкцій.";False
BASE2017-00972;Черкаська;Н-01;Київ - Знам‛янка;державного значення;II;2;;173+000;198+610;173000;198610;25.61;експлуатаційні дані 2017;exact_piketage_from_source;data.gov.ua / Укравтодор;набір техніко-експлуатаційного стану доріг;Дані щодо техніко-експлуатаційного стану автомобільних доріг державного значення;2017;https://data.gov.ua/dataset/beca8aa5-96a9-46be-ade7-f1b400213af5;;Категорія міститься безпосередньо у вихідній таблиці показників дороги.;high;original_source_geometry;координати вихідного набору 2017;Зчеплення_Черкаси_М_Н_2017.xlsx | Н-01_пр | rows 59-84;"Базовий загальноукраїнський шар; категорія може відрізнятися від пізніших реконструкцій.";False
BASE2017-00973;Черкаська;Н-01;Київ - Знам‛янка;державного значення;II;2;;205+280;241+622;205280;241622;36.342;експлуатаційні дані 2017;exact_piketage_from_source;data.gov.ua / Укравтодор;набір техніко-експлуатаційного стану доріг;Дані щодо техніко-експлуатаційного стану автомобільних доріг державного значення;2017;https://data.gov.ua/dataset/beca8aa5-96a9-46be-ade7-f1b400213af5;;Категорія міститься безпосередньо у вихідній таблиці показників дороги.;high;original_source_geometry;координати вихідного набору 2017;Зчеплення_Черкаси_М_Н_2017.xlsx | Н-01_пр | rows 86-122;"Базовий загальноукраїнський шар; категорія може відрізнятися від пізніших реконструкцій.";False
BASE2017-00974;Черкаська;Н-08;Бориспіль - Дніпропетровськ - Запоріжжя (через Кременчук);державного значення;II;2;;81+300;169+117;81300;169117;87.817;експлуатаційні дані 2017;exact_piketage_from_source;data.gov.ua / Укравтодор;набір техніко-експлуатаційного стану доріг;Дані щодо техніко-експлуатаційного стану автомобільних доріг державного значення;2017;https://data.gov.ua/dataset/beca8aa5-96a9-46be-ade7-f1b400213af5;;Категорія міститься безпосередньо у вихідній таблиці показників дороги.;high;original_source_geometry;координати вихідного набору 2017;Зчеплення_Черкаси_М_Н_2017.xlsx | Н-08_пр | rows 9-97;"Базовий загальноукраїнський шар; категорія може відрізнятися від пізніших реконструкцій.";False
BASE2017-00975;Черкаська;Н-16;Золотоноша - Черкаси - Сміла - Умань ;державного значення;II;2;;0+000;16+000;0;16000;16.0;експлуатаційні дані 2017;exact_piketage_from_source;data.gov.ua / Укравтодор;набір техніко-експлуатаційного стану доріг;Дані щодо техніко-експлуатаційного стану автомобільних доріг державного значення;2017;https://data.gov.ua/dataset/beca8aa5-96a9-46be-ade7-f1b400213af5;;Категорія міститься безпосередньо у вихідній таблиці показників дороги.;high;original_source_geometry;координати вихідного набору 2017;Зчеплення_Черкаси_М_Н_2017.xlsx | Н-16_пр | rows 9-24;"Базовий загальноукраїнський шар; категорія може відрізнятися від пізніших реконструкцій.";False
BASE2017-00976;Черкаська;Н-16;Золотоноша - Черкаси - Сміла - Умань ;державного значення;III;3;;16+000;20+000;16000;20000;4.0;експлуатаційні дані 2017;exact_piketage_from_source;data.gov.ua / Укравтодор;набір техніко-експлуатаційного стану доріг;Дані щодо техніко-експлуатаційного стану автомобільних доріг державного значення;2017;https://data.gov.ua/dataset/beca8aa5-96a9-46be-ade7-f1b400213af5;;Категорія міститься безпосередньо у вихідній таблиці показників дороги.;high;original_source_geometry;координати вихідного набору 2017;Зчеплення_Черкаси_М_Н_2017.xlsx | Н-16_пр | rows 25-28;"Базовий загальноукраїнський шар; категорія може відрізнятися від пізніших реконструкцій.";False
BASE2017-00977;Черкаська;Н-16;Золотоноша - Черкаси - Сміла - Умань ;державного значення;II;2;;20+000;21+000;20000;21000;1.0;експлуатаційні дані 2017;exact_piketage_from_source;data.gov.ua / Укравтодор;набір техніко-експлуатаційного стану доріг;Дані щодо техніко-експлуатаційного стану автомобільних доріг державного значення;2017;https://data.gov.ua/dataset/beca8aa5-96a9-46be-ade7-f1b400213af5;;Категорія міститься безпосередньо у вихідній таблиці показників дороги.;high;original_source_geometry;координати вихідного набору 2017;Зчеплення_Черкаси_М_Н_2017.xlsx | Н-16_пр | rows 29-29;"Базовий загальноукраїнський шар; категорія може відрізнятися від пізніших реконструкцій.";False
BASE2017-00978;Черкаська;Н-16;Золотоноша - Черкаси - Сміла - Умань ;державного значення;III;3;;21+000;22+000;21000;22000;1.0;експлуатаційні дані 2017;exact_piketage_from_source;data.gov.ua / Укравтодор;набір техніко-експлуатаційного стану доріг;Дані щодо техніко-експлуатаційного стану автомобільних доріг державного значення;2017;https://data.gov.ua/dataset/beca8aa5-96a9-46be-ade7-f1b400213af5;;Категорія міститься безпосередньо у вихідній таблиці показників дороги.;high;original_source_geometry;координати вихідного набору 2017;Зчеплення_Черкаси_М_Н_2017.xlsx | Н-16_пр | rows 30-30;"Базовий загальноукраїнський шар; категорія може відрізнятися від пізніших реконструкцій.";False
BASE2017-00979;Черкаська;Н-16;Золотоноша - Черкаси - Сміла - Умань ;державного значення;II;2;;22+000;25+440;22000;25440;3.44;експлуатаційні дані 2017;exact_piketage_from_source;data.gov.ua / Укравтодор;набір техніко-експлуатаційного стану доріг;Дані щодо техніко-експлуатаційного стану автомобільних доріг державного значення;2017;https://data.gov.ua/dataset/beca8aa5-96a9-46be-ade7-f1b400213af5;;Категорія міститься безпосередньо у вихідній таблиці показників дороги.;high;original_source_geometry;координати вихідного набору 2017;Зчеплення_Черкаси_М_Н_2017.xlsx | Н-16_пр | rows 31-34;"Базовий загальноукраїнський шар; категорія може відрізнятися від пізніших реконструкцій.";False
BASE2017-00980;Черкаська;Н-16;Золотоноша - Черкаси - Сміла - Умань ;державного значення;II;2;;40+133;57+533;40133;57533;17.4;експлуатаційні дані 2017;exact_piketage_from_source;data.gov.ua / Укравтодор;набір техніко-експлуатаційного стану доріг;Дані щодо техніко-експлуатаційного стану автомобільних доріг державного значення;2017;https://data.gov.ua/dataset/beca8aa5-96a9-46be-ade7-f1b400213af5;;Категорія міститься безпосередньо у вихідній таблиці показників дороги.;high;original_source_geometry;координати вихідного набору 2017;Зчеплення_Черкаси_М_Н_2017.xlsx | Н-16_пр | rows 36-54;"Базовий загальноукраїнський шар; категорія може відрізнятися від пізніших реконструкцій.";False
BASE2017-00981;Черкаська;Н-16;Золотоноша - Черкаси - Сміла - Умань ;державного значення;II;2;;57+533;58+833;57533;58833;1.3;експлуатаційні дані 2017;exact_piketage_from_source;data.gov.ua / Укравтодор;набір техніко-експлуатаційного стану доріг;Дані щодо техніко-експлуатаційного стану автомобільних доріг державного значення;2017;https://data.gov.ua/dataset/beca8aa5-96a9-46be-ade7-f1b400213af5;;Категорія міститься безпосередньо у вихідній таблиці показників дороги.;high;original_source_geometry;координати вихідного набору 2017;Зчеплення_Черкаси_М_Н_2017.xlsx | Н-16_пр | rows 36-54;"Базовий загальноукраїнський шар; категорія може відрізнятися від пізніших реконструкцій.";False
BASE2017-00982;Черкаська;Н-16;Золотоноша - Черкаси - Сміла - Умань ;державного значення;II;2;;64+633;111+000;64633;111000;46.367;експлуатаційні дані 2017;exact_piketage_from_source;data.gov.ua / Укравтодор;набір техніко-експлуатаційного стану доріг;Дані щодо техніко-експлуатаційного стану автомобільних доріг державного значення;2017;https://data.gov.ua/dataset/beca8aa5-96a9-46be-ade7-f1b400213af5;;Категорія міститься безпосередньо у вихідній таблиці показників дороги.;high;original_source_geometry;координати вихідного набору 2017;Зчеплення_Черкаси_М_Н_2017.xlsx | Н-16_пр | rows 56-102;"Базовий загальноукраїнський шар; категорія може відрізнятися від пізніших реконструкцій.";False
BASE2017-00983;Черкаська;Н-16;Золотоноша - Черкаси - Сміла - Умань ;державного значення;III;3;;111+000;117+000;111000;117000;6.0;експлуатаційні дані 2017;exact_piketage_from_source;data.gov.ua / Укравтодор;набір техніко-експлуатаційного стану доріг;Дані щодо техніко-експлуатаційного стану автомобільних доріг державного значення;2017;https://data.gov.ua/dataset/beca8aa5-96a9-46be-ade7-f1b400213af5;;Категорія міститься безпосередньо у вихідній таблиці показників дороги.;high;original_source_geometry;координати вихідного набору 2017;Зчеплення_Черкаси_М_Н_2017.xlsx | Н-16_пр | rows 103-108;"Базовий загальноукраїнський шар; категорія може відрізнятися від пізніших реконструкцій.";False
BASE2017-00984;Черкаська;Н-16;Золотоноша - Черкаси - Сміла - Умань ;державного значення;II;2;;117+000;152+000;117000;152000;35.0;експлуатаційні дані 2017;exact_piketage_from_source;data.gov.ua / Укравтодор;набір техніко-експлуатаційного стану доріг;Дані щодо техніко-експлуатаційного стану автомобільних доріг державного значення;2017;https://data.gov.ua/dataset/beca8aa5-96a9-46be-ade7-f1b400213af5;;Категорія міститься безпосередньо у вихідній таблиці показників дороги.;high;original_source_geometry;координати вихідного набору 2017;Зчеплення_Черкаси_М_Н_2017.xlsx | Н-16_пр | rows 109-143;"Базовий загальноукраїнський шар; категорія може відрізнятися від пізніших реконструкцій.";False
BASE2017-00985;Черкаська;Н-16;Золотоноша - Черкаси - Сміла - Умань ;державного значення;III;3;;152+000;175+000;152000;175000;23.0;експлуатаційні дані 2017;exact_piketage_from_source;data.gov.ua / Укравтодор;набір техніко-експлуатаційного стану доріг;Дані щодо техніко-експлуатаційного стану автомобільних доріг державного значення;2017;https://data.gov.ua/dataset/beca8aa5-96a9-46be-ade7-f1b400213af5;;Категорія міститься безпосередньо у вихідній таблиці показників дороги.;high;original_source_geometry;координати вихідного набору 2017;Зчеплення_Черкаси_М_Н_2017.xlsx | Н-16_пр | rows 144-166;"Базовий загальноукраїнський шар; категорія може відрізнятися від пізніших реконструкцій.";False
BASE2017-00986;Черкаська;Н-16;Золотоноша - Черкаси - Сміла - Умань ;державного значення;II;2;;175+000;180+000;175000;180000;5.0;експлуатаційні дані 2017;exact_piketage_from_source;data.gov.ua / Укравтодор;набір техніко-експлуатаційного стану доріг;Дані щодо техніко-експлуатаційного стану автомобільних доріг державного значення;2017;https://data.gov.ua/dataset/beca8aa5-96a9-46be-ade7-f1b400213af5;;Категорія міститься безпосередньо у вихідній таблиці показників дороги.;high;original_source_geometry;координати вихідного набору 2017;Зчеплення_Черкаси_М_Н_2017.xlsx | Н-16_пр | rows 167-171;"Базовий загальноукраїнський шар; категорія може відрізнятися від пізніших реконструкцій.";False
BASE2017-00987;Черкаська;Н-16;Золотоноша - Черкаси - Сміла - Умань ;державного значення;III;3;;180+000;198+000;180000;198000;18.0;експлуатаційні дані 2017;exact_piketage_from_source;data.gov.ua / Укравтодор;набір техніко-експлуатаційного стану доріг;Дані щодо техніко-експлуатаційного стану автомобільних доріг державного значення;2017;https://data.gov.ua/dataset/beca8aa5-96a9-46be-ade7-f1b400213af5;;Категорія міститься безпосередньо у вихідній таблиці показників дороги.;high;original_source_geometry;координати вихідного набору 2017;Зчеплення_Черкаси_М_Н_2017.xlsx | Н-16_пр | rows 172-189;"Базовий загальноукраїнський шар; категорія може відрізнятися від пізніших реконструкцій.";False
BASE2017-00988;Черкаська;Н-16;Золотоноша - Черкаси - Сміла - Умань ;державного значення;II;2;;198+000;201+000;198000;201000;3.0;експлуатаційні дані 2017;exact_piketage_from_source;data.gov.ua / Укравтодор;набір техніко-експлуатаційного стану доріг;Дані щодо техніко-експлуатаційного стану автомобільних доріг державного значення;2017;https://data.gov.ua/dataset/beca8aa5-96a9-46be-ade7-f1b400213af5;;Категорія міститься безпосередньо у вихідній таблиці показників дороги.;high;original_source_geometry;координати вихідного набору 2017;Зчеплення_Черкаси_М_Н_2017.xlsx | Н-16_пр | rows 190-192;"Базовий загальноукраїнський шар; категорія може відрізнятися від пізніших реконструкцій.";False
BASE2017-00989;Черкаська;Н-16;Золотоноша - Черкаси - Сміла - Умань ;державного значення;III;3;;201+000;214+000;201000;214000;13.0;експлуатаційні дані 2017;exact_piketage_from_source;data.gov.ua / Укравтодор;набір техніко-експлуатаційного стану доріг;Дані щодо техніко-експлуатаційного стану автомобільних доріг державного значення;2017;https://data.gov.ua/dataset/beca8aa5-96a9-46be-ade7-f1b400213af5;;Категорія міститься безпосередньо у вихідній таблиці показників дороги.;high;original_source_geometry;координати вихідного набору 2017;Зчеплення_Черкаси_М_Н_2017.xlsx | Н-16_пр | rows 193-205;"Базовий загальноукраїнський шар; категорія може відрізнятися від пізніших реконструкцій.";False
BASE2017-00990;Черкаська;Н-16;Золотоноша - Черкаси - Сміла - Умань ;державного значення;II;2;;214+000;217+233;214000;217233;3.233;експлуатаційні дані 2017;exact_piketage_from_source;data.gov.ua / Укравтодор;набір техніко-експлуатаційного стану доріг;Дані щодо техніко-експлуатаційного стану автомобільних доріг державного значення;2017;https://data.gov.ua/dataset/beca8aa5-96a9-46be-ade7-f1b400213af5;;Категорія міститься безпосередньо у вихідній таблиці показників дороги.;high;original_source_geometry;координати вихідного набору 2017;Зчеплення_Черкаси_М_Н_2017.xlsx | Н-16_пр | rows 206-209;"Базовий загальноукраїнський шар; категорія може відрізнятися від пізніших реконструкцій.";False
BASE2017-00991;Черкаська;Р-04;Київ - Фастів - Біла Церква - Звенигородка;державного значення;III;3;;186+570;213+000;186570;213000;26.43;експлуатаційні дані 2017;exact_piketage_from_source;data.gov.ua / Укравтодор;набір техніко-експлуатаційного стану доріг;Дані щодо техніко-експлуатаційного стану автомобільних доріг державного значення;2017;https://data.gov.ua/dataset/beca8aa5-96a9-46be-ade7-f1b400213af5;;Категорія міститься безпосередньо у вихідній таблиці показників дороги.;high;original_source_geometry;координати вихідного набору 2017;Зчеплення_Черкаси_Р_2017.xlsx | р-04_пр | rows 9-35;"Базовий загальноукраїнський шар; категорія може відрізнятися від пізніших реконструкцій.";False
BASE2017-00992;Черкаська;Р-04;Київ - Фастів - Біла Церква - Звенигородка;державного значення;II;2;;213+000;223+070;213000;223070;10.07;експлуатаційні дані 2017;exact_piketage_from_source;data.gov.ua / Укравтодор;набір техніко-експлуатаційного стану доріг;Дані щодо техніко-експлуатаційного стану автомобільних доріг державного значення;2017;https://data.gov.ua/dataset/beca8aa5-96a9-46be-ade7-f1b400213af5;;Категорія міститься безпосередньо у вихідній таблиці показників дороги.;high;original_source_geometry;координати вихідного набору 2017;Зчеплення_Черкаси_Р_2017.xlsx | р-04_пр | rows 36-46;"Базовий загальноукраїнський шар; категорія може відрізнятися від пізніших реконструкцій.";False
BASE2017-00993;Черкаська;Р-09;Миронівка - Канів - Софіївка;державного значення;III;3;;21+700;37+000;21700;37000;15.3;експлуатаційні дані 2017;exact_piketage_from_source;data.gov.ua / Укравтодор;набір техніко-експлуатаційного стану доріг;Дані щодо техніко-експлуатаційного стану автомобільних доріг державного значення;2017;https://data.gov.ua/dataset/beca8aa5-96a9-46be-ade7-f1b400213af5;;Категорія міститься безпосередньо у вихідній таблиці показників дороги.;high;original_source_geometry;координати вихідного набору 2017;Зчеплення_Черкаси_Р_2017.xlsx | р-09_пр | rows 9-24;"Базовий загальноукраїнський шар; категорія може відрізнятися від пізніших реконструкцій.";False
BASE2017-00994;Черкаська;Р-09;Миронівка - Канів - Софіївка;державного значення;IV;4;;37+000;38+000;37000;38000;1.0;експлуатаційні дані 2017;exact_piketage_from_source;data.gov.ua / Укравтодор;набір техніко-експлуатаційного стану доріг;Дані щодо техніко-експлуатаційного стану автомобільних доріг державного значення;2017;https://data.gov.ua/dataset/beca8aa5-96a9-46be-ade7-f1b400213af5;;Категорія міститься безпосередньо у вихідній таблиці показників дороги.;high;original_source_geometry;координати вихідного набору 2017;Зчеплення_Черкаси_Р_2017.xlsx | р-09_пр | rows 25-25;"Базовий загальноукраїнський шар; категорія може відрізнятися від пізніших реконструкцій.";False
BASE2017-00995;Черкаська;Р-09;Миронівка - Канів - Софіївка;державного значення;III;3;;38+000;40+000;38000;40000;2.0;експлуатаційні дані 2017;exact_piketage_from_source;data.gov.ua / Укравтодор;набір техніко-експлуатаційного стану доріг;Дані щодо техніко-експлуатаційного стану автомобільних доріг державного значення;2017;https://data.gov.ua/dataset/beca8aa5-96a9-46be-ade7-f1b400213af5;;Категорія міститься безпосередньо у вихідній таблиці показників дороги.;high;original_source_geometry;координати вихідного набору 2017;Зчеплення_Черкаси_Р_2017.xlsx | р-09_пр | rows 26-27;"Базовий загальноукраїнський шар; категорія може відрізнятися від пізніших реконструкцій.";False
BASE2017-00996;Черкаська;Р-09;Миронівка - Канів - Софіївка;державного значення;IV;4;;40+000;41+000;40000;41000;1.0;експлуатаційні дані 2017;exact_piketage_from_source;data.gov.ua / Укравтодор;набір техніко-експлуатаційного стану доріг;Дані щодо техніко-експлуатаційного стану автомобільних доріг державного значення;2017;https://data.gov.ua/dataset/beca8aa5-96a9-46be-ade7-f1b400213af5;;Категорія міститься безпосередньо у вихідній таблиці показників дороги.;high;original_source_geometry;координати вихідного набору 2017;Зчеплення_Черкаси_Р_2017.xlsx | р-09_пр | rows 28-28;"Базовий загальноукраїнський шар; категорія може відрізнятися від пізніших реконструкцій.";False
BASE2017-00997;Черкаська;Р-09;Миронівка - Канів - Софіївка;державного значення;II;2;;47+120;47+820;47120;47820;0.7;експлуатаційні дані 2017;exact_piketage_from_source;data.gov.ua / Укравтодор;набір техніко-експлуатаційного стану доріг;Дані щодо техніко-експлуатаційного стану автомобільних доріг державного значення;2017;https://data.gov.ua/dataset/beca8aa5-96a9-46be-ade7-f1b400213af5;;Категорія міститься безпосередньо у вихідній таблиці показників дороги.;high;original_source_geometry;координати вихідного набору 2017;Зчеплення_Черкаси_Р_2017.xlsx | р-09_пр | rows 31-31;"Базовий загальноукраїнський шар; категорія може відрізнятися від пізніших реконструкцій.";False
BASE2017-00998;Черкаська;Р-09;Миронівка - Канів - Софіївка;державного значення;II;2;;59+885;62+000;59885;62000;2.115;експлуатаційні дані 2017;exact_piketage_from_source;data.gov.ua / Укравтодор;набір техніко-експлуатаційного стану доріг;Дані щодо техніко-експлуатаційного стану автомобільних доріг державного значення;2017;https://data.gov.ua/dataset/beca8aa5-96a9-46be-ade7-f1b400213af5;;Категорія міститься безпосередньо у вихідній таблиці показників дороги.;high;original_source_geometry;координати вихідного набору 2017;Зчеплення_Черкаси_Р_2017.xlsx | р-09_пр | rows 33-35;"Базовий загальноукраїнський шар; категорія може відрізнятися від пізніших реконструкцій.";False
BASE2017-00999;Черкаська;Р-09;Миронівка - Канів - Софіївка;державного значення;III;3;;62+000;75+630;62000;75630;13.63;експлуатаційні дані 2017;exact_piketage_from_source;data.gov.ua / Укравтодор;набір техніко-експлуатаційного стану доріг;Дані щодо техніко-експлуатаційного стану автомобільних доріг державного значення;2017;https://data.gov.ua/dataset/beca8aa5-96a9-46be-ade7-f1b400213af5;;Категорія міститься безпосередньо у вихідній таблиці показників дороги.;high;original_source_geometry;координати вихідного набору 2017;Зчеплення_Черкаси_Р_2017.xlsx | р-09_пр | rows 36-49;"Базовий загальноукраїнський шар; категорія може відрізнятися від пізніших реконструкцій.";False
BASE2017-01000;Черкаська;Р-10;Канів - Чигирин - Кременчук. Під'їзд до с. Суботів;державного значення;III;3;;11+000;13+000;11000;13000;2.0;експлуатаційні дані 2017;exact_piketage_from_source;data.gov.ua / Укравтодор;набір техніко-експлуатаційного стану доріг;Дані щодо техніко-експлуатаційного стану автомобільних доріг державного значення;2017;https://data.gov.ua/dataset/beca8aa5-96a9-46be-ade7-f1b400213af5;;Категорія міститься безпосередньо у вихідній таблиці показників дороги.;high;original_source_geometry;координати вихідного набору 2017;Зчеплення_Черкаси_Р_2017.xlsx | р-10_пр | rows 9-10;"Базовий загальноукраїнський шар; категорія може відрізнятися від пізніших реконструкцій.";False
BASE2017-01001;Черкаська;Р-10;Канів - Чигирин - Кременчук. Під'їзд до с. Суботів;державного значення;IV;4;;13+000;15+000;13000;15000;2.0;експлуатаційні дані 2017;exact_piketage_from_source;data.gov.ua / Укравтодор;набір техніко-експлуатаційного стану доріг;Дані щодо техніко-експлуатаційного стану автомобільних доріг державного значення;2017;https://data.gov.ua/dataset/beca8aa5-96a9-46be-ade7-f1b400213af5;;Категорія міститься безпосередньо у вихідній таблиці показників дороги.;high;original_source_geometry;координати вихідного набору 2017;Зчеплення_Черкаси_Р_2017.xlsx | р-10_пр | rows 11-12;"Базовий загальноукраїнський шар; категорія може відрізнятися від пізніших реконструкцій.";False
BASE2017-01002;Черкаська;Р-10;Канів - Чигирин - Кременчук. Під'їзд до с. Суботів;державного значення;II;2;;15+000;16+000;15000;16000;1.0;експлуатаційні дані 2017;exact_piketage_from_source;data.gov.ua / Укравтодор;набір техніко-експлуатаційного стану доріг;Дані щодо техніко-експлуатаційного стану автомобільних доріг державного значення;2017;https://data.gov.ua/dataset/beca8aa5-96a9-46be-ade7-f1b400213af5;;Категорія міститься безпосередньо у вихідній таблиці показників дороги.;high;original_source_geometry;координати вихідного набору 2017;Зчеплення_Черкаси_Р_2017.xlsx | р-10_пр | rows 13-13;"Базовий загальноукраїнський шар; категорія може відрізнятися від пізніших реконструкцій.";False
BASE2017-01003;Черкаська;Р-10;Канів - Чигирин - Кременчук. Під'їзд до с. Суботів;державного значення;III;3;;16+000;17+000;16000;17000;1.0;експлуатаційні дані 2017;exact_piketage_from_source;data.gov.ua / Укравтодор;набір техніко-експлуатаційного стану доріг;Дані щодо техніко-експлуатаційного стану автомобільних доріг державного значення;2017;https://data.gov.ua/dataset/beca8aa5-96a9-46be-ade7-f1b400213af5;;Категорія міститься безпосередньо у вихідній таблиці показників дороги.;high;original_source_geometry;координати вихідного набору 2017;Зчеплення_Черкаси_Р_2017.xlsx | р-10_пр | rows 14-14;"Базовий загальноукраїнський шар; категорія може відрізнятися від пізніших реконструкцій.";False
BASE2017-01004;Черкаська;Р-10;Канів - Чигирин - Кременчук. Під'їзд до с. Суботів;державного значення;IV;4;;17+000;21+000;17000;21000;4.0;експлуатаційні дані 2017;exact_piketage_from_source;data.gov.ua / Укравтодор;набір техніко-експлуатаційного стану доріг;Дані щодо техніко-експлуатаційного стану автомобільних доріг державного значення;2017;https://data.gov.ua/dataset/beca8aa5-96a9-46be-ade7-f1b400213af5;;Категорія міститься безпосередньо у вихідній таблиці показників дороги.;high;original_source_geometry;координати вихідного набору 2017;Зчеплення_Черкаси_Р_2017.xlsx | р-10_пр | rows 15-18;"Базовий загальноукраїнський шар; категорія може відрізнятися від пізніших реконструкцій.";False
BASE2017-01005;Черкаська;Р-10;Канів - Чигирин - Кременчук. Під'їзд до с. Суботів;державного значення;III;3;;21+000;69+600;21000;69600;48.6;експлуатаційні дані 2017;exact_piketage_from_source;data.gov.ua / Укравтодор;набір техніко-експлуатаційного стану доріг;Дані щодо техніко-експлуатаційного стану автомобільних доріг державного значення;2017;https://data.gov.ua/dataset/beca8aa5-96a9-46be-ade7-f1b400213af5;;Категорія міститься безпосередньо у вихідній таблиці показників дороги.;high;original_source_geometry;координати вихідного набору 2017;Зчеплення_Черкаси_Р_2017.xlsx | р-10_пр | rows 19-67;"Базовий загальноукраїнський шар; категорія може відрізнятися від пізніших реконструкцій.";False
BASE2017-01006;Черкаська;Р-10;Канів - Чигирин - Кременчук. Під'їзд до с. Суботів;державного значення;III;3;;77+000;93+764;77000;93764;16.764;експлуатаційні дані 2017;exact_piketage_from_source;data.gov.ua / Укравтодор;набір техніко-експлуатаційного стану доріг;Дані щодо техніко-експлуатаційного стану автомобільних доріг державного значення;2017;https://data.gov.ua/dataset/beca8aa5-96a9-46be-ade7-f1b400213af5;;Категорія міститься безпосередньо у вихідній таблиці показників дороги.;high;original_source_geometry;координати вихідного набору 2017;Зчеплення_Черкаси_Р_2017.xlsx | р-10_пр | rows 69-85;"Базовий загальноукраїнський шар; категорія може відрізнятися від пізніших реконструкцій.";False
BASE2017-01007;Черкаська;Р-10;Канів - Чигирин - Кременчук. Під'їзд до с. Суботів;державного значення;III;3;;98+246;127+000;98246;127000;28.754;експлуатаційні дані 2017;exact_piketage_from_source;data.gov.ua / Укравтодор;набір техніко-експлуатаційного стану доріг;Дані щодо техніко-експлуатаційного стану автомобільних доріг державного значення;2017;https://data.gov.ua/dataset/beca8aa5-96a9-46be-ade7-f1b400213af5;;Категорія міститься безпосередньо у вихідній таблиці показників дороги.;high;original_source_geometry;координати вихідного набору 2017;Зчеплення_Черкаси_Р_2017.xlsx | р-10_пр | rows 87-115;"Базовий загальноукраїнський шар; категорія може відрізнятися від пізніших реконструкцій.";False
BASE2017-01008;Черкаська;Р-10;Канів - Чигирин - Кременчук. Під'їзд до с. Суботів;державного значення;IV;4;;127+000;144+000;127000;144000;17.0;експлуатаційні дані 2017;exact_piketage_from_source;data.gov.ua / Укравтодор;набір техніко-експлуатаційного стану доріг;Дані щодо техніко-експлуатаційного стану автомобільних доріг державного значення;2017;https://data.gov.ua/dataset/beca8aa5-96a9-46be-ade7-f1b400213af5;;Категорія міститься безпосередньо у вихідній таблиці показників дороги.;high;original_source_geometry;координати вихідного набору 2017;Зчеплення_Черкаси_Р_2017.xlsx | р-10_пр | rows 116-132;"Базовий загальноукраїнський шар; категорія може відрізнятися від пізніших реконструкцій.";False
BASE2017-01009;Черкаська;Р-10;Канів - Чигирин - Кременчук. Під'їзд до с. Суботів;державного значення;II;2;;144+000;151+000;144000;151000;7.0;експлуатаційні дані 2017;exact_piketage_from_source;data.gov.ua / Укравтодор;набір техніко-експлуатаційного стану доріг;Дані щодо техніко-експлуатаційного стану автомобільних доріг державного значення;2017;https://data.gov.ua/dataset/beca8aa5-96a9-46be-ade7-f1b400213af5;;Категорія міститься безпосередньо у вихідній таблиці показників дороги.;high;original_source_geometry;координати вихідного набору 2017;Зчеплення_Черкаси_Р_2017.xlsx | р-10_пр | rows 133-139;"Базовий загальноукраїнський шар; категорія може відрізнятися від пізніших реконструкцій.";False
BASE2017-01010;Черкаська;Р-10;Канів - Чигирин - Кременчук. Під'їзд до с. Суботів;державного значення;III;3;;151+000;153+000;151000;153000;2.0;експлуатаційні дані 2017;exact_piketage_from_source;data.gov.ua / Укравтодор;набір техніко-експлуатаційного стану доріг;Дані щодо техніко-експлуатаційного стану автомобільних доріг державного значення;2017;https://data.gov.ua/dataset/beca8aa5-96a9-46be-ade7-f1b400213af5;;Категорія міститься безпосередньо у вихідній таблиці показників дороги.;high;original_source_geometry;координати вихідного набору 2017;Зчеплення_Черкаси_Р_2017.xlsx | р-10_пр | rows 140-141;"Базовий загальноукраїнський шар; категорія може відрізнятися від пізніших реконструкцій.";False
BASE2017-01011;Черкаська;Р-10;Канів - Чигирин - Кременчук. Під'їзд до с. Суботів;державного значення;IV;4;;153+000;159+000;153000;159000;6.0;експлуатаційні дані 2017;exact_piketage_from_source;data.gov.ua / Укравтодор;набір техніко-експлуатаційного стану доріг;Дані щодо техніко-експлуатаційного стану автомобільних доріг державного значення;2017;https://data.gov.ua/dataset/beca8aa5-96a9-46be-ade7-f1b400213af5;;Категорія міститься безпосередньо у вихідній таблиці показників дороги.;high;original_source_geometry;координати вихідного набору 2017;Зчеплення_Черкаси_Р_2017.xlsx | р-10_пр | rows 142-147;"Базовий загальноукраїнський шар; категорія може відрізнятися від пізніших реконструкцій.";False
BASE2017-01012;Черкаська;Р-10;Канів - Чигирин - Кременчук. Під'їзд до с. Суботів;державного значення;III;3;;159+000;166+000;159000;166000;7.0;експлуатаційні дані 2017;exact_piketage_from_source;data.gov.ua / Укравтодор;набір техніко-експлуатаційного стану доріг;Дані щодо техніко-експлуатаційного стану автомобільних доріг державного значення;2017;https://data.gov.ua/dataset/beca8aa5-96a9-46be-ade7-f1b400213af5;;Категорія міститься безпосередньо у вихідній таблиці показників дороги.;high;original_source_geometry;координати вихідного набору 2017;Зчеплення_Черкаси_Р_2017.xlsx | р-10_пр | rows 148-154;"Базовий загальноукраїнський шар; категорія може відрізнятися від пізніших реконструкцій.";False
BASE2017-01013;Черкаська;Р-10;Канів - Чигирин - Кременчук. Під'їзд до с. Суботів;державного значення;IV;4;;166+000;166+319;166000;166319;0.319;експлуатаційні дані 2017;exact_piketage_from_source;data.gov.ua / Укравтодор;набір техніко-експлуатаційного стану доріг;Дані щодо техніко-експлуатаційного стану автомобільних доріг державного значення;2017;https://data.gov.ua/dataset/beca8aa5-96a9-46be-ade7-f1b400213af5;;Категорія міститься безпосередньо у вихідній таблиці показників дороги.;high;original_source_geometry;координати вихідного набору 2017;Зчеплення_Черкаси_Р_2017.xlsx | р-10_пр | rows 155-155;"Базовий загальноукраїнський шар; категорія може відрізнятися від пізніших реконструкцій.";False
BASE2017-01014;Черкаська;Р-10П1;Під'їзд до с. Суботів;державного значення;IV;4;;0+000;3+000;0;3000;3.0;експлуатаційні дані 2017;exact_piketage_from_source;data.gov.ua / Укравтодор;набір техніко-експлуатаційного стану доріг;Дані щодо техніко-експлуатаційного стану автомобільних доріг державного значення;2017;https://data.gov.ua/dataset/beca8aa5-96a9-46be-ade7-f1b400213af5;;Категорія міститься безпосередньо у вихідній таблиці показників дороги.;high;original_source_geometry;координати вихідного набору 2017;Зчеплення_Черкаси_Р_2017.xlsx | р-10 П_пр | rows 9-11;"Базовий загальноукраїнський шар; категорія може відрізнятися від пізніших реконструкцій.";False
BASE2017-01015;Черкаська;Р-10П1;Під'їзд до с. Суботів;державного значення;III;3;;3+000;8+000;3000;8000;5.0;експлуатаційні дані 2017;exact_piketage_from_source;data.gov.ua / Укравтодор;набір техніко-експлуатаційного стану доріг;Дані щодо техніко-експлуатаційного стану автомобільних доріг державного значення;2017;https://data.gov.ua/dataset/beca8aa5-96a9-46be-ade7-f1b400213af5;;Категорія міститься безпосередньо у вихідній таблиці показників дороги.;high;original_source_geometry;координати вихідного набору 2017;Зчеплення_Черкаси_Р_2017.xlsx | р-10 П_пр | rows 12-16;"Базовий загальноукраїнський шар; категорія може відрізнятися від пізніших реконструкцій.";False
BASE2017-01016;Черкаська;Р-10П1;Під'їзд до с. Суботів;державного значення;IV;4;;8+000;19+000;8000;19000;11.0;експлуатаційні дані 2017;exact_piketage_from_source;data.gov.ua / Укравтодор;набір техніко-експлуатаційного стану доріг;Дані щодо техніко-експлуатаційного стану автомобільних доріг державного значення;2017;https://data.gov.ua/dataset/beca8aa5-96a9-46be-ade7-f1b400213af5;;Категорія міститься безпосередньо у вихідній таблиці показників дороги.;high;original_source_geometry;координати вихідного набору 2017;Зчеплення_Черкаси_Р_2017.xlsx | р-10 П_пр | rows 17-27;"Базовий загальноукраїнський шар; категорія може відрізнятися від пізніших реконструкцій.";False
BASE2017-01017;Черкаська;Р-19;Фастів - Митниця - Обухів - Ржищів - Канів;державного значення;III;3;;132+150;153+650;132150;153650;21.5;експлуатаційні дані 2017;exact_piketage_from_source;data.gov.ua / Укравтодор;набір техніко-експлуатаційного стану доріг;Дані щодо техніко-експлуатаційного стану автомобільних доріг державного значення;2017;https://data.gov.ua/dataset/beca8aa5-96a9-46be-ade7-f1b400213af5;;Категорія міститься безпосередньо у вихідній таблиці показників дороги.;high;original_source_geometry;координати вихідного набору 2017;Зчеплення_Черкаси_Р_2017.xlsx | р-19_пр | rows 9-30;"Базовий загальноукраїнський шар; категорія може відрізнятися від пізніших реконструкцій.";False
BASE2017-01018;Черкаська;Р-19П1;Під'їзд до м. Канева;державного значення;III;3;;0+000;5+100;0;5100;5.1;експлуатаційні дані 2017;exact_piketage_from_source;data.gov.ua / Укравтодор;набір техніко-експлуатаційного стану доріг;Дані щодо техніко-експлуатаційного стану автомобільних доріг державного значення;2017;https://data.gov.ua/dataset/beca8aa5-96a9-46be-ade7-f1b400213af5;;Категорія міститься безпосередньо у вихідній таблиці показників дороги.;high;original_source_geometry;координати вихідного набору 2017;Зчеплення_Черкаси_Р_2017.xlsx | р-19 П_пр | rows 9-14;"Базовий загальноукраїнський шар; категорія може відрізнятися від пізніших реконструкцій.";False
BASE2017-01019;Черкаська;Р-64;Ківшувата - Шушківка - Лисянка - Моринці - Шевченкове - Тарасівка - до а/д Н-16;державного значення;IV;4;;19+053;36+853;19053;36853;17.8;експлуатаційні дані 2017;exact_piketage_from_source;data.gov.ua / Укравтодор;набір техніко-експлуатаційного стану доріг;Дані щодо техніко-експлуатаційного стану автомобільних доріг державного значення;2017;https://data.gov.ua/dataset/beca8aa5-96a9-46be-ade7-f1b400213af5;;Категорія міститься безпосередньо у вихідній таблиці показників дороги.;high;original_source_geometry;координати вихідного набору 2017;Зчеплення_Черкаси_Р_2017.xlsx | р-64_пр | rows 9-26;"Базовий загальноукраїнський шар; категорія може відрізнятися від пізніших реконструкцій.";False
BASE2017-01020;Черкаська;Р-64;Ківшувата - Шушківка - Лисянка - Моринці - Шевченкове - Тарасівка - до а/д Н-16;державного значення;III;3;;48+383;59+000;48383;59000;10.617;експлуатаційні дані 2017;exact_piketage_from_source;data.gov.ua / Укравтодор;набір техніко-експлуатаційного стану доріг;Дані щодо техніко-експлуатаційного стану автомобільних доріг державного значення;2017;https://data.gov.ua/dataset/beca8aa5-96a9-46be-ade7-f1b400213af5;;Категорія міститься безпосередньо у вихідній таблиці показників дороги.;high;original_source_geometry;координати вихідного набору 2017;Зчеплення_Черкаси_Р_2017.xlsx | р-64_пр | rows 28-38;"Базовий загальноукраїнський шар; категорія може відрізнятися від пізніших реконструкцій.";False
BASE2017-01021;Черкаська;Р-64;Ківшувата - Шушківка - Лисянка - Моринці - Шевченкове - Тарасівка - до а/д Н-16;державного значення;IV;4;;59+000;75+000;59000;75000;16.0;експлуатаційні дані 2017;exact_piketage_from_source;data.gov.ua / Укравтодор;набір техніко-експлуатаційного стану доріг;Дані щодо техніко-експлуатаційного стану автомобільних доріг державного значення;2017;https://data.gov.ua/dataset/beca8aa5-96a9-46be-ade7-f1b400213af5;;Категорія міститься безпосередньо у вихідній таблиці показників дороги.;high;original_source_geometry;координати вихідного набору 2017;Зчеплення_Черкаси_Р_2017.xlsx | р-64_пр | rows 39-54;"Базовий загальноукраїнський шар; категорія може відрізнятися від пізніших реконструкцій.";False
BASE2017-01022;Черкаська;Р-64;Ківшувата - Шушківка - Лисянка - Моринці - Шевченкове - Тарасівка - до а/д Н-16;державного значення;III;3;;75+000;76+000;75000;76000;1.0;експлуатаційні дані 2017;exact_piketage_from_source;data.gov.ua / Укравтодор;набір техніко-експлуатаційного стану доріг;Дані щодо техніко-експлуатаційного стану автомобільних доріг державного значення;2017;https://data.gov.ua/dataset/beca8aa5-96a9-46be-ade7-f1b400213af5;;Категорія міститься безпосередньо у вихідній таблиці показників дороги.;high;original_source_geometry;координати вихідного набору 2017;Зчеплення_Черкаси_Р_2017.xlsx | р-64_пр | rows 55-55;"Базовий загальноукраїнський шар; категорія може відрізнятися від пізніших реконструкцій.";False
BASE2017-01023;Черкаська;Р-64;Ківшувата - Шушківка - Лисянка - Моринці - Шевченкове - Тарасівка - до а/д Н-16;державного значення;IV;4;;76+000;92+840;76000;92840;16.84;експлуатаційні дані 2017;exact_piketage_from_source;data.gov.ua / Укравтодор;набір техніко-експлуатаційного стану доріг;Дані щодо техніко-експлуатаційного стану автомобільних доріг державного значення;2017;https://data.gov.ua/dataset/beca8aa5-96a9-46be-ade7-f1b400213af5;;Категорія міститься безпосередньо у вихідній таблиці показників дороги.;high;original_source_geometry;координати вихідного набору 2017;Зчеплення_Черкаси_Р_2017.xlsx | р-64_пр | rows 56-72;"Базовий загальноукраїнський шар; категорія може відрізнятися від пізніших реконструкцій.";False
BASE2017-01024;Черкаська;Р-71;Одеса - Іванівка - Ананьїв - Піщана - Хащувате - Колодисте - Рижавка - до М-05 ;державного значення;III;3;;282+697;299+097;282697;299097;16.4;експлуатаційні дані 2017;exact_piketage_from_source;data.gov.ua / Укравтодор;набір техніко-експлуатаційного стану доріг;Дані щодо техніко-експлуатаційного стану автомобільних доріг державного значення;2017;https://data.gov.ua/dataset/beca8aa5-96a9-46be-ade7-f1b400213af5;;Категорія міститься безпосередньо у вихідній таблиці показників дороги.;high;original_source_geometry;координати вихідного набору 2017;Зчеплення_Черкаси_Р_2017.xlsx | р-71_пр | rows 9-26;"Базовий загальноукраїнський шар; категорія може відрізнятися від пізніших реконструкцій.";False
BASE2017-01025;Чернівецька;М-19;Доманове (на м.Брест) - Ковель - Чернівці - Тереблече (на м.Бухарест);державного значення;III;3;;447+860;449+000;447860;449000;1.14;експлуатаційні дані 2017;exact_piketage_from_source;data.gov.ua / Укравтодор;набір техніко-експлуатаційного стану доріг;Дані щодо техніко-експлуатаційного стану автомобільних доріг державного значення;2017;https://data.gov.ua/dataset/beca8aa5-96a9-46be-ade7-f1b400213af5;;Категорія міститься безпосередньо у вихідній таблиці показників дороги.;high;original_source_geometry;координати вихідного набору 2017;Зчеплення_Черн_вц__М_Н_Р_2017.xlsx | М-19_пр | rows 9-10;"Базовий загальноукраїнський шар; категорія може відрізнятися від пізніших реконструкцій.";False
BASE2017-01026;Чернівецька;М-19;Доманове (на м.Брест) - Ковель - Чернівці - Тереблече (на м.Бухарест);державного значення;II;2;;449+000;450+000;449000;450000;1.0;експлуатаційні дані 2017;exact_piketage_from_source;data.gov.ua / Укравтодор;набір техніко-експлуатаційного стану доріг;Дані щодо техніко-експлуатаційного стану автомобільних доріг державного значення;2017;https://data.gov.ua/dataset/beca8aa5-96a9-46be-ade7-f1b400213af5;;Категорія міститься безпосередньо у вихідній таблиці показників дороги.;high;original_source_geometry;координати вихідного набору 2017;Зчеплення_Черн_вц__М_Н_Р_2017.xlsx | М-19_пр | rows 11-11;"Базовий загальноукраїнський шар; категорія може відрізнятися від пізніших реконструкцій.";False
BASE2017-01027;Чернівецька;М-19;Доманове (на м.Брест) - Ковель - Чернівці - Тереблече (на м.Бухарест);державного значення;I;1;;450+000;451+000;450000;451000;1.0;експлуатаційні дані 2017;exact_piketage_from_source;data.gov.ua / Укравтодор;набір техніко-експлуатаційного стану доріг;Дані щодо техніко-експлуатаційного стану автомобільних доріг державного значення;2017;https://data.gov.ua/dataset/beca8aa5-96a9-46be-ade7-f1b400213af5;;Категорія міститься безпосередньо у вихідній таблиці показників дороги.;high;original_source_geometry;координати вихідного набору 2017;Зчеплення_Черн_вц__М_Н_Р_2017.xlsx | М-19_пр | rows 12-12;"Базовий загальноукраїнський шар; категорія може відрізнятися від пізніших реконструкцій.";False
BASE2017-01028;Чернівецька;М-19;Доманове (на м.Брест) - Ковель - Чернівці - Тереблече (на м.Бухарест);державного значення;II;2;;451+000;461+000;451000;461000;10.0;експлуатаційні дані 2017;exact_piketage_from_source;data.gov.ua / Укравтодор;набір техніко-експлуатаційного стану доріг;Дані щодо техніко-експлуатаційного стану автомобільних доріг державного значення;2017;https://data.gov.ua/dataset/beca8aa5-96a9-46be-ade7-f1b400213af5;;Категорія міститься безпосередньо у вихідній таблиці показників дороги.;high;original_source_geometry;координати вихідного набору 2017;Зчеплення_Черн_вц__М_Н_Р_2017.xlsx | М-19_пр | rows 13-22;"Базовий загальноукраїнський шар; категорія може відрізнятися від пізніших реконструкцій.";False
BASE2017-01029;Чернівецька;М-19;Доманове (на м.Брест) - Ковель - Чернівці - Тереблече (на м.Бухарест);державного значення;I;1;;461+000;462+000;461000;462000;1.0;експлуатаційні дані 2017;exact_piketage_from_source;data.gov.ua / Укравтодор;набір техніко-експлуатаційного стану доріг;Дані щодо техніко-експлуатаційного стану автомобільних доріг державного значення;2017;https://data.gov.ua/dataset/beca8aa5-96a9-46be-ade7-f1b400213af5;;Категорія міститься безпосередньо у вихідній таблиці показників дороги.;high;original_source_geometry;координати вихідного набору 2017;Зчеплення_Черн_вц__М_Н_Р_2017.xlsx | М-19_пр | rows 23-23;"Базовий загальноукраїнський шар; категорія може відрізнятися від пізніших реконструкцій.";False
BASE2017-01030;Чернівецька;М-19;Доманове (на м.Брест) - Ковель - Чернівці - Тереблече (на м.Бухарест);державного значення;II;2;;462+000;468+000;462000;468000;6.0;експлуатаційні дані 2017;exact_piketage_from_source;data.gov.ua / Укравтодор;набір техніко-експлуатаційного стану доріг;Дані щодо техніко-експлуатаційного стану автомобільних доріг державного значення;2017;https://data.gov.ua/dataset/beca8aa5-96a9-46be-ade7-f1b400213af5;;Категорія міститься безпосередньо у вихідній таблиці показників дороги.;high;original_source_geometry;координати вихідного набору 2017;Зчеплення_Черн_вц__М_Н_Р_2017.xlsx | М-19_пр | rows 24-29;"Базовий загальноукраїнський шар; категорія може відрізнятися від пізніших реконструкцій.";False
BASE2017-01031;Чернівецька;М-19;Доманове (на м.Брест) - Ковель - Чернівці - Тереблече (на м.Бухарест);державного значення;I;1;;468+000;469+000;468000;469000;1.0;експлуатаційні дані 2017;exact_piketage_from_source;data.gov.ua / Укравтодор;набір техніко-експлуатаційного стану доріг;Дані щодо техніко-експлуатаційного стану автомобільних доріг державного значення;2017;https://data.gov.ua/dataset/beca8aa5-96a9-46be-ade7-f1b400213af5;;Категорія міститься безпосередньо у вихідній таблиці показників дороги.;high;original_source_geometry;координати вихідного набору 2017;Зчеплення_Черн_вц__М_Н_Р_2017.xlsx | М-19_пр | rows 30-30;"Базовий загальноукраїнський шар; категорія може відрізнятися від пізніших реконструкцій.";False
BASE2017-01032;Чернівецька;М-19;Доманове (на м.Брест) - Ковель - Чернівці - Тереблече (на м.Бухарест);державного значення;II;2;;469+000;470+000;469000;470000;1.0;експлуатаційні дані 2017;exact_piketage_from_source;data.gov.ua / Укравтодор;набір техніко-експлуатаційного стану доріг;Дані щодо техніко-експлуатаційного стану автомобільних доріг державного значення;2017;https://data.gov.ua/dataset/beca8aa5-96a9-46be-ade7-f1b400213af5;;Категорія міститься безпосередньо у вихідній таблиці показників дороги.;high;original_source_geometry;координати вихідного набору 2017;Зчеплення_Черн_вц__М_Н_Р_2017.xlsx | М-19_пр | rows 31-31;"Базовий загальноукраїнський шар; категорія може відрізнятися від пізніших реконструкцій.";False
BASE2017-01033;Чернівецька;М-19;Доманове (на м.Брест) - Ковель - Чернівці - Тереблече (на м.Бухарест);державного значення;I;1;;470+000;471+000;470000;471000;1.0;експлуатаційні дані 2017;exact_piketage_from_source;data.gov.ua / Укравтодор;набір техніко-експлуатаційного стану доріг;Дані щодо техніко-експлуатаційного стану автомобільних доріг державного значення;2017;https://data.gov.ua/dataset/beca8aa5-96a9-46be-ade7-f1b400213af5;;Категорія міститься безпосередньо у вихідній таблиці показників дороги.;high;original_source_geometry;координати вихідного набору 2017;Зчеплення_Черн_вц__М_Н_Р_2017.xlsx | М-19_пр | rows 32-32;"Базовий загальноукраїнський шар; категорія може відрізнятися від пізніших реконструкцій.";False
BASE2017-01034;Чернівецька;М-19;Доманове (на м.Брест) - Ковель - Чернівці - Тереблече (на м.Бухарест);державного значення;II;2;;471+000;473+000;471000;473000;2.0;експлуатаційні дані 2017;exact_piketage_from_source;data.gov.ua / Укравтодор;набір техніко-експлуатаційного стану доріг;Дані щодо техніко-експлуатаційного стану автомобільних доріг державного значення;2017;https://data.gov.ua/dataset/beca8aa5-96a9-46be-ade7-f1b400213af5;;Категорія міститься безпосередньо у вихідній таблиці показників дороги.;high;original_source_geometry;координати вихідного набору 2017;Зчеплення_Черн_вц__М_Н_Р_2017.xlsx | М-19_пр | rows 33-34;"Базовий загальноукраїнський шар; категорія може відрізнятися від пізніших реконструкцій.";False
BASE2017-01035;Чернівецька;М-19;Доманове (на м.Брест) - Ковель - Чернівці - Тереблече (на м.Бухарест);державного значення;III;3;;473+000;475+000;473000;475000;2.0;експлуатаційні дані 2017;exact_piketage_from_source;data.gov.ua / Укравтодор;набір техніко-експлуатаційного стану доріг;Дані щодо техніко-експлуатаційного стану автомобільних доріг державного значення;2017;https://data.gov.ua/dataset/beca8aa5-96a9-46be-ade7-f1b400213af5;;Категорія міститься безпосередньо у вихідній таблиці показників дороги.;high;original_source_geometry;координати вихідного набору 2017;Зчеплення_Черн_вц__М_Н_Р_2017.xlsx | М-19_пр | rows 35-36;"Базовий загальноукраїнський шар; категорія може відрізнятися від пізніших реконструкцій.";False
BASE2017-01036;Чернівецька;М-19;Доманове (на м.Брест) - Ковель - Чернівці - Тереблече (на м.Бухарест);державного значення;II;2;;475+000;477+000;475000;477000;2.0;експлуатаційні дані 2017;exact_piketage_from_source;data.gov.ua / Укравтодор;набір техніко-експлуатаційного стану доріг;Дані щодо техніко-експлуатаційного стану автомобільних доріг державного значення;2017;https://data.gov.ua/dataset/beca8aa5-96a9-46be-ade7-f1b400213af5;;Категорія міститься безпосередньо у вихідній таблиці показників дороги.;high;original_source_geometry;координати вихідного набору 2017;Зчеплення_Черн_вц__М_Н_Р_2017.xlsx | М-19_пр | rows 37-38;"Базовий загальноукраїнський шар; категорія може відрізнятися від пізніших реконструкцій.";False
BASE2017-01037;Чернівецька;М-19;Доманове (на м.Брест) - Ковель - Чернівці - Тереблече (на м.Бухарест);державного значення;I;1;;477+000;478+000;477000;478000;1.0;експлуатаційні дані 2017;exact_piketage_from_source;data.gov.ua / Укравтодор;набір техніко-експлуатаційного стану доріг;Дані щодо техніко-експлуатаційного стану автомобільних доріг державного значення;2017;https://data.gov.ua/dataset/beca8aa5-96a9-46be-ade7-f1b400213af5;;Категорія міститься безпосередньо у вихідній таблиці показників дороги.;high;original_source_geometry;координати вихідного набору 2017;Зчеплення_Черн_вц__М_Н_Р_2017.xlsx | М-19_пр | rows 39-39;"Базовий загальноукраїнський шар; категорія може відрізнятися від пізніших реконструкцій.";False
BASE2017-01038;Чернівецька;М-19;Доманове (на м.Брест) - Ковель - Чернівці - Тереблече (на м.Бухарест);державного значення;II;2;;478+000;483+000;478000;483000;5.0;експлуатаційні дані 2017;exact_piketage_from_source;data.gov.ua / Укравтодор;набір техніко-експлуатаційного стану доріг;Дані щодо техніко-експлуатаційного стану автомобільних доріг державного значення;2017;https://data.gov.ua/dataset/beca8aa5-96a9-46be-ade7-f1b400213af5;;Категорія міститься безпосередньо у вихідній таблиці показників дороги.;high;original_source_geometry;координати вихідного набору 2017;Зчеплення_Черн_вц__М_Н_Р_2017.xlsx | М-19_пр | rows 40-44;"Базовий загальноукраїнський шар; категорія може відрізнятися від пізніших реконструкцій.";False
BASE2017-01039;Чернівецька;М-19;Доманове (на м.Брест) - Ковель - Чернівці - Тереблече (на м.Бухарест);державного значення;I;1;;483+000;487+544;483000;487544;4.544;експлуатаційні дані 2017;exact_piketage_from_source;data.gov.ua / Укравтодор;набір техніко-експлуатаційного стану доріг;Дані щодо техніко-експлуатаційного стану автомобільних доріг державного значення;2017;https://data.gov.ua/dataset/beca8aa5-96a9-46be-ade7-f1b400213af5;;Категорія міститься безпосередньо у вихідній таблиці показників дороги.;high;original_source_geometry;координати вихідного набору 2017;Зчеплення_Черн_вц__М_Н_Р_2017.xlsx | М-19_пр | rows 45-49;"Базовий загальноукраїнський шар; категорія може відрізнятися від пізніших реконструкцій.";False
BASE2017-01040;Чернівецька;М-19;Доманове (на м.Брест) - Ковель - Чернівці - Тереблече (на м.Бухарест);державного значення;II;2;;495+941;502+234;495941;502234;6.293;експлуатаційні дані 2017;exact_piketage_from_source;data.gov.ua / Укравтодор;набір техніко-експлуатаційного стану доріг;Дані щодо техніко-експлуатаційного стану автомобільних доріг державного значення;2017;https://data.gov.ua/dataset/beca8aa5-96a9-46be-ade7-f1b400213af5;;Категорія міститься безпосередньо у вихідній таблиці показників дороги.;high;original_source_geometry;координати вихідного набору 2017;Зчеплення_Черн_вц__М_Н_Р_2017.xlsx | М-19_пр | rows 51-58;"Базовий загальноукраїнський шар; категорія може відрізнятися від пізніших реконструкцій.";False
BASE2017-01041;Чернівецька;М-19;Доманове (на м.Брест) - Ковель - Чернівці - Тереблече (на м.Бухарест);державного значення;II;2;;510+711;512+000;510711;512000;1.289;експлуатаційні дані 2017;exact_piketage_from_source;data.gov.ua / Укравтодор;набір техніко-експлуатаційного стану доріг;Дані щодо техніко-експлуатаційного стану автомобільних доріг державного значення;2017;https://data.gov.ua/dataset/beca8aa5-96a9-46be-ade7-f1b400213af5;;Категорія міститься безпосередньо у вихідній таблиці показників дороги.;high;original_source_geometry;координати вихідного набору 2017;Зчеплення_Черн_вц__М_Н_Р_2017.xlsx | М-19_пр | rows 60-61;"Базовий загальноукраїнський шар; категорія може відрізнятися від пізніших реконструкцій.";False
BASE2017-01042;Чернівецька;М-19;Доманове (на м.Брест) - Ковель - Чернівці - Тереблече (на м.Бухарест);державного значення;I;1;;512+000;513+000;512000;513000;1.0;експлуатаційні дані 2017;exact_piketage_from_source;data.gov.ua / Укравтодор;набір техніко-експлуатаційного стану доріг;Дані щодо техніко-експлуатаційного стану автомобільних доріг державного значення;2017;https://data.gov.ua/dataset/beca8aa5-96a9-46be-ade7-f1b400213af5;;Категорія міститься безпосередньо у вихідній таблиці показників дороги.;high;original_source_geometry;координати вихідного набору 2017;Зчеплення_Черн_вц__М_Н_Р_2017.xlsx | М-19_пр | rows 62-62;"Базовий загальноукраїнський шар; категорія може відрізнятися від пізніших реконструкцій.";False
BASE2017-01043;Чернівецька;М-19;Доманове (на м.Брест) - Ковель - Чернівці - Тереблече (на м.Бухарест);державного значення;II;2;;513+000;541+000;513000;541000;28.0;експлуатаційні дані 2017;exact_piketage_from_source;data.gov.ua / Укравтодор;набір техніко-експлуатаційного стану доріг;Дані щодо техніко-експлуатаційного стану автомобільних доріг державного значення;2017;https://data.gov.ua/dataset/beca8aa5-96a9-46be-ade7-f1b400213af5;;Категорія міститься безпосередньо у вихідній таблиці показників дороги.;high;original_source_geometry;координати вихідного набору 2017;Зчеплення_Черн_вц__М_Н_Р_2017.xlsx | М-19_пр | rows 63-90;"Базовий загальноукраїнський шар; категорія може відрізнятися від пізніших реконструкцій.";False
BASE2017-01044;Чернівецька;М-19;Доманове (на м.Брест) - Ковель - Чернівці - Тереблече (на м.Бухарест);державного значення;I;1;;541+000;542+018;541000;542018;1.018;експлуатаційні дані 2017;exact_piketage_from_source;data.gov.ua / Укравтодор;набір техніко-експлуатаційного стану доріг;Дані щодо техніко-експлуатаційного стану автомобільних доріг державного значення;2017;https://data.gov.ua/dataset/beca8aa5-96a9-46be-ade7-f1b400213af5;;Категорія міститься безпосередньо у вихідній таблиці показників дороги.;high;original_source_geometry;координати вихідного набору 2017;Зчеплення_Черн_вц__М_Н_Р_2017.xlsx | М-19_пр | rows 91-92;"Базовий загальноукраїнський шар; категорія може відрізнятися від пізніших реконструкцій.";False
BASE2017-01045;Чернівецька;М-19;Об'їзд м.Чернівці;державного значення;II;2;;0+000;6+000;0;6000;6.0;експлуатаційні дані 2017;exact_piketage_from_source;data.gov.ua / Укравтодор;набір техніко-експлуатаційного стану доріг;Дані щодо техніко-експлуатаційного стану автомобільних доріг державного значення;2017;https://data.gov.ua/dataset/beca8aa5-96a9-46be-ade7-f1b400213af5;;Категорія міститься безпосередньо у вихідній таблиці показників дороги.;high;original_source_geometry;координати вихідного набору 2017;Зчеплення_Черн_вц__М_Н_Р_2017.xlsx | М-19_О_пр | rows 9-14;"Базовий загальноукраїнський шар; категорія може відрізнятися від пізніших реконструкцій.";False
BASE2017-01046;Чернівецька;М-19;Об'їзд м.Чернівці;державного значення;I;1;;6+000;10+000;6000;10000;4.0;експлуатаційні дані 2017;exact_piketage_from_source;data.gov.ua / Укравтодор;набір техніко-експлуатаційного стану доріг;Дані щодо техніко-експлуатаційного стану автомобільних доріг державного значення;2017;https://data.gov.ua/dataset/beca8aa5-96a9-46be-ade7-f1b400213af5;;Категорія міститься безпосередньо у вихідній таблиці показників дороги.;high;original_source_geometry;координати вихідного набору 2017;Зчеплення_Черн_вц__М_Н_Р_2017.xlsx | М-19_О_пр | rows 15-18;"Базовий загальноукраїнський шар; категорія може відрізнятися від пізніших реконструкцій.";False
BASE2017-01047;Чернівецька;М-19;Об'їзд м.Чернівці;державного значення;II;2;;10+000;11+300;10000;11300;1.3;експлуатаційні дані 2017;exact_piketage_from_source;data.gov.ua / Укравтодор;набір техніко-експлуатаційного стану доріг;Дані щодо техніко-експлуатаційного стану автомобільних доріг державного значення;2017;https://data.gov.ua/dataset/beca8aa5-96a9-46be-ade7-f1b400213af5;;Категорія міститься безпосередньо у вихідній таблиці показників дороги.;high;original_source_geometry;координати вихідного набору 2017;Зчеплення_Черн_вц__М_Н_Р_2017.xlsx | М-19_О_пр | rows 19-20;"Базовий загальноукраїнський шар; категорія може відрізнятися від пізніших реконструкцій.";False
BASE2017-01048;Чернівецька;Н-03;Житомир - Чернівці;державного значення;II;2;;302+964;349+151;302964;349151;46.187;експлуатаційні дані 2017;exact_piketage_from_source;data.gov.ua / Укравтодор;набір техніко-експлуатаційного стану доріг;Дані щодо техніко-експлуатаційного стану автомобільних доріг державного значення;2017;https://data.gov.ua/dataset/beca8aa5-96a9-46be-ade7-f1b400213af5;;Категорія міститься безпосередньо у вихідній таблиці показників дороги.;high;original_source_geometry;координати вихідного набору 2017;Зчеплення_Черн_вц__М_Н_Р_2017.xlsx | Н-03_пр | rows 9-56;"Базовий загальноукраїнський шар; категорія може відрізнятися від пізніших реконструкцій.";False
BASE2017-01049;Чернівецька;Н-10;Стрий - Івано-Франківськ - Чернівці - Мамалига (на м.Кишинів);державного значення;II;2;;206+402;226+000;206402;226000;19.598;експлуатаційні дані 2017;exact_piketage_from_source;data.gov.ua / Укравтодор;набір техніко-експлуатаційного стану доріг;Дані щодо техніко-експлуатаційного стану автомобільних доріг державного значення;2017;https://data.gov.ua/dataset/beca8aa5-96a9-46be-ade7-f1b400213af5;;Категорія міститься безпосередньо у вихідній таблиці показників дороги.;high;original_source_geometry;координати вихідного набору 2017;Зчеплення_Черн_вц__М_Н_Р_2017.xlsx | Н-10_пр | rows 9-28;"Базовий загальноукраїнський шар; категорія може відрізнятися від пізніших реконструкцій.";False
BASE2017-01050;Чернівецька;Н-10;Стрий - Івано-Франківськ - Чернівці - Мамалига (на м.Кишинів);державного значення;I;1;;243+807;249+000;243807;249000;5.193;експлуатаційні дані 2017;exact_piketage_from_source;data.gov.ua / Укравтодор;набір техніко-експлуатаційного стану доріг;Дані щодо техніко-експлуатаційного стану автомобільних доріг державного значення;2017;https://data.gov.ua/dataset/beca8aa5-96a9-46be-ade7-f1b400213af5;;Категорія міститься безпосередньо у вихідній таблиці показників дороги.;high;original_source_geometry;координати вихідного набору 2017;Зчеплення_Черн_вц__М_Н_Р_2017.xlsx | Н-10_пр | rows 30-35;"Базовий загальноукраїнський шар; категорія може відрізнятися від пізніших реконструкцій.";False
BASE2017-01051;Чернівецька;Н-10;Стрий - Івано-Франківськ - Чернівці - Мамалига (на м.Кишинів);державного значення;II;2;;249+000;295+291;249000;295291;46.291;експлуатаційні дані 2017;exact_piketage_from_source;data.gov.ua / Укравтодор;набір техніко-експлуатаційного стану доріг;Дані щодо техніко-експлуатаційного стану автомобільних доріг державного значення;2017;https://data.gov.ua/dataset/beca8aa5-96a9-46be-ade7-f1b400213af5;;Категорія міститься безпосередньо у вихідній таблиці показників дороги.;high;original_source_geometry;координати вихідного набору 2017;Зчеплення_Черн_вц__М_Н_Р_2017.xlsx | Н-10_пр | rows 36-82;"Базовий загальноукраїнський шар; категорія може відрізнятися від пізніших реконструкцій.";False
BASE2017-01052;Чернівецька;Р-62;Криворівня - Усть-Путила - Старі Кути - Вижниця - Сторожинець - Чернівці;державного значення;IV;4;;13+898;14+000;13898;14000;0.102;експлуатаційні дані 2017;exact_piketage_from_source;data.gov.ua / Укравтодор;набір техніко-експлуатаційного стану доріг;Дані щодо техніко-експлуатаційного стану автомобільних доріг державного значення;2017;https://data.gov.ua/dataset/beca8aa5-96a9-46be-ade7-f1b400213af5;;Категорія міститься безпосередньо у вихідній таблиці показників дороги.;high;original_source_geometry;координати вихідного набору 2017;Зчеплення_Черн_вц__М_Н_Р_2017.xlsx | Р-62_пр | rows 9-9;"Базовий загальноукраїнський шар; категорія може відрізнятися від пізніших реконструкцій.";False
BASE2017-01053;Чернівецька;Р-62;Криворівня - Усть-Путила - Старі Кути - Вижниця - Сторожинець - Чернівці;державного значення;III;3;;14+000;18+000;14000;18000;4.0;експлуатаційні дані 2017;exact_piketage_from_source;data.gov.ua / Укравтодор;набір техніко-експлуатаційного стану доріг;Дані щодо техніко-експлуатаційного стану автомобільних доріг державного значення;2017;https://data.gov.ua/dataset/beca8aa5-96a9-46be-ade7-f1b400213af5;;Категорія міститься безпосередньо у вихідній таблиці показників дороги.;high;original_source_geometry;координати вихідного набору 2017;Зчеплення_Черн_вц__М_Н_Р_2017.xlsx | Р-62_пр | rows 10-13;"Базовий загальноукраїнський шар; категорія може відрізнятися від пізніших реконструкцій.";False
BASE2017-01054;Чернівецька;Р-62;Криворівня - Усть-Путила - Старі Кути - Вижниця - Сторожинець - Чернівці;державного значення;IV;4;;18+000;19+000;18000;19000;1.0;експлуатаційні дані 2017;exact_piketage_from_source;data.gov.ua / Укравтодор;набір техніко-експлуатаційного стану доріг;Дані щодо техніко-експлуатаційного стану автомобільних доріг державного значення;2017;https://data.gov.ua/dataset/beca8aa5-96a9-46be-ade7-f1b400213af5;;Категорія міститься безпосередньо у вихідній таблиці показників дороги.;high;original_source_geometry;координати вихідного набору 2017;Зчеплення_Черн_вц__М_Н_Р_2017.xlsx | Р-62_пр | rows 14-14;"Базовий загальноукраїнський шар; категорія може відрізнятися від пізніших реконструкцій.";False
BASE2017-01055;Чернівецька;Р-62;Криворівня - Усть-Путила - Старі Кути - Вижниця - Сторожинець - Чернівці;державного значення;III;3;;19+000;22+000;19000;22000;3.0;експлуатаційні дані 2017;exact_piketage_from_source;data.gov.ua / Укравтодор;набір техніко-експлуатаційного стану доріг;Дані щодо техніко-експлуатаційного стану автомобільних доріг державного значення;2017;https://data.gov.ua/dataset/beca8aa5-96a9-46be-ade7-f1b400213af5;;Категорія міститься безпосередньо у вихідній таблиці показників дороги.;high;original_source_geometry;координати вихідного набору 2017;Зчеплення_Черн_вц__М_Н_Р_2017.xlsx | Р-62_пр | rows 15-17;"Базовий загальноукраїнський шар; категорія може відрізнятися від пізніших реконструкцій.";False
BASE2017-01056;Чернівецька;Р-62;Криворівня - Усть-Путила - Старі Кути - Вижниця - Сторожинець - Чернівці;державного значення;IV;4;;22+000;24+000;22000;24000;2.0;експлуатаційні дані 2017;exact_piketage_from_source;data.gov.ua / Укравтодор;набір техніко-експлуатаційного стану доріг;Дані щодо техніко-експлуатаційного стану автомобільних доріг державного значення;2017;https://data.gov.ua/dataset/beca8aa5-96a9-46be-ade7-f1b400213af5;;Категорія міститься безпосередньо у вихідній таблиці показників дороги.;high;original_source_geometry;координати вихідного набору 2017;Зчеплення_Черн_вц__М_Н_Р_2017.xlsx | Р-62_пр | rows 18-19;"Базовий загальноукраїнський шар; категорія може відрізнятися від пізніших реконструкцій.";False
BASE2017-01057;Чернівецька;Р-62;Криворівня - Усть-Путила - Старі Кути - Вижниця - Сторожинець - Чернівці;державного значення;III;3;;24+000;29+000;24000;29000;5.0;експлуатаційні дані 2017;exact_piketage_from_source;data.gov.ua / Укравтодор;набір техніко-експлуатаційного стану доріг;Дані щодо техніко-експлуатаційного стану автомобільних доріг державного значення;2017;https://data.gov.ua/dataset/beca8aa5-96a9-46be-ade7-f1b400213af5;;Категорія міститься безпосередньо у вихідній таблиці показників дороги.;high;original_source_geometry;координати вихідного набору 2017;Зчеплення_Черн_вц__М_Н_Р_2017.xlsx | Р-62_пр | rows 20-24;"Базовий загальноукраїнський шар; категорія може відрізнятися від пізніших реконструкцій.";False
BASE2017-01058;Чернівецька;Р-62;Криворівня - Усть-Путила - Старі Кути - Вижниця - Сторожинець - Чернівці;державного значення;IV;4;;29+000;30+000;29000;30000;1.0;експлуатаційні дані 2017;exact_piketage_from_source;data.gov.ua / Укравтодор;набір техніко-експлуатаційного стану доріг;Дані щодо техніко-експлуатаційного стану автомобільних доріг державного значення;2017;https://data.gov.ua/dataset/beca8aa5-96a9-46be-ade7-f1b400213af5;;Категорія міститься безпосередньо у вихідній таблиці показників дороги.;high;original_source_geometry;координати вихідного набору 2017;Зчеплення_Черн_вц__М_Н_Р_2017.xlsx | Р-62_пр | rows 25-25;"Базовий загальноукраїнський шар; категорія може відрізнятися від пізніших реконструкцій.";False
BASE2017-01059;Чернівецька;Р-62;Криворівня - Усть-Путила - Старі Кути - Вижниця - Сторожинець - Чернівці;державного значення;III;3;;30+000;33+694;30000;33694;3.694;експлуатаційні дані 2017;exact_piketage_from_source;data.gov.ua / Укравтодор;набір техніко-експлуатаційного стану доріг;Дані щодо техніко-експлуатаційного стану автомобільних доріг державного значення;2017;https://data.gov.ua/dataset/beca8aa5-96a9-46be-ade7-f1b400213af5;;Категорія міститься безпосередньо у вихідній таблиці показників дороги.;high;original_source_geometry;координати вихідного набору 2017;Зчеплення_Черн_вц__М_Н_Р_2017.xlsx | Р-62_пр | rows 26-29;"Базовий загальноукраїнський шар; категорія може відрізнятися від пізніших реконструкцій.";False
BASE2017-01060;Чернівецька;Р-62;Криворівня - Усть-Путила - Старі Кути - Вижниця - Сторожинець - Чернівці;державного значення;III;3;;41+694;93+605;41694;93605;51.911;експлуатаційні дані 2017;exact_piketage_from_source;data.gov.ua / Укравтодор;набір техніко-експлуатаційного стану доріг;Дані щодо техніко-експлуатаційного стану автомобільних доріг державного значення;2017;https://data.gov.ua/dataset/beca8aa5-96a9-46be-ade7-f1b400213af5;;Категорія міститься безпосередньо у вихідній таблиці показників дороги.;high;original_source_geometry;координати вихідного набору 2017;Зчеплення_Черн_вц__М_Н_Р_2017.xlsx | Р-62_пр | rows 31-83;"Базовий загальноукраїнський шар; категорія може відрізнятися від пізніших реконструкцій.";False
BASE2017-01061;Чернівецька;Р-62;Криворівня - Усть-Путила - Старі Кути - Вижниця - Сторожинець - Чернівці;державного значення;III;3;;96+305;100+000;96305;100000;3.695;експлуатаційні дані 2017;exact_piketage_from_source;data.gov.ua / Укравтодор;набір техніко-експлуатаційного стану доріг;Дані щодо техніко-експлуатаційного стану автомобільних доріг державного значення;2017;https://data.gov.ua/dataset/beca8aa5-96a9-46be-ade7-f1b400213af5;;Категорія міститься безпосередньо у вихідній таблиці показників дороги.;high;original_source_geometry;координати вихідного набору 2017;Зчеплення_Черн_вц__М_Н_Р_2017.xlsx | Р-62_пр | rows 85-88;"Базовий загальноукраїнський шар; категорія може відрізнятися від пізніших реконструкцій.";False
BASE2017-01062;Чернівецька;Р-62;Криворівня - Усть-Путила - Старі Кути - Вижниця - Сторожинець - Чернівці;державного значення;IV;4;;100+000;113+882;100000;113882;13.882;експлуатаційні дані 2017;exact_piketage_from_source;data.gov.ua / Укравтодор;набір техніко-експлуатаційного стану доріг;Дані щодо техніко-експлуатаційного стану автомобільних доріг державного значення;2017;https://data.gov.ua/dataset/beca8aa5-96a9-46be-ade7-f1b400213af5;;Категорія міститься безпосередньо у вихідній таблиці показників дороги.;high;original_source_geometry;координати вихідного набору 2017;Зчеплення_Черн_вц__М_Н_Р_2017.xlsx | Р-62_пр | rows 89-102;"Базовий загальноукраїнський шар; категорія може відрізнятися від пізніших реконструкцій.";False
BASE2017-01063;Чернівецька;Р-63;"Н-03 - Вартиківці - КПП ""Сокиряни""";державного значення;III;3;;0+000;64+000;0;64000;64.0;експлуатаційні дані 2017;exact_piketage_from_source;data.gov.ua / Укравтодор;набір техніко-експлуатаційного стану доріг;Дані щодо техніко-експлуатаційного стану автомобільних доріг державного значення;2017;https://data.gov.ua/dataset/beca8aa5-96a9-46be-ade7-f1b400213af5;;Категорія міститься безпосередньо у вихідній таблиці показників дороги.;high;original_source_geometry;координати вихідного набору 2017;Зчеплення_Черн_вц__М_Н_Р_2017.xlsx | Р-63_пр | rows 9-72;"Базовий загальноукраїнський шар; категорія може відрізнятися від пізніших реконструкцій.";False
BASE2017-01064;Чернівецька;Р-63;"Н-03 - Вартиківці - КПП ""Сокиряни""";державного значення;IV;4;;64+000;69+000;64000;69000;5.0;експлуатаційні дані 2017;exact_piketage_from_source;data.gov.ua / Укравтодор;набір техніко-експлуатаційного стану доріг;Дані щодо техніко-експлуатаційного стану автомобільних доріг державного значення;2017;https://data.gov.ua/dataset/beca8aa5-96a9-46be-ade7-f1b400213af5;;Категорія міститься безпосередньо у вихідній таблиці показників дороги.;high;original_source_geometry;координати вихідного набору 2017;Зчеплення_Черн_вц__М_Н_Р_2017.xlsx | Р-63_пр | rows 73-77;"Базовий загальноукраїнський шар; категорія може відрізнятися від пізніших реконструкцій.";False
BASE2017-01065;Чернівецька;Р-63;"Н-03 - Вартиківці - КПП ""Сокиряни""";державного значення;III;3;;69+000;71+000;69000;71000;2.0;експлуатаційні дані 2017;exact_piketage_from_source;data.gov.ua / Укравтодор;набір техніко-експлуатаційного стану доріг;Дані щодо техніко-експлуатаційного стану автомобільних доріг державного значення;2017;https://data.gov.ua/dataset/beca8aa5-96a9-46be-ade7-f1b400213af5;;Категорія міститься безпосередньо у вихідній таблиці показників дороги.;high;original_source_geometry;координати вихідного набору 2017;Зчеплення_Черн_вц__М_Н_Р_2017.xlsx | Р-63_пр | rows 78-79;"Базовий загальноукраїнський шар; категорія може відрізнятися від пізніших реконструкцій.";False
BASE2017-01066;Чернівецька;Р-63;"Н-03 - Вартиківці - КПП ""Сокиряни""";державного значення;IV;4;;71+000;73+000;71000;73000;2.0;експлуатаційні дані 2017;exact_piketage_from_source;data.gov.ua / Укравтодор;набір техніко-експлуатаційного стану доріг;Дані щодо техніко-експлуатаційного стану автомобільних доріг державного значення;2017;https://data.gov.ua/dataset/beca8aa5-96a9-46be-ade7-f1b400213af5;;Категорія міститься безпосередньо у вихідній таблиці показників дороги.;high;original_source_geometry;координати вихідного набору 2017;Зчеплення_Черн_вц__М_Н_Р_2017.xlsx | Р-63_пр | rows 80-81;"Базовий загальноукраїнський шар; категорія може відрізнятися від пізніших реконструкцій.";False
BASE2017-01067;Чернівецька;Р-63;"Н-03 - Вартиківці - КПП ""Сокиряни""";державного значення;III;3;;73+000;86+000;73000;86000;13.0;експлуатаційні дані 2017;exact_piketage_from_source;data.gov.ua / Укравтодор;набір техніко-експлуатаційного стану доріг;Дані щодо техніко-експлуатаційного стану автомобільних доріг державного значення;2017;https://data.gov.ua/dataset/beca8aa5-96a9-46be-ade7-f1b400213af5;;Категорія міститься безпосередньо у вихідній таблиці показників дороги.;high;original_source_geometry;координати вихідного набору 2017;Зчеплення_Черн_вц__М_Н_Р_2017.xlsx | Р-63_пр | rows 82-94;"Базовий загальноукраїнський шар; категорія може відрізнятися від пізніших реконструкцій.";False
BASE2017-01068;Чернівецька;Р-63;"Н-03 - Вартиківці - КПП ""Сокиряни""";державного значення;IV;4;;86+000;87+000;86000;87000;1.0;експлуатаційні дані 2017;exact_piketage_from_source;data.gov.ua / Укравтодор;набір техніко-експлуатаційного стану доріг;Дані щодо техніко-експлуатаційного стану автомобільних доріг державного значення;2017;https://data.gov.ua/dataset/beca8aa5-96a9-46be-ade7-f1b400213af5;;Категорія міститься безпосередньо у вихідній таблиці показників дороги.;high;original_source_geometry;координати вихідного набору 2017;Зчеплення_Черн_вц__М_Н_Р_2017.xlsx | Р-63_пр | rows 95-95;"Базовий загальноукраїнський шар; категорія може відрізнятися від пізніших реконструкцій.";False
BASE2017-01069;Чернівецька;Р-63;"Н-03 - Вартиківці - КПП ""Сокиряни""";державного значення;III;3;;87+000;88+739;87000;88739;1.739;експлуатаційні дані 2017;exact_piketage_from_source;data.gov.ua / Укравтодор;набір техніко-експлуатаційного стану доріг;Дані щодо техніко-експлуатаційного стану автомобільних доріг державного значення;2017;https://data.gov.ua/dataset/beca8aa5-96a9-46be-ade7-f1b400213af5;;Категорія міститься безпосередньо у вихідній таблиці показників дороги.;high;original_source_geometry;координати вихідного набору 2017;Зчеплення_Черн_вц__М_Н_Р_2017.xlsx | Р-63_пр | rows 96-97;"Базовий загальноукраїнський шар; категорія може відрізнятися від пізніших реконструкцій.";False
BASE2017-01070;Чернівецька;Р-63;"Під'їзд до КПП ""Росошани""";державного значення;III;3;;0+000;21+147;0;21147;21.147;експлуатаційні дані 2017;exact_piketage_from_source;data.gov.ua / Укравтодор;набір техніко-експлуатаційного стану доріг;Дані щодо техніко-експлуатаційного стану автомобільних доріг державного значення;2017;https://data.gov.ua/dataset/beca8aa5-96a9-46be-ade7-f1b400213af5;;Категорія міститься безпосередньо у вихідній таблиці показників дороги.;high;original_source_geometry;координати вихідного набору 2017;Зчеплення_Черн_вц__М_Н_Р_2017.xlsx | р-63_КПП1_пр | rows 9-30;"Базовий загальноукраїнський шар; категорія може відрізнятися від пізніших реконструкцій.";False
BASE2017-01071;Чернівецька;Р-63;"Під'їзд до КПП ""Кельменці""";державного значення;III;3;;0+000;1+800;0;1800;1.8;експлуатаційні дані 2017;exact_piketage_from_source;data.gov.ua / Укравтодор;набір техніко-експлуатаційного стану доріг;Дані щодо техніко-експлуатаційного стану автомобільних доріг державного значення;2017;https://data.gov.ua/dataset/beca8aa5-96a9-46be-ade7-f1b400213af5;;Категорія міститься безпосередньо у вихідній таблиці показників дороги.;high;original_source_geometry;координати вихідного набору 2017;Зчеплення_Черн_вц__М_Н_Р_2017.xlsx | р-63_КПП2_пр | rows 9-10;"Базовий загальноукраїнський шар; категорія може відрізнятися від пізніших реконструкцій.";False
BASE2017-01072;Чернігівська;М-01;Київ - Чернігів - Нові Яриловичі (на м. Гомель);державного значення;II;2;;61+016;177+915;61016;177915;116.899;експлуатаційні дані 2017;exact_piketage_from_source;data.gov.ua / Укравтодор;набір техніко-експлуатаційного стану доріг;Дані щодо техніко-експлуатаційного стану автомобільних доріг державного значення;2017;https://data.gov.ua/dataset/beca8aa5-96a9-46be-ade7-f1b400213af5;;Категорія міститься безпосередньо у вихідній таблиці показників дороги.;high;original_source_geometry;координати вихідного набору 2017;Зчеплення_Черн_г_в_М_Н_2017.xlsx | М-01_пр | rows 9-154;"Базовий загальноукраїнський шар; категорія може відрізнятися від пізніших реконструкцій.";False
BASE2017-01073;Чернігівська;М-01;Київ - Чернігів - Нові Яриловичі (на м. Гомель);державного значення;II;2;;177+915;207+000;177915;207000;29.085;експлуатаційні дані 2017;exact_piketage_from_source;data.gov.ua / Укравтодор;набір техніко-експлуатаційного стану доріг;Дані щодо техніко-експлуатаційного стану автомобільних доріг державного значення;2017;https://data.gov.ua/dataset/beca8aa5-96a9-46be-ade7-f1b400213af5;;Категорія міститься безпосередньо у вихідній таблиці показників дороги.;high;original_source_geometry;координати вихідного набору 2017;Зчеплення_Черн_г_в_М_Н_2017.xlsx | М-01_пр | rows 9-154;"Базовий загальноукраїнський шар; категорія може відрізнятися від пізніших реконструкцій.";False
BASE2017-01074;Чернігівська;М-01;Київ - Чернігів - Нові Яриловичі (на м. Гомель);державного значення;III;3;;207+000;212+000;207000;212000;5.0;експлуатаційні дані 2017;exact_piketage_from_source;data.gov.ua / Укравтодор;набір техніко-експлуатаційного стану доріг;Дані щодо техніко-експлуатаційного стану автомобільних доріг державного значення;2017;https://data.gov.ua/dataset/beca8aa5-96a9-46be-ade7-f1b400213af5;;Категорія міститься безпосередньо у вихідній таблиці показників дороги.;high;original_source_geometry;координати вихідного набору 2017;Зчеплення_Черн_г_в_М_Н_2017.xlsx | М-01_пр | rows 155-159;"Базовий загальноукраїнський шар; категорія може відрізнятися від пізніших реконструкцій.";False
BASE2017-01075;Чернігівська;М-01;Київ - Чернігів - Нові Яриловичі (на м. Гомель);державного значення;II;2;;212+000;224+326;212000;224326;12.326;експлуатаційні дані 2017;exact_piketage_from_source;data.gov.ua / Укравтодор;набір техніко-експлуатаційного стану доріг;Дані щодо техніко-експлуатаційного стану автомобільних доріг державного значення;2017;https://data.gov.ua/dataset/beca8aa5-96a9-46be-ade7-f1b400213af5;;Категорія міститься безпосередньо у вихідній таблиці показників дороги.;high;original_source_geometry;координати вихідного набору 2017;Зчеплення_Черн_г_в_М_Н_2017.xlsx | М-01_пр | rows 160-172;"Базовий загальноукраїнський шар; категорія може відрізнятися від пізніших реконструкцій.";False
BASE2017-01076;Чернігівська;М-01;Північний під'їзд до м. Чернігів;державного значення;II;2;;0+000;0+934;0;934;0.934;експлуатаційні дані 2017;exact_piketage_from_source;data.gov.ua / Укравтодор;набір техніко-експлуатаційного стану доріг;Дані щодо техніко-експлуатаційного стану автомобільних доріг державного значення;2017;https://data.gov.ua/dataset/beca8aa5-96a9-46be-ade7-f1b400213af5;;Категорія міститься безпосередньо у вихідній таблиці показників дороги.;high;original_source_geometry;координати вихідного набору 2017;Зчеплення_Черн_г_в_М_Н_2017.xlsx | М-01_П1 пр  | rows 9-9;"Базовий загальноукраїнський шар; категорія може відрізнятися від пізніших реконструкцій.";False
BASE2017-01077;Чернігівська;М-01;Південний під'їзд до м. Чернігів ;державного значення;II;2;;0+000;12+805;0;12805;12.805;експлуатаційні дані 2017;exact_piketage_from_source;data.gov.ua / Укравтодор;набір техніко-експлуатаційного стану доріг;Дані щодо техніко-експлуатаційного стану автомобільних доріг державного значення;2017;https://data.gov.ua/dataset/beca8aa5-96a9-46be-ade7-f1b400213af5;;Категорія міститься безпосередньо у вихідній таблиці показників дороги.;high;original_source_geometry;координати вихідного набору 2017;Зчеплення_Черн_г_в_М_Н_2017.xlsx | М-01_П2 пр | rows 9-21;"Базовий загальноукраїнський шар; категорія може відрізнятися від пізніших реконструкцій.";False
BASE2017-01078;Чернігівська;М-02;Кіпті - Глухів - Бачівськ (на м. Брянськ);державного значення;III;3;;0+635;1+000;635;1000;0.365;експлуатаційні дані 2017;exact_piketage_from_source;data.gov.ua / Укравтодор;набір техніко-експлуатаційного стану доріг;Дані щодо техніко-експлуатаційного стану автомобільних доріг державного значення;2017;https://data.gov.ua/dataset/beca8aa5-96a9-46be-ade7-f1b400213af5;;Категорія міститься безпосередньо у вихідній таблиці показників дороги.;high;original_source_geometry;координати вихідного набору 2017;Зчеплення_Черн_г_в_М_Н_2017.xlsx | М-02_пр | rows 9-9;"Базовий загальноукраїнський шар; категорія може відрізнятися від пізніших реконструкцій.";False
BASE2017-01079;Чернігівська;М-02;Кіпті - Глухів - Бачівськ (на м. Брянськ);державного значення;I;1;;1+000;3+000;1000;3000;2.0;експлуатаційні дані 2017;exact_piketage_from_source;data.gov.ua / Укравтодор;набір техніко-експлуатаційного стану доріг;Дані щодо техніко-експлуатаційного стану автомобільних доріг державного значення;2017;https://data.gov.ua/dataset/beca8aa5-96a9-46be-ade7-f1b400213af5;;Категорія міститься безпосередньо у вихідній таблиці показників дороги.;high;original_source_geometry;координати вихідного набору 2017;Зчеплення_Черн_г_в_М_Н_2017.xlsx | М-02_пр | rows 10-11;"Базовий загальноукраїнський шар; категорія може відрізнятися від пізніших реконструкцій.";False
BASE2017-01080;Чернігівська;М-02;Кіпті - Глухів - Бачівськ (на м. Брянськ);державного значення;III;3;;3+000;10+000;3000;10000;7.0;експлуатаційні дані 2017;exact_piketage_from_source;data.gov.ua / Укравтодор;набір техніко-експлуатаційного стану доріг;Дані щодо техніко-експлуатаційного стану автомобільних доріг державного значення;2017;https://data.gov.ua/dataset/beca8aa5-96a9-46be-ade7-f1b400213af5;;Категорія міститься безпосередньо у вихідній таблиці показників дороги.;high;original_source_geometry;координати вихідного набору 2017;Зчеплення_Черн_г_в_М_Н_2017.xlsx | М-02_пр | rows 12-18;"Базовий загальноукраїнський шар; категорія може відрізнятися від пізніших реконструкцій.";False
BASE2017-01081;Чернігівська;М-02;Кіпті - Глухів - Бачівськ (на м. Брянськ);державного значення;I;1;;10+000;21+000;10000;21000;11.0;експлуатаційні дані 2017;exact_piketage_from_source;data.gov.ua / Укравтодор;набір техніко-експлуатаційного стану доріг;Дані щодо техніко-експлуатаційного стану автомобільних доріг державного значення;2017;https://data.gov.ua/dataset/beca8aa5-96a9-46be-ade7-f1b400213af5;;Категорія міститься безпосередньо у вихідній таблиці показників дороги.;high;original_source_geometry;координати вихідного набору 2017;Зчеплення_Черн_г_в_М_Н_2017.xlsx | М-02_пр | rows 19-29;"Базовий загальноукраїнський шар; категорія може відрізнятися від пізніших реконструкцій.";False
BASE2017-01082;Чернігівська;М-02;Кіпті - Глухів - Бачівськ (на м. Брянськ);державного значення;III;3;;21+000;39+000;21000;39000;18.0;експлуатаційні дані 2017;exact_piketage_from_source;data.gov.ua / Укравтодор;набір техніко-експлуатаційного стану доріг;Дані щодо техніко-експлуатаційного стану автомобільних доріг державного значення;2017;https://data.gov.ua/dataset/beca8aa5-96a9-46be-ade7-f1b400213af5;;Категорія міститься безпосередньо у вихідній таблиці показників дороги.;high;original_source_geometry;координати вихідного набору 2017;Зчеплення_Черн_г_в_М_Н_2017.xlsx | М-02_пр | rows 30-47;"Базовий загальноукраїнський шар; категорія може відрізнятися від пізніших реконструкцій.";False
BASE2017-01083;Чернігівська;М-02;Кіпті - Глухів - Бачівськ (на м. Брянськ);державного значення;II;2;;39+000;117+000;39000;117000;78.0;експлуатаційні дані 2017;exact_piketage_from_source;data.gov.ua / Укравтодор;набір техніко-експлуатаційного стану доріг;Дані щодо техніко-експлуатаційного стану автомобільних доріг державного значення;2017;https://data.gov.ua/dataset/beca8aa5-96a9-46be-ade7-f1b400213af5;;Категорія міститься безпосередньо у вихідній таблиці показників дороги.;high;original_source_geometry;координати вихідного набору 2017;Зчеплення_Черн_г_в_М_Н_2017.xlsx | М-02_пр | rows 48-125;"Базовий загальноукраїнський шар; категорія може відрізнятися від пізніших реконструкцій.";False
BASE2017-01084;Чернігівська;М-02;Кіпті - Глухів - Бачівськ (на м. Брянськ);державного значення;I;1;;117+000;145+435;117000;145435;28.435;експлуатаційні дані 2017;exact_piketage_from_source;data.gov.ua / Укравтодор;набір техніко-експлуатаційного стану доріг;Дані щодо техніко-експлуатаційного стану автомобільних доріг державного значення;2017;https://data.gov.ua/dataset/beca8aa5-96a9-46be-ade7-f1b400213af5;;Категорія міститься безпосередньо у вихідній таблиці показників дороги.;high;original_source_geometry;координати вихідного набору 2017;Зчеплення_Черн_г_в_М_Н_2017.xlsx | М-02_пр | rows 126-154;"Базовий загальноукраїнський шар; категорія може відрізнятися від пізніших реконструкцій.";False
BASE2017-01085;Чернігівська;Н-07;Київ - Суми - Юнаківка (на м. Курськ);державного значення;III;3;;65+500;92+000;65500;92000;26.5;експлуатаційні дані 2017;exact_piketage_from_source;data.gov.ua / Укравтодор;набір техніко-експлуатаційного стану доріг;Дані щодо техніко-експлуатаційного стану автомобільних доріг державного значення;2017;https://data.gov.ua/dataset/beca8aa5-96a9-46be-ade7-f1b400213af5;;Категорія міститься безпосередньо у вихідній таблиці показників дороги.;high;original_source_geometry;координати вихідного набору 2017;Зчеплення_Черн_г_в_М_Н_2017.xlsx | Н-07_пр | rows 9-35;"Базовий загальноукраїнський шар; категорія може відрізнятися від пізніших реконструкцій.";False
BASE2017-01086;Чернігівська;Н-07;Київ - Суми - Юнаківка (на м. Курськ);державного значення;II;2;;92+000;208+341;92000;208341;116.341;експлуатаційні дані 2017;exact_piketage_from_source;data.gov.ua / Укравтодор;набір техніко-експлуатаційного стану доріг;Дані щодо техніко-експлуатаційного стану автомобільних доріг державного значення;2017;https://data.gov.ua/dataset/beca8aa5-96a9-46be-ade7-f1b400213af5;;Категорія міститься безпосередньо у вихідній таблиці показників дороги.;high;original_source_geometry;координати вихідного набору 2017;Зчеплення_Черн_г_в_М_Н_2017.xlsx | Н-07_пр | rows 36-152;"Базовий загальноукраїнський шар; категорія може відрізнятися від пізніших реконструкцій.";False
BASE2017-01087;Чернігівська;Р-12;Чернігів - Мена - Сосниця - Грем'яч;державного значення;II;2;;6+500;15+000;6500;15000;8.5;експлуатаційні дані 2017;exact_piketage_from_source;data.gov.ua / Укравтодор;набір техніко-експлуатаційного стану доріг;Дані щодо техніко-експлуатаційного стану автомобільних доріг державного значення;2017;https://data.gov.ua/dataset/beca8aa5-96a9-46be-ade7-f1b400213af5;;Категорія міститься безпосередньо у вихідній таблиці показників дороги.;high;original_source_geometry;координати вихідного набору 2017;Зчеплення_Черн_г_в_Р_2017.xlsx | Р-12_пр | rows 9-17;"Базовий загальноукраїнський шар; категорія може відрізнятися від пізніших реконструкцій.";False
BASE2017-01088;Чернігівська;Р-12;Чернігів - Мена - Сосниця - Грем'яч;державного значення;III;3;;15+000;18+000;15000;18000;3.0;експлуатаційні дані 2017;exact_piketage_from_source;data.gov.ua / Укравтодор;набір техніко-експлуатаційного стану доріг;Дані щодо техніко-експлуатаційного стану автомобільних доріг державного значення;2017;https://data.gov.ua/dataset/beca8aa5-96a9-46be-ade7-f1b400213af5;;Категорія міститься безпосередньо у вихідній таблиці показників дороги.;high;original_source_geometry;координати вихідного набору 2017;Зчеплення_Черн_г_в_Р_2017.xlsx | Р-12_пр | rows 18-20;"Базовий загальноукраїнський шар; категорія може відрізнятися від пізніших реконструкцій.";False
BASE2017-01089;Чернігівська;Р-12;Чернігів - Мена - Сосниця - Грем'яч;державного значення;II;2;;18+000;141+000;18000;141000;123.0;експлуатаційні дані 2017;exact_piketage_from_source;data.gov.ua / Укравтодор;набір техніко-експлуатаційного стану доріг;Дані щодо техніко-експлуатаційного стану автомобільних доріг державного значення;2017;https://data.gov.ua/dataset/beca8aa5-96a9-46be-ade7-f1b400213af5;;Категорія міститься безпосередньо у вихідній таблиці показників дороги.;high;original_source_geometry;координати вихідного набору 2017;Зчеплення_Черн_г_в_Р_2017.xlsx | Р-12_пр | rows 21-143;"Базовий загальноукраїнський шар; категорія може відрізнятися від пізніших реконструкцій.";False
BASE2017-01090;Чернігівська;Р-12;Чернігів - Мена - Сосниця - Грем'яч;державного значення;IV;4;;141+000;144+000;141000;144000;3.0;експлуатаційні дані 2017;exact_piketage_from_source;data.gov.ua / Укравтодор;набір техніко-експлуатаційного стану доріг;Дані щодо техніко-експлуатаційного стану автомобільних доріг державного значення;2017;https://data.gov.ua/dataset/beca8aa5-96a9-46be-ade7-f1b400213af5;;Категорія міститься безпосередньо у вихідній таблиці показників дороги.;high;original_source_geometry;координати вихідного набору 2017;Зчеплення_Черн_г_в_Р_2017.xlsx | Р-12_пр | rows 144-146;"Базовий загальноукраїнський шар; категорія може відрізнятися від пізніших реконструкцій.";False
BASE2017-01091;Чернігівська;Р-12;Чернігів - Мена - Сосниця - Грем'яч;державного значення;III;3;;144+000;153+000;144000;153000;9.0;експлуатаційні дані 2017;exact_piketage_from_source;data.gov.ua / Укравтодор;набір техніко-експлуатаційного стану доріг;Дані щодо техніко-експлуатаційного стану автомобільних доріг державного значення;2017;https://data.gov.ua/dataset/beca8aa5-96a9-46be-ade7-f1b400213af5;;Категорія міститься безпосередньо у вихідній таблиці показників дороги.;high;original_source_geometry;координати вихідного набору 2017;Зчеплення_Черн_г_в_Р_2017.xlsx | Р-12_пр | rows 147-155;"Базовий загальноукраїнський шар; категорія може відрізнятися від пізніших реконструкцій.";False
BASE2017-01092;Чернігівська;Р-12;Чернігів - Мена - Сосниця - Грем'яч;державного значення;IV;4;;153+000;159+000;153000;159000;6.0;експлуатаційні дані 2017;exact_piketage_from_source;data.gov.ua / Укравтодор;набір техніко-експлуатаційного стану доріг;Дані щодо техніко-експлуатаційного стану автомобільних доріг державного значення;2017;https://data.gov.ua/dataset/beca8aa5-96a9-46be-ade7-f1b400213af5;;Категорія міститься безпосередньо у вихідній таблиці показників дороги.;high;original_source_geometry;координати вихідного набору 2017;Зчеплення_Черн_г_в_Р_2017.xlsx | Р-12_пр | rows 156-161;"Базовий загальноукраїнський шар; категорія може відрізнятися від пізніших реконструкцій.";False
BASE2017-01093;Чернігівська;Р-12;Чернігів - Мена - Сосниця - Грем'яч;державного значення;III;3;;159+000;176+000;159000;176000;17.0;експлуатаційні дані 2017;exact_piketage_from_source;data.gov.ua / Укравтодор;набір техніко-експлуатаційного стану доріг;Дані щодо техніко-експлуатаційного стану автомобільних доріг державного значення;2017;https://data.gov.ua/dataset/beca8aa5-96a9-46be-ade7-f1b400213af5;;Категорія міститься безпосередньо у вихідній таблиці показників дороги.;high;original_source_geometry;координати вихідного набору 2017;Зчеплення_Черн_г_в_Р_2017.xlsx | Р-12_пр | rows 162-178;"Базовий загальноукраїнський шар; категорія може відрізнятися від пізніших реконструкцій.";False
BASE2017-01094;Чернігівська;Р-12;Чернігів - Мена - Сосниця - Грем'яч;державного значення;II;2;;176+000;210+775;176000;210775;34.775;експлуатаційні дані 2017;exact_piketage_from_source;data.gov.ua / Укравтодор;набір техніко-експлуатаційного стану доріг;Дані щодо техніко-експлуатаційного стану автомобільних доріг державного значення;2017;https://data.gov.ua/dataset/beca8aa5-96a9-46be-ade7-f1b400213af5;;Категорія міститься безпосередньо у вихідній таблиці показників дороги.;high;original_source_geometry;координати вихідного набору 2017;Зчеплення_Черн_г_в_Р_2017.xlsx | Р-12_пр | rows 179-213;"Базовий загальноукраїнський шар; категорія може відрізнятися від пізніших реконструкцій.";False
BASE2017-01095;Чернігівська;Р-12;Під'їзд до м. Новгород - Сіверський;державного значення;II;2;;0+000;4+739;0;4739;4.739;експлуатаційні дані 2017;exact_piketage_from_source;data.gov.ua / Укравтодор;набір техніко-експлуатаційного стану доріг;Дані щодо техніко-експлуатаційного стану автомобільних доріг державного значення;2017;https://data.gov.ua/dataset/beca8aa5-96a9-46be-ade7-f1b400213af5;;Категорія міститься безпосередньо у вихідній таблиці показників дороги.;high;original_source_geometry;координати вихідного набору 2017;Зчеплення_Черн_г_в_Р_2017.xlsx | Р-12 П_пр | rows 9-13;"Базовий загальноукраїнський шар; категорія може відрізнятися від пізніших реконструкцій.";False
BASE2017-01096;Чернігівська;Р-13;Чернігів - Городня - Сеньківка;державного значення;II;2;;13+450;21+000;13450;21000;7.55;експлуатаційні дані 2017;exact_piketage_from_source;data.gov.ua / Укравтодор;набір техніко-експлуатаційного стану доріг;Дані щодо техніко-експлуатаційного стану автомобільних доріг державного значення;2017;https://data.gov.ua/dataset/beca8aa5-96a9-46be-ade7-f1b400213af5;;Категорія міститься безпосередньо у вихідній таблиці показників дороги.;high;original_source_geometry;координати вихідного набору 2017;Зчеплення_Черн_г_в_Р_2017.xlsx | Р-13_пр | rows 9-16;"Базовий загальноукраїнський шар; категорія може відрізнятися від пізніших реконструкцій.";False
BASE2017-01097;Чернігівська;Р-13;Чернігів - Городня - Сеньківка;державного значення;III;3;;21+000;26+000;21000;26000;5.0;експлуатаційні дані 2017;exact_piketage_from_source;data.gov.ua / Укравтодор;набір техніко-експлуатаційного стану доріг;Дані щодо техніко-експлуатаційного стану автомобільних доріг державного значення;2017;https://data.gov.ua/dataset/beca8aa5-96a9-46be-ade7-f1b400213af5;;Категорія міститься безпосередньо у вихідній таблиці показників дороги.;high;original_source_geometry;координати вихідного набору 2017;Зчеплення_Черн_г_в_Р_2017.xlsx | Р-13_пр | rows 17-21;"Базовий загальноукраїнський шар; категорія може відрізнятися від пізніших реконструкцій.";False
BASE2017-01098;Чернігівська;Р-13;Чернігів - Городня - Сеньківка;державного значення;II;2;;26+000;28+000;26000;28000;2.0;експлуатаційні дані 2017;exact_piketage_from_source;data.gov.ua / Укравтодор;набір техніко-експлуатаційного стану доріг;Дані щодо техніко-експлуатаційного стану автомобільних доріг державного значення;2017;https://data.gov.ua/dataset/beca8aa5-96a9-46be-ade7-f1b400213af5;;Категорія міститься безпосередньо у вихідній таблиці показників дороги.;high;original_source_geometry;координати вихідного набору 2017;Зчеплення_Черн_г_в_Р_2017.xlsx | Р-13_пр | rows 22-23;"Базовий загальноукраїнський шар; категорія може відрізнятися від пізніших реконструкцій.";False
BASE2017-01099;Чернігівська;Р-13;Чернігів - Городня - Сеньківка;державного значення;III;3;;28+000;52+000;28000;52000;24.0;експлуатаційні дані 2017;exact_piketage_from_source;data.gov.ua / Укравтодор;набір техніко-експлуатаційного стану доріг;Дані щодо техніко-експлуатаційного стану автомобільних доріг державного значення;2017;https://data.gov.ua/dataset/beca8aa5-96a9-46be-ade7-f1b400213af5;;Категорія міститься безпосередньо у вихідній таблиці показників дороги.;high;original_source_geometry;координати вихідного набору 2017;Зчеплення_Черн_г_в_Р_2017.xlsx | Р-13_пр | rows 24-47;"Базовий загальноукраїнський шар; категорія може відрізнятися від пізніших реконструкцій.";False
BASE2017-01100;Чернігівська;Р-13;Чернігів - Городня - Сеньківка;державного значення;II;2;;52+000;53+860;52000;53860;1.86;експлуатаційні дані 2017;exact_piketage_from_source;data.gov.ua / Укравтодор;набір техніко-експлуатаційного стану доріг;Дані щодо техніко-експлуатаційного стану автомобільних доріг державного значення;2017;https://data.gov.ua/dataset/beca8aa5-96a9-46be-ade7-f1b400213af5;;Категорія міститься безпосередньо у вихідній таблиці показників дороги.;high;original_source_geometry;координати вихідного набору 2017;Зчеплення_Черн_г_в_Р_2017.xlsx | Р-13_пр | rows 48-49;"Базовий загальноукраїнський шар; категорія може відрізнятися від пізніших реконструкцій.";False
BASE2017-01101;Чернігівська;Р-13;Чернігів - Городня - Сеньківка;державного значення;II;2;;58+340;90+284;58340;90284;31.944;експлуатаційні дані 2017;exact_piketage_from_source;data.gov.ua / Укравтодор;набір техніко-експлуатаційного стану доріг;Дані щодо техніко-експлуатаційного стану автомобільних доріг державного значення;2017;https://data.gov.ua/dataset/beca8aa5-96a9-46be-ade7-f1b400213af5;;Категорія міститься безпосередньо у вихідній таблиці показників дороги.;high;original_source_geometry;координати вихідного набору 2017;Зчеплення_Черн_г_в_Р_2017.xlsx | Р-13_пр | rows 51-83;"Базовий загальноукраїнський шар; категорія може відрізнятися від пізніших реконструкцій.";False
BASE2017-01102;Чернігівська;Р-56;"Чернігів - Пакуль - КПП ""Славутич"" - Чорнобиль";державного значення;I;1;;6+000;9+323;6000;9323;3.323;експлуатаційні дані 2017;exact_piketage_from_source;data.gov.ua / Укравтодор;набір техніко-експлуатаційного стану доріг;Дані щодо техніко-експлуатаційного стану автомобільних доріг державного значення;2017;https://data.gov.ua/dataset/beca8aa5-96a9-46be-ade7-f1b400213af5;;Категорія міститься безпосередньо у вихідній таблиці показників дороги.;high;original_source_geometry;координати вихідного набору 2017;Зчеплення_Черн_г_в_Р_2017.xlsx | Р-56_пр | rows 9-12;"Базовий загальноукраїнський шар; категорія може відрізнятися від пізніших реконструкцій.";False
BASE2017-01103;Чернігівська;Р-56;"Чернігів - Пакуль - КПП ""Славутич"" - Чорнобиль";державного значення;II;2;;10+153;50+900;10153;50900;40.747;експлуатаційні дані 2017;exact_piketage_from_source;data.gov.ua / Укравтодор;набір техніко-експлуатаційного стану доріг;Дані щодо техніко-експлуатаційного стану автомобільних доріг державного значення;2017;https://data.gov.ua/dataset/beca8aa5-96a9-46be-ade7-f1b400213af5;;Категорія міститься безпосередньо у вихідній таблиці показників дороги.;high;original_source_geometry;координати вихідного набору 2017;Зчеплення_Черн_г_в_Р_2017.xlsx | Р-56_пр | rows 14-54;"Базовий загальноукраїнський шар; категорія може відрізнятися від пізніших реконструкцій.";False
BASE2017-01104;Чернігівська;Р-56;"Чернігів - Пакуль - КПП ""Славутич"" - Чорнобиль";державного значення;II;2;;70+001;84+451;70001;84451;14.45;експлуатаційні дані 2017;exact_piketage_from_source;data.gov.ua / Укравтодор;набір техніко-експлуатаційного стану доріг;Дані щодо техніко-експлуатаційного стану автомобільних доріг державного значення;2017;https://data.gov.ua/dataset/beca8aa5-96a9-46be-ade7-f1b400213af5;;Категорія міститься безпосередньо у вихідній таблиці показників дороги.;high;original_source_geometry;координати вихідного набору 2017;Зчеплення_Черн_г_в_Р_2017.xlsx | Р-56_пр | rows 56-70;"Базовий загальноукраїнський шар; категорія може відрізнятися від пізніших реконструкцій.";False
BASE2017-01105;Чернігівська;Р-56;Під‛їзд до м. Славутич;державного значення;II;2;;0+000;6+000;0;6000;6.0;експлуатаційні дані 2017;exact_piketage_from_source;data.gov.ua / Укравтодор;набір техніко-експлуатаційного стану доріг;Дані щодо техніко-експлуатаційного стану автомобільних доріг державного значення;2017;https://data.gov.ua/dataset/beca8aa5-96a9-46be-ade7-f1b400213af5;;Категорія міститься безпосередньо у вихідній таблиці показників дороги.;high;original_source_geometry;координати вихідного набору 2017;Зчеплення_Черн_г_в_Р_2017.xlsx | Р-56 П_пр | rows 9-14;"Базовий загальноукраїнський шар; категорія може відрізнятися від пізніших реконструкцій.";False
BASE2017-01106;Чернігівська;Р-56;Під‛їзд до м. Славутич;державного значення;I;1;;6+000;10+000;6000;10000;4.0;експлуатаційні дані 2017;exact_piketage_from_source;data.gov.ua / Укравтодор;набір техніко-експлуатаційного стану доріг;Дані щодо техніко-експлуатаційного стану автомобільних доріг державного значення;2017;https://data.gov.ua/dataset/beca8aa5-96a9-46be-ade7-f1b400213af5;;Категорія міститься безпосередньо у вихідній таблиці показників дороги.;high;original_source_geometry;координати вихідного набору 2017;Зчеплення_Черн_г_в_Р_2017.xlsx | Р-56 П_пр | rows 15-18;"Базовий загальноукраїнський шар; категорія може відрізнятися від пізніших реконструкцій.";False
BASE2017-01107;Чернігівська;Р-56;Під‛їзд до м. Славутич;державного значення;II;2;;10+000;13+648;10000;13648;3.648;експлуатаційні дані 2017;exact_piketage_from_source;data.gov.ua / Укравтодор;набір техніко-експлуатаційного стану доріг;Дані щодо техніко-експлуатаційного стану автомобільних доріг державного значення;2017;https://data.gov.ua/dataset/beca8aa5-96a9-46be-ade7-f1b400213af5;;Категорія міститься безпосередньо у вихідній таблиці показників дороги.;high;original_source_geometry;координати вихідного набору 2017;Зчеплення_Черн_г_в_Р_2017.xlsx | Р-56 П_пр | rows 19-22;"Базовий загальноукраїнський шар; категорія може відрізнятися від пізніших реконструкцій.";False
BASE2017-01108;Чернігівська;Р-61;Батурин - Конотоп - Суми;державного значення;III;3;;0+000;4+000;0;4000;4.0;експлуатаційні дані 2017;exact_piketage_from_source;data.gov.ua / Укравтодор;набір техніко-експлуатаційного стану доріг;Дані щодо техніко-експлуатаційного стану автомобільних доріг державного значення;2017;https://data.gov.ua/dataset/beca8aa5-96a9-46be-ade7-f1b400213af5;;Категорія міститься безпосередньо у вихідній таблиці показників дороги.;high;original_source_geometry;координати вихідного набору 2017;Зчеплення_Черн_г_в_Р_2017.xlsx | Р-61_пр | rows 9-12;"Базовий загальноукраїнський шар; категорія може відрізнятися від пізніших реконструкцій.";False
BASE2017-01109;Чернігівська;Р-61;Батурин - Конотоп - Суми;державного значення;II;2;;4+000;6+000;4000;6000;2.0;експлуатаційні дані 2017;exact_piketage_from_source;data.gov.ua / Укравтодор;набір техніко-експлуатаційного стану доріг;Дані щодо техніко-експлуатаційного стану автомобільних доріг державного значення;2017;https://data.gov.ua/dataset/beca8aa5-96a9-46be-ade7-f1b400213af5;;Категорія міститься безпосередньо у вихідній таблиці показників дороги.;high;original_source_geometry;координати вихідного набору 2017;Зчеплення_Черн_г_в_Р_2017.xlsx | Р-61_пр | rows 13-14;"Базовий загальноукраїнський шар; категорія може відрізнятися від пізніших реконструкцій.";False
BASE2017-01110;Чернігівська;Р-61;Батурин - Конотоп - Суми;державного значення;III;3;;6+000;18+820;6000;18820;12.82;експлуатаційні дані 2017;exact_piketage_from_source;data.gov.ua / Укравтодор;набір техніко-експлуатаційного стану доріг;Дані щодо техніко-експлуатаційного стану автомобільних доріг державного значення;2017;https://data.gov.ua/dataset/beca8aa5-96a9-46be-ade7-f1b400213af5;;Категорія міститься безпосередньо у вихідній таблиці показників дороги.;high;original_source_geometry;координати вихідного набору 2017;Зчеплення_Черн_г_в_Р_2017.xlsx | Р-61_пр | rows 15-27;"Базовий загальноукраїнський шар; категорія може відрізнятися від пізніших реконструкцій.";False
BASE2017-01111;Чернігівська;Р-61;"Під'їзд до заповідника ""Гетьманська Столиця""";державного значення;III;3;;0+000;1+160;0;1160;1.16;експлуатаційні дані 2017;exact_piketage_from_source;data.gov.ua / Укравтодор;набір техніко-експлуатаційного стану доріг;Дані щодо техніко-експлуатаційного стану автомобільних доріг державного значення;2017;https://data.gov.ua/dataset/beca8aa5-96a9-46be-ade7-f1b400213af5;;Категорія міститься безпосередньо у вихідній таблиці показників дороги.;high;original_source_geometry;координати вихідного набору 2017;Зчеплення_Черн_г_в_Р_2017.xlsx | Р-61 П_пр  | rows 9-10;"Базовий загальноукраїнський шар; категорія може відрізнятися від пізніших реконструкцій.";False
BASE2017-01112;Чернігівська;Р-65;"КПП ""Миколаївка""- Семенівка - Новгород-Сіверський - Глухів - КПП ""Катеринівка""";державного значення;III;3;;0+000;10+840;0;10840;10.84;експлуатаційні дані 2017;exact_piketage_from_source;data.gov.ua / Укравтодор;набір техніко-експлуатаційного стану доріг;Дані щодо техніко-експлуатаційного стану автомобільних доріг державного значення;2017;https://data.gov.ua/dataset/beca8aa5-96a9-46be-ade7-f1b400213af5;;Категорія міститься безпосередньо у вихідній таблиці показників дороги.;high;original_source_geometry;координати вихідного набору 2017;Зчеплення_Черн_г_в_Р_2017.xlsx | Р-65_пр | rows 9-19;"Базовий загальноукраїнський шар; категорія може відрізнятися від пізніших реконструкцій.";False
BASE2017-01113;Чернігівська;Р-65;"КПП ""Миколаївка""- Семенівка - Новгород-Сіверський - Глухів - КПП ""Катеринівка""";державного значення;III;3;;19+096;66+376;19096;66376;47.28;експлуатаційні дані 2017;exact_piketage_from_source;data.gov.ua / Укравтодор;набір техніко-експлуатаційного стану доріг;Дані щодо техніко-експлуатаційного стану автомобільних доріг державного значення;2017;https://data.gov.ua/dataset/beca8aa5-96a9-46be-ade7-f1b400213af5;;Категорія міститься безпосередньо у вихідній таблиці показників дороги.;high;original_source_geometry;координати вихідного набору 2017;Зчеплення_Черн_г_в_Р_2017.xlsx | Р-65_пр | rows 21-68;"Базовий загальноукраїнський шар; категорія може відрізнятися від пізніших реконструкцій.";False
BASE2017-01114;Чернігівська;Р-65;"КПП ""Миколаївка""- Семенівка - Новгород-Сіверський - Глухів - КПП ""Катеринівка""";державного значення;III;3;;73+775;81+405;73775;81405;7.63;експлуатаційні дані 2017;exact_piketage_from_source;data.gov.ua / Укравтодор;набір техніко-експлуатаційного стану доріг;Дані щодо техніко-експлуатаційного стану автомобільних доріг державного значення;2017;https://data.gov.ua/dataset/beca8aa5-96a9-46be-ade7-f1b400213af5;;Категорія міститься безпосередньо у вихідній таблиці показників дороги.;high;original_source_geometry;координати вихідного набору 2017;Зчеплення_Черн_г_в_Р_2017.xlsx | Р-65_пр | rows 70-78;"Базовий загальноукраїнський шар; категорія може відрізнятися від пізніших реконструкцій.";False
BASE2017-01115;Чернігівська;Р-67;Під'їзд до м. Ніжин;державного значення;IV;4;;0+000;2+000;0;2000;2.0;експлуатаційні дані 2017;exact_piketage_from_source;data.gov.ua / Укравтодор;набір техніко-експлуатаційного стану доріг;Дані щодо техніко-експлуатаційного стану автомобільних доріг державного значення;2017;https://data.gov.ua/dataset/beca8aa5-96a9-46be-ade7-f1b400213af5;;Категорія міститься безпосередньо у вихідній таблиці показників дороги.;high;original_source_geometry;координати вихідного набору 2017;Зчеплення_Черн_г_в_Р_2017.xlsx | Р-67 П_пр | rows 9-10;"Базовий загальноукраїнський шар; категорія може відрізнятися від пізніших реконструкцій.";False
BASE2017-01116;Чернігівська;Р-67;Під'їзд до м. Ніжин;державного значення;III;3;;2+000;3+000;2000;3000;1.0;експлуатаційні дані 2017;exact_piketage_from_source;data.gov.ua / Укравтодор;набір техніко-експлуатаційного стану доріг;Дані щодо техніко-експлуатаційного стану автомобільних доріг державного значення;2017;https://data.gov.ua/dataset/beca8aa5-96a9-46be-ade7-f1b400213af5;;Категорія міститься безпосередньо у вихідній таблиці показників дороги.;high;original_source_geometry;координати вихідного набору 2017;Зчеплення_Черн_г_в_Р_2017.xlsx | Р-67 П_пр | rows 11-11;"Базовий загальноукраїнський шар; категорія може відрізнятися від пізніших реконструкцій.";False
BASE2017-01117;Чернігівська;Р-67;Під'їзд до м. Ніжин;державного значення;II;2;;3+000;4+000;3000;4000;1.0;експлуатаційні дані 2017;exact_piketage_from_source;data.gov.ua / Укравтодор;набір техніко-експлуатаційного стану доріг;Дані щодо техніко-експлуатаційного стану автомобільних доріг державного значення;2017;https://data.gov.ua/dataset/beca8aa5-96a9-46be-ade7-f1b400213af5;;Категорія міститься безпосередньо у вихідній таблиці показників дороги.;high;original_source_geometry;координати вихідного набору 2017;Зчеплення_Черн_г_в_Р_2017.xlsx | Р-67 П_пр | rows 12-12;"Базовий загальноукраїнський шар; категорія може відрізнятися від пізніших реконструкцій.";False
BASE2017-01118;Чернігівська;Р-67;Під'їзд до м. Ніжин;державного значення;III;3;;4+000;5+000;4000;5000;1.0;експлуатаційні дані 2017;exact_piketage_from_source;data.gov.ua / Укравтодор;набір техніко-експлуатаційного стану доріг;Дані щодо техніко-експлуатаційного стану автомобільних доріг державного значення;2017;https://data.gov.ua/dataset/beca8aa5-96a9-46be-ade7-f1b400213af5;;Категорія міститься безпосередньо у вихідній таблиці показників дороги.;high;original_source_geometry;координати вихідного набору 2017;Зчеплення_Черн_г_в_Р_2017.xlsx | Р-67 П_пр | rows 13-13;"Базовий загальноукраїнський шар; категорія може відрізнятися від пізніших реконструкцій.";False
BASE2017-01119;Чернігівська;Р-67;Під'їзд до м. Ніжин;державного значення;IV;4;;5+000;6+000;5000;6000;1.0;експлуатаційні дані 2017;exact_piketage_from_source;data.gov.ua / Укравтодор;набір техніко-експлуатаційного стану доріг;Дані щодо техніко-експлуатаційного стану автомобільних доріг державного значення;2017;https://data.gov.ua/dataset/beca8aa5-96a9-46be-ade7-f1b400213af5;;Категорія міститься безпосередньо у вихідній таблиці показників дороги.;high;original_source_geometry;координати вихідного набору 2017;Зчеплення_Черн_г_в_Р_2017.xlsx | Р-67 П_пр | rows 14-14;"Базовий загальноукраїнський шар; категорія може відрізнятися від пізніших реконструкцій.";False
BASE2017-01120;Чернігівська;Р-67;Чернігів - Ніжин - Прилуки - Пирятин;державного значення;II;2;;6+000;10+000;6000;10000;4.0;експлуатаційні дані 2017;exact_piketage_from_source;data.gov.ua / Укравтодор;набір техніко-експлуатаційного стану доріг;Дані щодо техніко-експлуатаційного стану автомобільних доріг державного значення;2017;https://data.gov.ua/dataset/beca8aa5-96a9-46be-ade7-f1b400213af5;;Категорія міститься безпосередньо у вихідній таблиці показників дороги.;high;original_source_geometry;координати вихідного набору 2017;Зчеплення_Черн_г_в_Р_2017.xlsx | Р-67_пр | rows 15-18;"Базовий загальноукраїнський шар; категорія може відрізнятися від пізніших реконструкцій.";False
BASE2017-01121;Чернігівська;Р-67;Чернігів - Ніжин - Прилуки - Пирятин;державного значення;IV;4;;10+000;20+000;10000;20000;10.0;експлуатаційні дані 2017;exact_piketage_from_source;data.gov.ua / Укравтодор;набір техніко-експлуатаційного стану доріг;Дані щодо техніко-експлуатаційного стану автомобільних доріг державного значення;2017;https://data.gov.ua/dataset/beca8aa5-96a9-46be-ade7-f1b400213af5;;Категорія міститься безпосередньо у вихідній таблиці показників дороги.;high;original_source_geometry;координати вихідного набору 2017;Зчеплення_Черн_г_в_Р_2017.xlsx | Р-67_пр | rows 19-28;"Базовий загальноукраїнський шар; категорія може відрізнятися від пізніших реконструкцій.";False
BASE2017-01122;Чернігівська;Р-67;Чернігів - Ніжин - Прилуки - Пирятин;державного значення;III;3;;20+000;29+000;20000;29000;9.0;експлуатаційні дані 2017;exact_piketage_from_source;data.gov.ua / Укравтодор;набір техніко-експлуатаційного стану доріг;Дані щодо техніко-експлуатаційного стану автомобільних доріг державного значення;2017;https://data.gov.ua/dataset/beca8aa5-96a9-46be-ade7-f1b400213af5;;Категорія міститься безпосередньо у вихідній таблиці показників дороги.;high;original_source_geometry;координати вихідного набору 2017;Зчеплення_Черн_г_в_Р_2017.xlsx | Р-67_пр | rows 29-37;"Базовий загальноукраїнський шар; категорія може відрізнятися від пізніших реконструкцій.";False
BASE2017-01123;Чернігівська;Р-67;Чернігів - Ніжин - Прилуки - Пирятин;державного значення;II;2;;29+000;31+000;29000;31000;2.0;експлуатаційні дані 2017;exact_piketage_from_source;data.gov.ua / Укравтодор;набір техніко-експлуатаційного стану доріг;Дані щодо техніко-експлуатаційного стану автомобільних доріг державного значення;2017;https://data.gov.ua/dataset/beca8aa5-96a9-46be-ade7-f1b400213af5;;Категорія міститься безпосередньо у вихідній таблиці показників дороги.;high;original_source_geometry;координати вихідного набору 2017;Зчеплення_Черн_г_в_Р_2017.xlsx | Р-67_пр | rows 38-39;"Базовий загальноукраїнський шар; категорія може відрізнятися від пізніших реконструкцій.";False
BASE2017-01124;Чернігівська;Р-67;Чернігів - Ніжин - Прилуки - Пирятин;державного значення;III;3;;31+000;48+000;31000;48000;17.0;експлуатаційні дані 2017;exact_piketage_from_source;data.gov.ua / Укравтодор;набір техніко-експлуатаційного стану доріг;Дані щодо техніко-експлуатаційного стану автомобільних доріг державного значення;2017;https://data.gov.ua/dataset/beca8aa5-96a9-46be-ade7-f1b400213af5;;Категорія міститься безпосередньо у вихідній таблиці показників дороги.;high;original_source_geometry;координати вихідного набору 2017;Зчеплення_Черн_г_в_Р_2017.xlsx | Р-67_пр | rows 40-56;"Базовий загальноукраїнський шар; категорія може відрізнятися від пізніших реконструкцій.";False
BASE2017-01125;Чернігівська;Р-67;Чернігів - Ніжин - Прилуки - Пирятин;державного значення;IV;4;;48+000;51+000;48000;51000;3.0;експлуатаційні дані 2017;exact_piketage_from_source;data.gov.ua / Укравтодор;набір техніко-експлуатаційного стану доріг;Дані щодо техніко-експлуатаційного стану автомобільних доріг державного значення;2017;https://data.gov.ua/dataset/beca8aa5-96a9-46be-ade7-f1b400213af5;;Категорія міститься безпосередньо у вихідній таблиці показників дороги.;high;original_source_geometry;координати вихідного набору 2017;Зчеплення_Черн_г_в_Р_2017.xlsx | Р-67_пр | rows 57-59;"Базовий загальноукраїнський шар; категорія може відрізнятися від пізніших реконструкцій.";False
BASE2017-01126;Чернігівська;Р-67;Чернігів - Ніжин - Прилуки - Пирятин;державного значення;II;2;;51+000;65+981;51000;65981;14.981;експлуатаційні дані 2017;exact_piketage_from_source;data.gov.ua / Укравтодор;набір техніко-експлуатаційного стану доріг;Дані щодо техніко-експлуатаційного стану автомобільних доріг державного значення;2017;https://data.gov.ua/dataset/beca8aa5-96a9-46be-ade7-f1b400213af5;;Категорія міститься безпосередньо у вихідній таблиці показників дороги.;high;original_source_geometry;координати вихідного набору 2017;Зчеплення_Черн_г_в_Р_2017.xlsx | Р-67_пр | rows 60-74;"Базовий загальноукраїнський шар; категорія може відрізнятися від пізніших реконструкцій.";False
BASE2017-01127;Чернігівська;Р-67;Чернігів - Ніжин - Прилуки - Пирятин;державного значення;II;2;;79+601;129+000;79601;129000;49.399;експлуатаційні дані 2017;exact_piketage_from_source;data.gov.ua / Укравтодор;набір техніко-експлуатаційного стану доріг;Дані щодо техніко-експлуатаційного стану автомобільних доріг державного значення;2017;https://data.gov.ua/dataset/beca8aa5-96a9-46be-ade7-f1b400213af5;;Категорія міститься безпосередньо у вихідній таблиці показників дороги.;high;original_source_geometry;координати вихідного набору 2017;Зчеплення_Черн_г_в_Р_2017.xlsx | Р-67_пр | rows 76-125;"Базовий загальноукраїнський шар; категорія може відрізнятися від пізніших реконструкцій.";False
BASE2017-01128;Чернігівська;Р-67;Чернігів - Ніжин - Прилуки - Пирятин;державного значення;IV;4;;129+000;159+758;129000;159758;30.758;експлуатаційні дані 2017;exact_piketage_from_source;data.gov.ua / Укравтодор;набір техніко-експлуатаційного стану доріг;Дані щодо техніко-експлуатаційного стану автомобільних доріг державного значення;2017;https://data.gov.ua/dataset/beca8aa5-96a9-46be-ade7-f1b400213af5;;Категорія міститься безпосередньо у вихідній таблиці показників дороги.;high;original_source_geometry;координати вихідного набору 2017;Зчеплення_Черн_г_в_Р_2017.xlsx | Р-67_пр | rows 126-156;"Базовий загальноукраїнський шар; категорія може відрізнятися від пізніших реконструкцій.";False
BASE2017-01129;Чернігівська;Р-67;Чернігів - Ніжин - Прилуки - Пирятин;державного значення;IV;4;;168+719;187+508;168719;187508;18.789;експлуатаційні дані 2017;exact_piketage_from_source;data.gov.ua / Укравтодор;набір техніко-експлуатаційного стану доріг;Дані щодо техніко-експлуатаційного стану автомобільних доріг державного значення;2017;https://data.gov.ua/dataset/beca8aa5-96a9-46be-ade7-f1b400213af5;;Категорія міститься безпосередньо у вихідній таблиці показників дороги.;high;original_source_geometry;координати вихідного набору 2017;Зчеплення_Черн_г_в_Р_2017.xlsx | Р-67_пр | rows 158-177;"Базовий загальноукраїнський шар; категорія може відрізнятися від пізніших реконструкцій.";False
BASE2017-01130;Чернігівська;Р-67;Під'їзд до м. Ніжин;державного значення;IV;4;;0+000;2+000;0;2000;2.0;експлуатаційні дані 2017;exact_piketage_from_source;data.gov.ua / Укравтодор;набір техніко-експлуатаційного стану доріг;Дані щодо техніко-експлуатаційного стану автомобільних доріг державного значення;2017;https://data.gov.ua/dataset/beca8aa5-96a9-46be-ade7-f1b400213af5;;Категорія міститься безпосередньо у вихідній таблиці показників дороги.;high;original_source_geometry;координати вихідного набору 2017;Зчеплення_Черн_г_в_Р_2017.xlsx | Р-67 П_пр | rows 9-10;"Базовий загальноукраїнський шар; категорія може відрізнятися від пізніших реконструкцій.";False
BASE2017-01131;Чернігівська;Р-67;Під'їзд до м. Ніжин;державного значення;III;3;;2+000;3+000;2000;3000;1.0;експлуатаційні дані 2017;exact_piketage_from_source;data.gov.ua / Укравтодор;набір техніко-експлуатаційного стану доріг;Дані щодо техніко-експлуатаційного стану автомобільних доріг державного значення;2017;https://data.gov.ua/dataset/beca8aa5-96a9-46be-ade7-f1b400213af5;;Категорія міститься безпосередньо у вихідній таблиці показників дороги.;high;original_source_geometry;координати вихідного набору 2017;Зчеплення_Черн_г_в_Р_2017.xlsx | Р-67 П_пр | rows 11-11;"Базовий загальноукраїнський шар; категорія може відрізнятися від пізніших реконструкцій.";False
BASE2017-01132;Чернігівська;Р-67;Під'їзд до м. Ніжин;державного значення;II;2;;3+000;4+000;3000;4000;1.0;експлуатаційні дані 2017;exact_piketage_from_source;data.gov.ua / Укравтодор;набір техніко-експлуатаційного стану доріг;Дані щодо техніко-експлуатаційного стану автомобільних доріг державного значення;2017;https://data.gov.ua/dataset/beca8aa5-96a9-46be-ade7-f1b400213af5;;Категорія міститься безпосередньо у вихідній таблиці показників дороги.;high;original_source_geometry;координати вихідного набору 2017;Зчеплення_Черн_г_в_Р_2017.xlsx | Р-67 П_пр | rows 12-12;"Базовий загальноукраїнський шар; категорія може відрізнятися від пізніших реконструкцій.";False
BASE2017-01133;Чернігівська;Р-67;Під'їзд до м. Ніжин;державного значення;III;3;;4+000;5+000;4000;5000;1.0;експлуатаційні дані 2017;exact_piketage_from_source;data.gov.ua / Укравтодор;набір техніко-експлуатаційного стану доріг;Дані щодо техніко-експлуатаційного стану автомобільних доріг державного значення;2017;https://data.gov.ua/dataset/beca8aa5-96a9-46be-ade7-f1b400213af5;;Категорія міститься безпосередньо у вихідній таблиці показників дороги.;high;original_source_geometry;координати вихідного набору 2017;Зчеплення_Черн_г_в_Р_2017.xlsx | Р-67 П_пр | rows 13-13;"Базовий загальноукраїнський шар; категорія може відрізнятися від пізніших реконструкцій.";False
BASE2017-01134;Чернігівська;Р-67;Під'їзд до м. Ніжин;державного значення;IV;4;;5+000;6+000;5000;6000;1.0;експлуатаційні дані 2017;exact_piketage_from_source;data.gov.ua / Укравтодор;набір техніко-експлуатаційного стану доріг;Дані щодо техніко-експлуатаційного стану автомобільних доріг державного значення;2017;https://data.gov.ua/dataset/beca8aa5-96a9-46be-ade7-f1b400213af5;;Категорія міститься безпосередньо у вихідній таблиці показників дороги.;high;original_source_geometry;координати вихідного набору 2017;Зчеплення_Черн_г_в_Р_2017.xlsx | Р-67 П_пр | rows 14-14;"Базовий загальноукраїнський шар; категорія може відрізнятися від пізніших реконструкцій.";False
BASE2017-01135;Чернігівська;Р-67;Під'їзд до м. Ніжин;державного значення;II;2;;6+000;7+600;6000;7600;1.6;експлуатаційні дані 2017;exact_piketage_from_source;data.gov.ua / Укравтодор;набір техніко-експлуатаційного стану доріг;Дані щодо техніко-експлуатаційного стану автомобільних доріг державного значення;2017;https://data.gov.ua/dataset/beca8aa5-96a9-46be-ade7-f1b400213af5;;Категорія міститься безпосередньо у вихідній таблиці показників дороги.;high;original_source_geometry;координати вихідного набору 2017;Зчеплення_Черн_г_в_Р_2017.xlsx | Р-67 П_пр | rows 15-16;"Базовий загальноукраїнський шар; категорія може відрізнятися від пізніших реконструкцій.";False
BASE2017-01136;Чернігівська;Р-68;"Під'їзд до Державного історико - архітектурного заповідника ""Качанівка""";державного значення;III;3;;0+000;2+000;0;2000;2.0;експлуатаційні дані 2017;exact_piketage_from_source;data.gov.ua / Укравтодор;набір техніко-експлуатаційного стану доріг;Дані щодо техніко-експлуатаційного стану автомобільних доріг державного значення;2017;https://data.gov.ua/dataset/beca8aa5-96a9-46be-ade7-f1b400213af5;;Категорія міститься безпосередньо у вихідній таблиці показників дороги.;high;original_source_geometry;координати вихідного набору 2017;Зчеплення_Черн_г_в_Р_2017.xlsx | Р-68 П_пр | rows 9-10;"Базовий загальноукраїнський шар; категорія може відрізнятися від пізніших реконструкцій.";False
BASE2017-01137;Чернігівська;Р-68;Талалаївка - Ічня - Тростянець - Сокиринці - а/д Н-07;державного значення;IV;4;;2+000;10+000;2000;10000;8.0;експлуатаційні дані 2017;exact_piketage_from_source;data.gov.ua / Укравтодор;набір техніко-експлуатаційного стану доріг;Дані щодо техніко-експлуатаційного стану автомобільних доріг державного значення;2017;https://data.gov.ua/dataset/beca8aa5-96a9-46be-ade7-f1b400213af5;;Категорія міститься безпосередньо у вихідній таблиці показників дороги.;high;original_source_geometry;координати вихідного набору 2017;Зчеплення_Черн_г_в_Р_2017.xlsx | Р-68_пр | rows 11-18;"Базовий загальноукраїнський шар; категорія може відрізнятися від пізніших реконструкцій.";False
BASE2017-01138;Чернігівська;Р-68;Талалаївка - Ічня - Тростянець - Сокиринці - а/д Н-07;державного значення;III;3;;10+000;11+000;10000;11000;1.0;експлуатаційні дані 2017;exact_piketage_from_source;data.gov.ua / Укравтодор;набір техніко-експлуатаційного стану доріг;Дані щодо техніко-експлуатаційного стану автомобільних доріг державного значення;2017;https://data.gov.ua/dataset/beca8aa5-96a9-46be-ade7-f1b400213af5;;Категорія міститься безпосередньо у вихідній таблиці показників дороги.;high;original_source_geometry;координати вихідного набору 2017;Зчеплення_Черн_г_в_Р_2017.xlsx | Р-68_пр | rows 19-19;"Базовий загальноукраїнський шар; категорія може відрізнятися від пізніших реконструкцій.";False
BASE2017-01139;Чернігівська;Р-68;Талалаївка - Ічня - Тростянець - Сокиринці - а/д Н-07;державного значення;IV;4;;11+000;68+000;11000;68000;57.0;експлуатаційні дані 2017;exact_piketage_from_source;data.gov.ua / Укравтодор;набір техніко-експлуатаційного стану доріг;Дані щодо техніко-експлуатаційного стану автомобільних доріг державного значення;2017;https://data.gov.ua/dataset/beca8aa5-96a9-46be-ade7-f1b400213af5;;Категорія міститься безпосередньо у вихідній таблиці показників дороги.;high;original_source_geometry;координати вихідного набору 2017;Зчеплення_Черн_г_в_Р_2017.xlsx | Р-68_пр | rows 20-76;"Базовий загальноукраїнський шар; категорія може відрізнятися від пізніших реконструкцій.";False
BASE2017-01140;Чернігівська;Р-68;Талалаївка - Ічня - Тростянець - Сокиринці - а/д Н-07;державного значення;II;2;;68+000;94+171;68000;94171;26.171;експлуатаційні дані 2017;exact_piketage_from_source;data.gov.ua / Укравтодор;набір техніко-експлуатаційного стану доріг;Дані щодо техніко-експлуатаційного стану автомобільних доріг державного значення;2017;https://data.gov.ua/dataset/beca8aa5-96a9-46be-ade7-f1b400213af5;;Категорія міститься безпосередньо у вихідній таблиці показників дороги.;high;original_source_geometry;координати вихідного набору 2017;Зчеплення_Черн_г_в_Р_2017.xlsx | Р-68_пр | rows 77-103;"Базовий загальноукраїнський шар; категорія може відрізнятися від пізніших реконструкцій.";False
BASE2017-01141;Чернігівська;Р-68;"Під'їзд до Державного історико - архітектурного заповідника ""Качанівка""";державного значення;III;3;;0+000;2+000;0;2000;2.0;експлуатаційні дані 2017;exact_piketage_from_source;data.gov.ua / Укравтодор;набір техніко-експлуатаційного стану доріг;Дані щодо техніко-експлуатаційного стану автомобільних доріг державного значення;2017;https://data.gov.ua/dataset/beca8aa5-96a9-46be-ade7-f1b400213af5;;Категорія міститься безпосередньо у вихідній таблиці показників дороги.;high;original_source_geometry;координати вихідного набору 2017;Зчеплення_Черн_г_в_Р_2017.xlsx | Р-68 П_пр | rows 9-10;"Базовий загальноукраїнський шар; категорія може відрізнятися від пізніших реконструкцій.";False
BASE2017-01142;Чернігівська;Р-68;"Під'їзд до Державного історико - архітектурного заповідника ""Качанівка""";державного значення;IV;4;;2+000;5+270;2000;5270;3.27;експлуатаційні дані 2017;exact_piketage_from_source;data.gov.ua / Укравтодор;набір техніко-експлуатаційного стану доріг;Дані щодо техніко-експлуатаційного стану автомобільних доріг державного значення;2017;https://data.gov.ua/dataset/beca8aa5-96a9-46be-ade7-f1b400213af5;;Категорія міститься безпосередньо у вихідній таблиці показників дороги.;high;original_source_geometry;координати вихідного набору 2017;Зчеплення_Черн_г_в_Р_2017.xlsx | Р-68 П_пр | rows 11-14;"Базовий загальноукраїнський шар; категорія може відрізнятися від пізніших реконструкцій.";False
BASE2017-01143;Чернігівська;Р-69;Київ - Вишгород - Десна - Чернігів;державного значення;II;2;;69+702;152+802;69702;152802;83.1;експлуатаційні дані 2017;exact_piketage_from_source;data.gov.ua / Укравтодор;набір техніко-експлуатаційного стану доріг;Дані щодо техніко-експлуатаційного стану автомобільних доріг державного значення;2017;https://data.gov.ua/dataset/beca8aa5-96a9-46be-ade7-f1b400213af5;;Категорія міститься безпосередньо у вихідній таблиці показників дороги.;high;original_source_geometry;координати вихідного набору 2017;Зчеплення_Черн_г_в_Р_2017.xlsx | Р-69_пр | rows 9-92;"Базовий загальноукраїнський шар; категорія може відрізнятися від пізніших реконструкцій.";False
BASE2017-01144;Чернігівська;Р-69;Під'їзд до смт. Гончарівське;державного значення;II;2;;0+000;3+000;0;3000;3.0;експлуатаційні дані 2017;exact_piketage_from_source;data.gov.ua / Укравтодор;набір техніко-експлуатаційного стану доріг;Дані щодо техніко-експлуатаційного стану автомобільних доріг державного значення;2017;https://data.gov.ua/dataset/beca8aa5-96a9-46be-ade7-f1b400213af5;;Категорія міститься безпосередньо у вихідній таблиці показників дороги.;high;original_source_geometry;координати вихідного набору 2017;Зчеплення_Черн_г_в_Р_2017.xlsx | Р-69 П_пр | rows 9-11;"Базовий загальноукраїнський шар; категорія може відрізнятися від пізніших реконструкцій.";False
BASE2017-01145;Тернопільська;Р-39;Тернопіль - Броди;державного значення;I;1;;72+000;72+224;72000;72224;0.224;експлуатаційні дані 2017;exact_piketage_from_source;data.gov.ua / Укравтодор;набір техніко-експлуатаційного стану доріг;Дані щодо техніко-експлуатаційного стану автомобільних доріг державного значення;2017;https://data.gov.ua/dataset/beca8aa5-96a9-46be-ade7-f1b400213af5;;Категорія міститься безпосередньо у вихідній таблиці показників дороги.;high;original_source_geometry;координати вихідного набору 2017;Зчеплення_Терноп_ль_М_Н_Р_2017.xlsx | р-39_пр | rows 50-50;"Базовий загальноукраїнський шар; категорія може відрізнятися від пізніших реконструкцій.";False
EDESSB-0001;Житомирська;Н-03;Житомир – Чернівці;державного значення;II;2;;58+000;62+200;58000;62200;4.2;projected_after_reconstruction;exact_piketage_from_source;ЄДЕССБ;Експертиза проекту / додаток до експертного звіту;EX01:0709-7661-8836-9302;2025-10-31;https://e-construction.gov.ua/document_detail/doc_id%3D3760708307904365569/optype%3D6;3760708307904365569;ЄДЕССБ: після реконструкції ділянка Н-03 км 58+000 – км 62+200 буде відноситися до доріг II категорії.;high;transferred_from_2017_geometry;2017 baseline geometry by pike;"[{""source_from"": ""58+000"", ""source_to"": ""59+000"", ""source_sheet"": ""Н-03_пр"", ""source_file"": ""Зчеплення_Житомир_Н_Р_2017.xlsx""}, {""source_from"": ""59+000"", ""source_to"": ""63+000"", ""source_sheet"": ""Н-03_пр"", ""source_file"": ""Зчеплення_Житомир_Н_Р_2017.xlsx""}]";Це проектна (майбутня після реконструкції) категорія, а не твердження про поточний стан до реконструкції.;True
EDESSB-0002;Закарпатська;О070501;Іршава – Ільниця – Білки – Великий Раковець – Вільхівка;місцевого значення;IV;4;;3+930;4+120;3930;4120;0.19;stated_existing_or_project_section;exact_piketage_from_source;ЄДЕССБ;Експертиза проекту / додаток до експертного звіту;EX01:6451-7430-4296-3124;2023-09-07;https://e-construction.gov.ua/document_detail/doc_id%3D3186450888847787959/optype%3D6;3186450888847787959;ЄДЕССБ: категорія дороги згідно технічної класифікації – IV для ремонтованої ділянки км 3+930 – км 4+120.;high;geometry_null;;;ЄДЕССБ окремо зазначає, що проектні км 3+930–4+120 відповідають км 5+110–5+300 паспорту дороги.;True
EDESSB-0003;Закарпатська;О070704;Червеньово – Великі Лучки – Гать;місцевого значення;IV;4;;14+633;23+337;14633;23337;8.704;stated_existing_or_project_section;exact_piketage_from_source;ЄДЕССБ;Експертиза проекту / додаток до експертного звіту;EX01:5419-4589-5721-5252;2023-07-26;https://e-construction.gov.ua/document_detail/doc_id%3D3155414470151374107/optype%3D6;3155414470151374107;"ЄДЕССБ: категорія дороги – IV згідно технічної класифікації; об'єкт км 14+633 – км 23+337.";high;geometry_null;;;"Документ має архівний статус; категорія наведена безпосередньо в експертному звіті.";True
EDESSB-0004;Закарпатська;С070725;Верхня Визниця – Клочки;місцевого значення;V;5;;0+000;2+680;0;2680;2.68;stated_existing_or_project_section;exact_piketage_from_source;ЄДЕССБ;Експертиза проекту / додаток до експертного звіту;EX01:8882-8604-9750-3371;2023-05-08;https://e-construction.gov.ua/document_detail/doc_id%3D3098881987453126653/optype%3D6;3098881987453126653;"ЄДЕССБ: категорія дороги – V згідно технічної класифікації; початок км 0+000, кінець км 2+680.";high;geometry_null;;;;True
EDESSB-0005;Луганська;Т-13-02;КПП «Танюшівка» – Старобільськ – Бахмут;державного значення;II;2;;31+900;37+870;31900;37870;5.97;stated_existing_or_project_section;exact_piketage_from_source;ЄДЕССБ;Експертиза проекту / додаток до експертного звіту;EX01:2132-0618-0377-5268;2021-09-30;https://e-construction.gov.ua/document_detail/doc_id%3D2682129518755317131/optype%3D6;2682129518755317131;ЄДЕССБ прямо наводить категорію для ділянки 31+900–37+870: II.;high;geometry_null;;;;True
EDESSB-0006;Луганська;Т-13-02;КПП «Танюшівка» – Старобільськ – Бахмут;державного значення;III;3;;37+870;43+125;37870;43125;5.255;stated_existing_or_project_section;exact_piketage_from_source;ЄДЕССБ;Експертиза проекту / додаток до експертного звіту;EX01:2132-0618-0377-5268;2021-09-30;https://e-construction.gov.ua/document_detail/doc_id%3D2682129518755317131/optype%3D6;2682129518755317131;ЄДЕССБ прямо наводить категорію для ділянки 37+870–43+125: III.;high;geometry_null;;;;True
EDESSB-0007;Луганська;Т-13-02;КПП «Танюшівка» – Старобільськ – Бахмут;державного значення;IV;4;;43+125;43+800;43125;43800;0.675;stated_existing_or_project_section;exact_piketage_from_source;ЄДЕССБ;Експертиза проекту / додаток до експертного звіту;EX01:2132-0618-0377-5268;2021-09-30;https://e-construction.gov.ua/document_detail/doc_id%3D2682129518755317131/optype%3D6;2682129518755317131;ЄДЕССБ прямо наводить категорію для ділянки 43+125–43+800: IV.;high;geometry_null;;;;True
EDESSB-0008;Луганська;Т-13-02;КПП «Танюшівка» – Старобільськ – Бахмут;державного значення;II;2;;43+800;50+041;43800;50041;6.241;stated_existing_or_project_section;exact_piketage_from_source;ЄДЕССБ;Експертиза проекту / додаток до експертного звіту;EX01:2132-0618-0377-5268;2021-09-30;https://e-construction.gov.ua/document_detail/doc_id%3D2682129518755317131/optype%3D6;2682129518755317131;ЄДЕССБ прямо наводить категорію для ділянки 43+800–50+041: II.;high;geometry_null;;;;True
EDESSB-0009;Луганська;Т-13-02;КПП «Танюшівка» – Старобільськ – Бахмут;державного значення;III;3;;50+041;54+250;50041;54250;4.209;stated_existing_or_project_section;exact_piketage_from_source;ЄДЕССБ;Експертиза проекту / додаток до експертного звіту;EX01:2132-0618-0377-5268;2021-09-30;https://e-construction.gov.ua/document_detail/doc_id%3D2682129518755317131/optype%3D6;2682129518755317131;ЄДЕССБ прямо наводить категорію для ділянки 50+041–54+250: III.;high;geometry_null;;;;True
EDESSB-0010;Луганська;Т-13-02;КПП «Танюшівка» – Старобільськ – Бахмут;державного значення;IV;4;;54+250;60+550;54250;60550;6.3;stated_existing_or_project_section;exact_piketage_from_source;ЄДЕССБ;Експертиза проекту / додаток до експертного звіту;EX01:2132-0618-0377-5268;2021-09-30;https://e-construction.gov.ua/document_detail/doc_id%3D2682129518755317131/optype%3D6;2682129518755317131;ЄДЕССБ прямо наводить категорію для ділянки 54+250–60+550: IV.;high;geometry_null;;;;True
EDESSB-0011;Луганська;Т-13-02;КПП «Танюшівка» – Старобільськ – Бахмут;державного значення;III;3;;60+550;63+900;60550;63900;3.35;stated_existing_or_project_section;exact_piketage_from_source;ЄДЕССБ;Експертиза проекту / додаток до експертного звіту;EX01:2132-0618-0377-5268;2021-09-30;https://e-construction.gov.ua/document_detail/doc_id%3D2682129518755317131/optype%3D6;2682129518755317131;ЄДЕССБ прямо наводить категорію для ділянки 60+550–63+900: III.;high;geometry_null;;;;True
EDESSB-0012;Луганська;Т-13-02;КПП «Танюшівка» – Старобільськ – Бахмут;державного значення;II;2;;63+900;65+770;63900;65770;1.87;stated_existing_or_project_section;exact_piketage_from_source;ЄДЕССБ;Експертиза проекту / додаток до експертного звіту;EX01:2132-0618-0377-5268;2021-09-30;https://e-construction.gov.ua/document_detail/doc_id%3D2682129518755317131/optype%3D6;2682129518755317131;ЄДЕССБ прямо наводить категорію для ділянки 63+900–65+770: II.;high;geometry_null;;;;True
EDESSB-0013;Луганська;Т-13-02;КПП «Танюшівка» – Старобільськ – Бахмут;державного значення;III;3;;65+770;66+850;65770;66850;1.08;stated_existing_or_project_section;exact_piketage_from_source;ЄДЕССБ;Експертиза проекту / додаток до експертного звіту;EX01:2132-0618-0377-5268;2021-09-30;https://e-construction.gov.ua/document_detail/doc_id%3D2682129518755317131/optype%3D6;2682129518755317131;ЄДЕССБ прямо наводить категорію для ділянки 65+770–66+850: III.;high;geometry_null;;;;True
EDESSB-0014;Луганська;Т-13-02;КПП «Танюшівка» – Старобільськ – Бахмут;державного значення;IV;4;;66+850;68+100;66850;68100;1.25;stated_existing_or_project_section;exact_piketage_from_source;ЄДЕССБ;Експертиза проекту / додаток до експертного звіту;EX01:2132-0618-0377-5268;2021-09-30;https://e-construction.gov.ua/document_detail/doc_id%3D2682129518755317131/optype%3D6;2682129518755317131;ЄДЕССБ прямо наводить категорію для ділянки 66+850–68+100: IV.;high;geometry_null;;;;True
EDESSB-0015;Миколаївська;Р-55;Одеса – Вознесенськ – Новий Буг;державного значення;IV;4;;136+340;142+930;136340;142930;6.59;stated_existing_or_project_section;exact_piketage_from_source;ЄДЕССБ;Експертиза проекту / додаток до експертного звіту;EX01:3043-3936-5082-0347;2021-04-30;https://e-construction.gov.ua/document_detail/doc_id%3D2682158734993524087/optype%3D6;2682158734993524087;ЄДЕССБ: ділянка км 136+340 – км 142+930 – IV категорії.;high;transferred_from_2017_geometry;2017 baseline geometry by pike;"[{""source_from"": ""104+763"", ""source_to"": ""144+503"", ""source_sheet"": ""Р-55_пр"", ""source_file"": ""Зчеплення_Миколаї_Р_2017.xlsx""}]";;True
EDESSB-0016;Миколаївська;Р-55;Одеса – Вознесенськ – Новий Буг;державного значення;III;3;;142+930;145+931;142930;145931;3.001;stated_existing_or_project_section;exact_piketage_from_source;ЄДЕССБ;Експертиза проекту / додаток до експертного звіту;EX01:3043-3936-5082-0347;2021-04-30;https://e-construction.gov.ua/document_detail/doc_id%3D2682158734993524087/optype%3D6;2682158734993524087;ЄДЕССБ: ділянка км 142+930 – км 145+931 – III категорії.;high;transferred_from_2017_geometry;2017 baseline geometry by pike;"[{""source_from"": ""104+763"", ""source_to"": ""144+503"", ""source_sheet"": ""Р-55_пр"", ""source_file"": ""Зчеплення_Миколаї_Р_2017.xlsx""}, {""source_from"": ""145+127"", ""source_to"": ""238+504"", ""source_sheet"": ""Р-55_пр"", ""source_file"": ""Зчеплення_Миколаї_Р_2017.xlsx""}]";;True
EDESSB-0017;Миколаївська;Р-55;Одеса – Вознесенськ – Новий Буг;державного значення;IV;4;;145+931;158+340;145931;158340;12.409;stated_existing_or_project_section;exact_piketage_from_source;ЄДЕССБ;Експертиза проекту / додаток до експертного звіту;EX01:3043-3936-5082-0347;2021-04-30;https://e-construction.gov.ua/document_detail/doc_id%3D2682158734993524087/optype%3D6;2682158734993524087;ЄДЕССБ: ділянка км 145+931 – км 158+340 – IV категорії.;high;transferred_from_2017_geometry;2017 baseline geometry by pike;"[{""source_from"": ""145+127"", ""source_to"": ""238+504"", ""source_sheet"": ""Р-55_пр"", ""source_file"": ""Зчеплення_Миколаї_Р_2017.xlsx""}]";;True
EDESSB-0018;Одеська;С160701;Болград – Табаки – Залізничне;місцевого значення;IV;4;;0+000;3+300;0;3300;3.3;stated_existing_or_project_section;exact_piketage_from_source;ЄДЕССБ;Експертиза проекту / додаток до експертного звіту;EX01:6727-7474-9310-2691;2020-06-12;https://e-construction.gov.ua/document_detail/doc_id%3D3296725238401730531/optype%3D6;3296725238401730531;"ЄДЕССБ: дорога відноситься до IV технічної категорії; проектна ділянка км 0+000 – км 3+300.";high;geometry_null;;;;True
EDESSB-0019;Полтавська;Р-67;Чернігів – Ніжин – Прилуки – Пирятин;державного значення;III;3;;201+550;203+356;201550;203356;1.806;stated_existing_or_project_section;exact_piketage_from_source;ЄДЕССБ;Експертиза проекту / додаток до експертного звіту;EX01:9087-3359-8413-8021;2023-05-12;https://e-construction.gov.ua/document_detail/doc_id%3D3201816173901514225/optype%3D6;3201816173901514225;ЄДЕССБ: в межах км 201+550 – км 203+356 автомобільна дорога III категорії.;high;transferred_from_2017_geometry;2017 baseline geometry by pike;"[{""source_from"": ""200+000"", ""source_to"": ""206+688"", ""source_sheet"": ""Р-67_пр"", ""source_file"": ""Зчеплення_Полтавська_Р_2017.xlsx""}]";;True
EDESSB-0020;Полтавська;Р-67;Чернігів – Ніжин – Прилуки – Пирятин;державного значення;IV;4;;203+356;205+656;203356;205656;2.3;stated_existing_or_project_section;exact_piketage_from_source;ЄДЕССБ;Експертиза проекту / додаток до експертного звіту;EX01:9087-3359-8413-8021;2023-05-12;https://e-construction.gov.ua/document_detail/doc_id%3D3201816173901514225/optype%3D6;3201816173901514225;ЄДЕССБ: в межах км 203+356 – км 205+656 автомобільна дорога IV категорії.;high;transferred_from_2017_geometry;2017 baseline geometry by pike;"[{""source_from"": ""200+000"", ""source_to"": ""206+688"", ""source_sheet"": ""Р-67_пр"", ""source_file"": ""Зчеплення_Полтавська_Р_2017.xlsx""}]";;True
EDESSB-0021;Сумська;Н-12;Суми – Полтава;державного значення;II;2;;60+620;62+900;60620;62900;2.28;stated_existing_or_project_section;exact_piketage_from_source;ЄДЕССБ;Експертиза проекту / додаток до експертного звіту;EX01:5076-5133-5533-5034;2023-10-23;https://e-construction.gov.ua/document_detail/doc_id%3D3242471783026132021/optype%3D6;3242471783026132021;ЄДЕССБ: ділянка км 60+620 – км 62+900 відноситься до II технічної категорії.;high;transferred_from_2017_geometry;2017 baseline geometry by pike;"[{""source_from"": ""50+000"", ""source_to"": ""75+420"", ""source_sheet"": ""Н-12_пр"", ""source_file"": ""Зчеплення_Суми_М_Н_2017.xlsx""}]";;True
EDESSB-0022;Сумська;Н-12;Суми – Полтава;державного значення;III;3;;67+800;70+575;67800;70575;2.775;stated_existing_or_project_section;exact_piketage_from_source;ЄДЕССБ;Експертиза проекту / додаток до експертного звіту;EX01:5076-5133-5533-5034;2023-10-23;https://e-construction.gov.ua/document_detail/doc_id%3D3242471783026132021/optype%3D6;3242471783026132021;ЄДЕССБ: ділянка км 67+800 – км 70+575 відноситься до III технічної категорії.;high;transferred_from_2017_geometry;2017 baseline geometry by pike;"[{""source_from"": ""50+000"", ""source_to"": ""75+420"", ""source_sheet"": ""Н-12_пр"", ""source_file"": ""Зчеплення_Суми_М_Н_2017.xlsx""}]";;True
EDESSB-0023;Чернівецька;О26080;Заліщики – Звинячин – Городенка з під'їздом до ст. Стефанешти;місцевого значення;IV;4;;5+300;12+981;5300;12981;7.681;stated_existing_or_project_section;exact_piketage_from_source;ЄДЕССБ;Експертиза проекту / додаток до експертного звіту;EX01:0645-4906-7994-0910;2021-12-13;https://e-construction.gov.ua/document_detail/doc_id%3D2730640576557876506/optype%3D6;2730640576557876506;ЄДЕССБ: О26080 має IV технічну категорію на ПК 53+00 – ПК 129+81.;high;geometry_null;;;"В іншому абзаці цього ж документа межу існуючої IV категорії наведено як км 12+982; у таблиці використано проектну межу 12+981.";True
EDESSB-0024;Чернівецька;О26080;Заліщики – Звинячин – Городенка з під'їздом до ст. Стефанешти;місцевого значення;V;5;;12+981;13+300;12981;13300;0.319;stated_existing_or_project_section;exact_piketage_from_source;ЄДЕССБ;Експертиза проекту / додаток до експертного звіту;EX01:0645-4906-7994-0910;2021-12-13;https://e-construction.gov.ua/document_detail/doc_id%3D2730640576557876506/optype%3D6;2730640576557876506;ЄДЕССБ: під'їзд до ст. Стефанешти має V технічну категорію на ПК 129+81 – ПК 133+00.;high;geometry_null;;;"В іншому абзаці цього ж документа початок V категорії наведено як км 12+982; у таблиці використано проектну межу 12+981.";True
EDESSB-0025;Чернівецька;О26182;Хотин – Рукшин – Клішківці;місцевого значення;IV;4;;22+900;23+899;22900;23899;0.999;stated_existing_or_project_section;exact_piketage_from_source;ЄДЕССБ;Експертиза проекту / додаток до експертного звіту;;;https://e-construction.gov.ua/document_detail/doc_id%3D3139978693443585154/optype%3D6;3139978693443585154;"У додатку до експертного звіту прямо зазначено: технічна категорія дороги – IV; ділянка км 22+900 – км 23+899.";high;geometry_null;;;;True
EDESSB-0026;Чернігівська;О251901;Пручаї – Охиньки – Дігтярі;місцевого значення;IV;4;;1+917;2+157;1917;2157;0.24;stated_existing_or_project_section;exact_piketage_from_source;ЄДЕССБ;Експертиза проекту / додаток до експертного звіту;EX01:5281-2188-0818-6480;2023-04-26;https://e-construction.gov.ua/document_detail/doc_id%3D3207477283497444742/optype%3D6;3207477283497444742;ЄДЕССБ: існуюча дорога в межах проектованої ділянки має параметри IV технічної категорії.;high;geometry_null;;;"У тексті документа трапляються обидва індекси О251901 та С251901; використано індекс із назви об'єкта ЄДЕССБ.";True
EDESSB-0027;Чернігівська;О251901;Пручаї – Охиньки – Дігтярі;місцевого значення;IV;4;;2+237;6+183;2237;6183;3.946;stated_existing_or_project_section;exact_piketage_from_source;ЄДЕССБ;Експертиза проекту / додаток до експертного звіту;EX01:5281-2188-0818-6480;2023-04-26;https://e-construction.gov.ua/document_detail/doc_id%3D3207477283497444742/optype%3D6;3207477283497444742;ЄДЕССБ: існуюча дорога в межах проектованої ділянки має параметри IV технічної категорії.;high;geometry_null;;;"У тексті документа трапляються обидва індекси О251901 та С251901; використано індекс із назви об'єкта ЄДЕССБ.";True
PROZ-0001;Хмельницька;М-12;Стрий – Тернопіль – Кропивницький – Знам’янка (через Вінницю);державного значення;II;2;;257+900;260+000;257900;260000;2.1;затверджені проектні показники капітального ремонту;exact_piketage_from_source;Prozorro;Prozorro — повідомлення/обґрунтування переговорної процедури;UA-2020-12-01-009430-b;2020-12-01;https://prozorro.gov.ua/tender/UA-2020-12-01-009430-b/print/limited/pdf/f3ed6f5435664e6385c5e9f0798d31f8;UA-2020-12-01-009430-b;У повідомленні наведені затверджені основні показники проекту: категорія дороги II для км 257+900–260+000.;high;transferred_from_2017_geometry;2017 baseline geometry by pike;"[{""source_from"": ""191+400"", ""source_to"": ""332+052"", ""source_sheet"": ""М-12_пр"", ""source_file"": ""Зчеплення_Хмельницький_М_Н_2017.xlsx""}]";;True
PROZ-0002;Хмельницька;М-12;Стрий – Тернопіль – Кропивницький – Знам’янка (через Вінницю);державного значення;II;2;;265+000;270+000;265000;270000;5.0;затверджені проектні показники капітального ремонту;exact_piketage_from_source;Prozorro;Prozorro — повідомлення/обґрунтування переговорної процедури;UA-2020-12-08-008241-a;2020-12-08;https://prozorro.gov.ua/tender/UA-2020-12-08-008241-a/print/limited/pdf/6a188bea1977403a984de8f564a5ba76;UA-2020-12-08-008241-a;У повідомленні наведені затверджені основні показники проекту: категорія дороги II для км 265+000–270+000.;high;transferred_from_2017_geometry;2017 baseline geometry by pike;"[{""source_from"": ""191+400"", ""source_to"": ""332+052"", ""source_sheet"": ""М-12_пр"", ""source_file"": ""Зчеплення_Хмельницький_М_Н_2017.xlsx""}]";;True
PROZ-0003;Хмельницька;Н-03;Житомир – Чернівці;державного значення;II;2;;199+430;200+430;199430;200430;1.0;затверджені проектні показники капітального ремонту;exact_piketage_from_source;Prozorro;Prozorro — повідомлення/обґрунтування переговорної процедури;UA-2020-11-24-002662-b;2020-11-24;https://prozorro.gov.ua/tender/UA-2020-11-24-002662-b/print/limited/pdf/4b57d4ffce254ef3aa2c85947371cae6;UA-2020-11-24-002662-b;У повідомленні наведені затверджені основні показники проекту: категорія дороги II для км 199+430–200+430.;high;transferred_from_2017_geometry;2017 baseline geometry by pike;"[{""source_from"": ""189+966"", ""source_to"": ""302+964"", ""source_sheet"": ""Н-03_пр"", ""source_file"": ""Зчеплення_Хмельницький_М_Н_2017.xlsx""}]";;True
PROZ-0004;Полтавська;Н-31;Дніпро – Царичанка – Кобеляки – Решетилівка;державного значення;I;1;I-б;155+000;159+965;155000;159965;4.965;проектні параметри реконструкції;exact_piketage_from_source;Prozorro;Prozorro — обґрунтування переговорної процедури;UA-2021-05-06-002661-b;2021-05-06;https://prozorro.gov.ua/tender/UA-2021-05-06-002661-b;UA-2021-05-06-002661-b;В обґрунтуванні реконструкції прямо вказано розширення ділянки км 155+000–159+965 до параметрів I-б технічної категорії.;high;geometry_null;;;;True
WEB-0001;Київська;М-05;Київ – Одеса;державного значення;I;1;I-б;36+500;38+500;36500;38500;2.0;затверджені проєктні показники;exact_piketage_from_source;Верховна Рада України;Наказ Укравтодору;Наказ №358 від 16.10.2013;2013-10-16;https://zakon.rada.gov.ua/rada/show/v0358850-13;;Затверджений проєкт прямо визначає категорію I-б для км 36+500–38+500.;high;geometry_null;;;;False
WEB-0002;Полтавська;М-03;Київ – Харків – Довжанський;державного значення;I;1;I-б;197+000;202+000;197000;202000;5.0;затверджені проєктні показники;exact_piketage_from_source;Верховна Рада України;Наказ Укравтодору;Наказ №220 від 08.07.2013;2013-07-08;https://zakon.rada.gov.ua/go/v0220850-13;;Затверджений робочий проєкт прямо визначає категорію I-б для км 197+000–202+000.;high;transferred_from_2017_geometry;2017 baseline geometry by pike;"[{""source_from"": ""193+000"", ""source_to"": ""208+000"", ""source_sheet"": ""М-03_пр"", ""source_file"": ""Зчеплення_Полтавська_М_Н_2017.xlsx""}]";;False
WEB-0003;Полтавська;М-03;Київ – Харків – Довжанський;державного значення;I;1;I-б;210+000;300+550;210000;300550;90.55;затверджені проєктні показники;exact_piketage_from_source;Верховна Рада України;Розпорядження КМУ;Розпорядження №562-р від 07.08.2013;2013-08-07;https://zakon.rada.gov.ua/laws/show/562-2013-%D1%80;;Проєкт реконструкції прямо має категорію I-б на ділянці 210+000–300+550.;high;transferred_from_2017_geometry;2017 baseline geometry by pike;"[{""source_from"": ""210+000"", ""source_to"": ""275+000"", ""source_sheet"": ""restored"", ""source_file"": ""restored""}, {""source_from"": ""275+000"", ""source_to"": ""282+000"", ""source_sheet"": ""М-03_пр"", ""source_file"": ""Зчеплення_Полтавська_М_Н_2017.xlsx""}, {""source_from"": ""282+000"", ""source_to"": ""333+250"", ""source_sheet"": ""mixed"", ""source_file"": ""mixed""}]";;False
WEB-0004;Полтавська;М-03;Київ – Харків – Довжанський;державного значення;I;1;I-б;323+000;329+050;323000;329050;6.05;затверджені проєктні показники;exact_piketage_from_source;Верховна Рада України;Розпорядження КМУ;Розпорядження №562-р від 07.08.2013;2013-08-07;https://zakon.rada.gov.ua/laws/show/562-2013-%D1%80;;Проєкт реконструкції прямо має категорію I-б на ділянці 323+000–329+050.;high;transferred_from_2017_geometry;2017 baseline geometry by pike;"[{""source_from"": ""282+000"", ""source_to"": ""333+250"", ""source_sheet"": ""mixed"", ""source_file"": ""mixed""}]";;False
WEB-0005;Полтавська;М-03;Київ – Харків – Довжанський;державного значення;I;1;I-б;300+550;336+873;300550;336873;36.323;затверджені проєктні показники;exact_piketage_from_source;Верховна Рада України;Розпорядження КМУ;Розпорядження №561-р від 07.08.2013;2013-08-07;https://zakon.rada.gov.ua/laws/show/561-2013-%D1%80;;Проєкт капітального ремонту прямо має категорію I-б на ділянці 300+550–336+873.;high;transferred_from_2017_geometry;2017 baseline geometry by pike;"[{""source_from"": ""282+000"", ""source_to"": ""333+250"", ""source_sheet"": ""mixed"", ""source_file"": ""mixed""}, {""source_from"": ""333+250"", ""source_to"": ""336+873"", ""source_sheet"": ""mixed"", ""source_file"": ""mixed""}]";;False
WEB-0006;Полтавська;М-03;Київ – Харків – Довжанський;державного значення;I;1;I-б;340+961;344+817;340961;344817;3.856;затверджені проєктні показники;exact_piketage_from_source;Верховна Рада України;Розпорядження КМУ;Розпорядження №561-р від 07.08.2013;2013-08-07;https://zakon.rada.gov.ua/laws/show/561-2013-%D1%80;;Проєкт капітального ремонту прямо має категорію I-б на ділянці 340+961–344+817.;high;transferred_from_2017_geometry;2017 baseline geometry by pike;"[{""source_from"": ""340+961"", ""source_to"": ""346+000"", ""source_sheet"": ""mixed"", ""source_file"": ""mixed""}]";;False
WEB-0007;Полтавська;М-03;Київ – Харків – Довжанський;державного значення;I;1;I-б;356+200;385+100;356200;385100;28.9;затверджені проєктні показники;exact_piketage_from_source;Верховна Рада України;Розпорядження КМУ;Розпорядження №1006-р від 13.12.2017;2017-12-13;https://zakon.rada.gov.ua/laws/show/1006-2017-%D1%80;;Проєкт реконструкції прямо визначає I-б на км 356+200–385+100.;high;transferred_from_2017_geometry;2017 baseline geometry by pike;"[{""source_from"": ""348+000"", ""source_to"": ""357+000"", ""source_sheet"": ""М-03_пр"", ""source_file"": ""Зчеплення_Полтавська_М_Н_2017.xlsx""}, {""source_from"": ""357+000"", ""source_to"": ""395+064"", ""source_sheet"": ""М-03_пр"", ""source_file"": ""Зчеплення_Полтавська_М_Н_2017.xlsx""}]";;False
WEB-0008;Харківська;М-03;Київ – Харків – Довжанський;державного значення;I;1;I-б;395+064;420+050;395064;420050;24.986;затверджені проєктні показники;exact_piketage_from_source;Верховна Рада України;Розпорядження КМУ;Розпорядження №758-р від 19.10.2016;2016-10-19;https://zakon.rada.gov.ua/go/758-2016-%D1%80;;Робочий проєкт реконструкції прямо визначає категорію I-б.;high;transferred_from_2017_geometry;2017 baseline geometry by pike;"[{""source_from"": ""395+064"", ""source_to"": ""517+000"", ""source_sheet"": ""М-03_пр"", ""source_file"": ""Зчеплення_Харк_в_М_2017.xlsx""}]";;False
WEB-0009;Житомирська;М-06;Київ – Чоп;державного значення;I;1;I-б;129+600;151+730;129600;151730;22.13;затверджені проєктні показники;exact_piketage_from_source;Верховна Рада України;Розпорядження КМУ;Розпорядження №678-р від 04.09.2013;2013-09-04;https://zakon.rada.gov.ua/laws/show/678-2013-%D1%80;;Проєкт реконструкції км 129,6–151,73 прямо затверджений як I-б.;high;transferred_from_2017_geometry;2017 baseline geometry by pike;"[{""source_from"": ""83+000"", ""source_to"": ""130+000"", ""source_sheet"": ""М-06_пр"", ""source_file"": ""Зчеплення_Житомир_М_2017.xlsx""}, {""source_from"": ""130+000"", ""source_to"": ""258+442"", ""source_sheet"": ""М-06_пр"", ""source_file"": ""Зчеплення_Житомир_М_2017.xlsx""}]";;False
WEB-0010;Луганська;М-04;Знам'янка – Луганськ – Ізварине;державного значення;I;1;I-б;523+246;526+646;523246;526646;3.4;затверджені проєктні показники;exact_piketage_from_source;Верховна Рада України;Наказ Укравтодору;Наказ №216 від 29.05.2012;2012-05-29;https://zakon.rada.gov.ua/rada/show/v0216850-12;;Скоригований робочий проєкт прямо визначає категорію I-б.;high;geometry_null;;;;False
WEB-0011;Херсонська;М-14;Одеса – Мелітополь – Новоазовськ;державного значення;I;1;I-б;164+000;165+100;164000;165100;1.1;затверджені проєктні показники;exact_piketage_from_source;Верховна Рада України;Наказ Укравтодору;Наказ №423 від 05.12.2011;2011-12-05;https://zakon.rada.gov.ua/rada/show/v0423850-11;;Робочий проєкт прямо визначає категорію I-б для км 164+000–165+100.;high;geometry_null;;;У документі також наведено альтернативний кілометраж км 176+631–177+731.;False
WEB-0012;Вінницька;М-21;Виступовичі – Житомир – Могилів-Подільський;державного значення;II;2;;403+740;408+893;403740;408893;5.153;параметри проєктної ділянки;exact_piketage_from_source;Агентство відновлення;Протокол Технічної ради;Протокол технічної ради 2019;2019;https://restoration.gov.ua/4489/tekhnichna_rada/protokoly_2019_zasidannia_tekhnichnoi_rady_derzhavnoho_ahentstva_avtomobilnykh_dorih_ukrainy/52014.pdf;;Для км 403+740–408+893 наведено категорію дороги II.;high;geometry_null;;;;True
WEB-0013;Миколаївська;М-14;Одеса – Мелітополь – Новоазовськ;державного значення;II;2;;142+800;161+909;142800;161909;19.109;існуючі параметри проєктної ділянки;exact_piketage_from_source;Агентство відновлення;Протокол Технічної ради;Протокол технічної ради;;https://restoration.gov.ua/4489/tekhnichna_rada/52034/52048.pdf;;Проєктні ділянки 142+800–161+909 описані як дорога II технічної категорії.;high;transferred_from_2017_geometry;2017 baseline geometry by pike;"[{""source_from"": ""142+827"", ""source_to"": ""177+531"", ""source_sheet"": ""М- 14_пр"", ""source_file"": ""Зчеплення_Миколаїв_М_Н_2017.xlsx""}]";;False
WEB-0014;Миколаївська;М-14;Одеса – Мелітополь – Новоазовськ;державного значення;II;2;;171+000;176+586;171000;176586;5.586;існуючі параметри проєктної ділянки;exact_piketage_from_source;Агентство відновлення;Протокол Технічної ради;Протокол технічної ради;;https://restoration.gov.ua/4489/tekhnichna_rada/52034/52048.pdf;;Проєктні ділянки 171+000–176+586 описані як дорога II технічної категорії.;high;transferred_from_2017_geometry;2017 baseline geometry by pike;"[{""source_from"": ""142+827"", ""source_to"": ""177+531"", ""source_sheet"": ""М- 14_пр"", ""source_file"": ""Зчеплення_Миколаїв_М_Н_2017.xlsx""}]";;False
WEB-0015;Черкаська;Н-08;Бориспіль – Дніпро – Запоріжжя – Маріуполь;державного значення;II;2;;136+200;151+100;136200;151100;14.9;існуючі параметри проєктної ділянки;exact_piketage_from_source;Агентство відновлення;Протокол Технічної ради;Протокол технічної ради;;https://restoration.gov.ua/4489/tekhnichna_rada/52034/52050.pdf;;Км 136+200–151+100 прямо описані як ділянка II технічної категорії.;high;transferred_from_2017_geometry;2017 baseline geometry by pike;"[{""source_from"": ""81+300"", ""source_to"": ""169+117"", ""source_sheet"": ""Н-08_пр"", ""source_file"": ""Зчеплення_Черкаси_М_Н_2017.xlsx""}]";;False
WEB-0016;Сумська;Н-07;Київ – Суми – Юнаківка;державного значення;II;2;;232+360;244+000;232360;244000;11.64;існуючі параметри проєктної ділянки;exact_piketage_from_source;Агентство відновлення;Протокол Технічної ради;Протокол №21 від 07.12.2018;2018-12-07;https://restoration.gov.ua/4489/tekhnichna_rada/protokoly_2018_zasidannia_tekhnichnoi_rady_derzhavnoho_ahentstva_avtomobilnykh_dorih_ukrainy/protokol_21_vid_07_12_2018.pdf;;Ділянка 232+360–244+000 прямо віднесена до II технічної категорії.;high;transferred_from_2017_geometry;2017 baseline geometry by pike;"[{""source_from"": ""232+360"", ""source_to"": ""325+750"", ""source_sheet"": ""Н-07_пр"", ""source_file"": ""Зчеплення_Суми_М_Н_2017.xlsx""}]";;True
WEB-0017;Сумська;Н-07;Київ – Суми – Юнаківка;державного значення;II;2;;244+200;256+700;244200;256700;12.5;існуючі параметри проєктної ділянки;exact_piketage_from_source;Агентство відновлення;Протокол Технічної ради;Протокол №21 від 07.12.2018;2018-12-07;https://restoration.gov.ua/4489/tekhnichna_rada/protokoly_2018_zasidannia_tekhnichnoi_rady_derzhavnoho_ahentstva_avtomobilnykh_dorih_ukrainy/protokol_21_vid_07_12_2018.pdf;;Ділянка 244+200–256+700 прямо віднесена до II технічної категорії.;high;transferred_from_2017_geometry;2017 baseline geometry by pike;"[{""source_from"": ""232+360"", ""source_to"": ""325+750"", ""source_sheet"": ""Н-07_пр"", ""source_file"": ""Зчеплення_Суми_М_Н_2017.xlsx""}]";;True
WEB-0018;Сумська;Н-07;Київ – Суми – Юнаківка;державного значення;III;3;;208+341;224+114;208341;224114;15.773;існуючі параметри ділянки капітального ремонту;exact_piketage_from_source;Агентство відновлення;Протокол Технічної ради;Протокол №14, 2017;2017;https://restoration.gov.ua/4489/tekhnichna_rada/protokoly_2017_zasidannia_tekhnichnoi_rady_derzhavnoho_ahentstva_avtomobilnykh_dorih_ukrainy/protokol_14.pdf;;Суміжні ділянки км 208+341–224+114 описані як III технічна категорія.;high;transferred_from_2017_geometry;2017 baseline geometry by pike;"[{""source_from"": ""208+341"", ""source_to"": ""224+114"", ""source_sheet"": ""Н-07_пр"", ""source_file"": ""Зчеплення_Суми_М_Н_2017.xlsx""}]";;False
WEB-0019;Сумська;Н-12;Суми – Полтава;державного значення;II;2;;71+000;75+220;71000;75220;4.22;існуючі параметри проєктної ділянки;exact_piketage_from_source;Агентство відновлення;Протокол Технічної ради;Протокол №16 від 25.10.2018;2018-10-25;https://restoration.gov.ua/4489/tekhnichna_rada/protokoly_2018_zasidannia_tekhnichnoi_rady_derzhavnoho_ahentstva_avtomobilnykh_dorih_ukrainy/protokol_16_vid_25_10_2018.pdf;;Км 71+000–75+220 прямо описані як II технічна категорія.;high;transferred_from_2017_geometry;2017 baseline geometry by pike;"[{""source_from"": ""50+000"", ""source_to"": ""75+420"", ""source_sheet"": ""Н-12_пр"", ""source_file"": ""Зчеплення_Суми_М_Н_2017.xlsx""}]";;True
WEB-0020;Рівненська;;Північна об’їзна дорога м. Рівне;державного значення;II;2;;;;;;14.0;проєкт будівництва;route_level_no_single_piketage;Агентство відновлення;Офіційна новина/проєкт;Будівництво Північного об’їзду м. Рівне;2018-04-04;https://restoration.gov.ua/blog/budivnycztvo-pivnichnogo-obyizdu-m-rivne-pochnetsya-v-2019-roczi/;;Офіційно зазначено, що об’їзна дорога буде II технічної категорії.;medium;geometry_null;;;;True
WEB-0021;Волинська;;Під’їзд до МАПП «Устилуг – Зосин»;державного значення;II;2;;0+420;3+600;420;3600;3.18;існуюча ділянка поза межами міста;partial_extent_exact_split_unknown;Агентство відновлення;Протокол Технічної ради;Протокол №4 від 23.03.2018;2018-03-23;https://restoration.gov.ua/4489/tekhnichna_rada/protokoly_2018_zasidannia_tekhnichnoi_rady_derzhavnoho_ahentstva_avtomobilnykh_dorih_ukrainy/protokol_4_vid_23_03_2018.pdf;;За межами м. Устилуг під’їзна дорога має параметри II технічної категорії.;medium;geometry_null;;;"У межах міста джерело класифікує трасу як магістральну вулицю; точна межа не наведена.";True
WEB-0022;Дніпропетровська;Н-31;Дніпро – Царичанка – Кобеляки – Решетилівка;державного значення;I;1;;28+600;;28600;;29.5;нове будівництво (проєкт);start_pike_plus_length;Агентство відновлення;Протокол Технічної ради;ТЕО Н-31 від с. Лобойківка до межі області;2020;https://restoration.gov.ua/4489/tekhnichna_rada/52034/52037.pdf;;Проєкт передбачає нове будівництво за параметрами I технічної категорії.;medium;geometry_null;;;;True
WEB-0023;Одеська;;Обхід с. Орлівка;державного значення;II;2;;;;;;5.0;ТЕО нового будівництва;route_variant_level;Агентство відновлення;Протокол Технічної ради;Протокол №1, 2018;2018;https://restoration.gov.ua/4489/tekhnichna_rada/protokoly_2018_zasidannia_tekhnichnoi_rady_derzhavnoho_ahentstva_avtomobilnykh_dorih_ukrainy/protokol_1_2018.pdf;;Усі розглянуті варіанти обходу наведені за параметрами II технічної категорії.;medium;geometry_null;;;;True
WEB-0024;Полтавська;М-22;Полтава – Олександрія, обхід м. Кременчук;державного значення;I;1;I-б;;;;;19.1;ТЕО нового будівництва;route_variant_level;Агентство відновлення;Протокол Технічної ради;Протокол №4 від 21.03.2019;2019-03-21;https://restoration.gov.ua/4489/tekhnichna_rada/protokoly_2019_zasidannia_tekhnichnoi_rady_derzhavnoho_ahentstva_avtomobilnykh_dorih_ukrainy/protokol_4_vid_21_03_2019.pdf;;Варіанти обходу м. Кременчук розглянуті за параметрами I-б технічної категорії.;medium;geometry_null;;;;True
WEB-0025;Львівська;;Північна ділянка об’їзної автомобільної дороги м. Львів;нова автомобільна дорога;II;2;;61+232;61+950;61232;61950;0.718;проєкт нового будівництва;project_chainage;Львівська районна державна адміністрація;Оголошення ОВД;Громадське обговорення ОВД північного обходу Львова;2026-05-05;https://lviv-rda.gov.ua/oholoshennya-pro-pochatok-hromadskoho-obhovorennia-zvituz-otsinky-vplyvu-na-dovkillia/;;Проєктний пікетаж 61+232–61+950 має категорію II.;medium;geometry_null;;;;True
WEB-0026;Львівська;;Північна ділянка об’їзної автомобільної дороги м. Львів;нова автомобільна дорога;I;1;I-а;61+950;83+109;61950;83109;21.159;проєкт нового будівництва;project_chainage;Львівська районна державна адміністрація;Оголошення ОВД;Громадське обговорення ОВД північного обходу Львова;2026-05-05;https://lviv-rda.gov.ua/oholoshennya-pro-pochatok-hromadskoho-obhovorennia-zvituz-otsinky-vplyvu-na-dovkillia/;;Проєктний пікетаж 61+950–83+109 має категорію I-а.;medium;geometry_null;;;;True
WEB-0027;Львівська;;Північна ділянка об’їзної автомобільної дороги м. Львів;нова автомобільна дорога;II;2;;83+109;84+417;83109;84417;1.308;проєкт нового будівництва;project_chainage;Львівська районна державна адміністрація;Оголошення ОВД;Громадське обговорення ОВД північного обходу Львова;2026-05-05;https://lviv-rda.gov.ua/oholoshennya-pro-pochatok-hromadskoho-obhovorennia-zvituz-otsinky-vplyvu-na-dovkillia/;;Проєктний пікетаж 83+109–84+417 має категорію II.;medium;geometry_null;;;;True
WEB-0028;Львівська;;Нова автомобільна дорога Львів – Краковець;нова автомобільна дорога;I;1;I-а;;;;;62.0;проєкт нового будівництва;route_level_no_piketage;Агентство відновлення;Офіційна інформація про ДПП-проєкт;Будівництво нової автомобільної дороги Львів – Краковець;2023-12-28;https://restoration.gov.ua/documents/informacziya-pro-proyekt-yakyj-mozhe-realizovuvatys-na-umovah-derzhavno-pryvatnogo-partnerstva-budivnycztvo-novoyi-avtomobilnoyi-dorogy-lviv-krakovecz-lvivska-oblast/;;Основні показники нового проєкту прямо задають категорію I-а.;medium;geometry_null;;;;True
WEB-0029;Полтавська;О1706074;Зіньків – /Т-17-05/ межа області;місцевого значення;III/IV;;;0+000;14+300;0;14300;14.3;запропонована класифікація після передачі;category_boundary_unresolved;Полтавська ОВА;Офіційний документ/обґрунтування;Класифікація дороги О1706074;2022;https://media.poda.gov.ua/docs/5nhh5jff/381-2022.pdf;;Для км 0+000–14+300 безпосередньо наведені технічні категорії III, IV без розподілу меж.;medium;geometry_null;;;;True
WEB-0030;Запорізька;О080823;/Т-04-08/ – Дніпровка;місцевого значення;III;3;;5+200;6+300;5200;6300;1.1;проєктна категорія після реконструкції;exact_piketage_from_source;ДП «Місцеві дороги Запорізької області»;Офіційна новина замовника;Реконструкція дороги О080823;2020-04-13;https://dpmdzo.zoda.gov.ua/articles/show/59;;Замовник прямо повідомляє, що після реконструкції ділянка стане дорогою III категорії.;high;geometry_null;;;;True
WEB-0031;Чернігівська;Н-07;Київ – Суми – Юнаківка;державного значення;III;3;;;;;;;технічна характеристика дороги біля Прилук;road_or_local_area_level_no_piketage;Прилуцька міська рада / Чернігівська область;Стратегія розвитку громади / технічна таблиця;Стратегія розвитку Прилуцької МТГ до 2030 року;2025;https://pryluky.cg.gov.ua/blind/web_docs/5612/2017/08/docs/07.04.2025%20%D0%A1%D1%82%D1%80%D0%B0%D1%82%D0%B5%D0%B3%D1%96%D1%8F_%D0%9F%D1%80%D0%B8%D0%BB%D1%83%D0%BA%D0%B8.pdf;;У таблиці технічних характеристик дорога Н-07 безпосередньо має категорію III.;medium;geometry_null;;;;True
WEB-0032;Чернігівська;Р-67;Чернігів – Ніжин – Прилуки – Пирятин;державного значення;III;3;;;;;;;технічна характеристика дороги біля Прилук;road_or_local_area_level_no_piketage;Прилуцька міська рада / Чернігівська область;Стратегія розвитку громади / технічна таблиця;Стратегія розвитку Прилуцької МТГ до 2030 року;2025;https://pryluky.cg.gov.ua/blind/web_docs/5612/2017/08/docs/07.04.2025%20%D0%A1%D1%82%D1%80%D0%B0%D1%82%D0%B5%D0%B3%D1%96%D1%8F_%D0%9F%D1%80%D0%B8%D0%BB%D1%83%D0%BA%D0%B8.pdf;;У таблиці технічних характеристик дорога Р-67 безпосередньо має категорію III.;medium;geometry_null;;;;True
WEB-0033;Чернігівська;Т-25-30;Прилуки – Варва – Срібне – Обухове;державного значення;III;3;;;;;;;технічна характеристика дороги біля Прилук;road_or_local_area_level_no_piketage;Прилуцька міська рада / Чернігівська область;Стратегія розвитку громади / технічна таблиця;Стратегія розвитку Прилуцької МТГ до 2030 року;2025;https://pryluky.cg.gov.ua/blind/web_docs/5612/2017/08/docs/07.04.2025%20%D0%A1%D1%82%D1%80%D0%B0%D1%82%D0%B5%D0%B3%D1%96%D1%8F_%D0%9F%D1%80%D0%B8%D0%BB%D1%83%D0%BA%D0%B8.pdf;;У таблиці технічних характеристик дорога Т-25-30 безпосередньо має категорію III.;medium;geometry_null;;;;True
WEB-0034;Чернігівська;Т-25-24;Борзна – Ічня – Прилуки;державного значення;IV;4;;;;;;;технічна характеристика дороги біля Прилук;road_or_local_area_level_no_piketage;Прилуцька міська рада / Чернігівська область;Стратегія розвитку громади / технічна таблиця;Стратегія розвитку Прилуцької МТГ до 2030 року;2025;https://pryluky.cg.gov.ua/blind/web_docs/5612/2017/08/docs/07.04.2025%20%D0%A1%D1%82%D1%80%D0%B0%D1%82%D0%B5%D0%B3%D1%96%D1%8F_%D0%9F%D1%80%D0%B8%D0%BB%D1%83%D0%BA%D0%B8.pdf;;У таблиці технічних характеристик дорога Т-25-24 безпосередньо має категорію IV.;medium;geometry_null;;;;True
WEB-0035;Чернігівська;Т-25-40;Прилуки – Сергіївка – Горбачівка – Яготин;державного значення;IV;4;;;;;;;технічна характеристика дороги біля Прилук;road_or_local_area_level_no_piketage;Прилуцька міська рада / Чернігівська область;Стратегія розвитку громади / технічна таблиця;Стратегія розвитку Прилуцької МТГ до 2030 року;2025;https://pryluky.cg.gov.ua/blind/web_docs/5612/2017/08/docs/07.04.2025%20%D0%A1%D1%82%D1%80%D0%B0%D1%82%D0%B5%D0%B3%D1%96%D1%8F_%D0%9F%D1%80%D0%B8%D0%BB%D1%83%D0%BA%D0%B8.pdf;;У таблиці технічних характеристик дорога Т-25-40 безпосередньо має категорію IV.;medium;geometry_null;;;;True
WEB-0036;Чернігівська;О251511;Прилуки – Колісники;місцевого значення;IV;4;;;;;;;технічна характеристика дороги біля Прилук;road_or_local_area_level_no_piketage;Прилуцька міська рада / Чернігівська область;Стратегія розвитку громади / технічна таблиця;Стратегія розвитку Прилуцької МТГ до 2030 року;2025;https://pryluky.cg.gov.ua/blind/web_docs/5612/2017/08/docs/07.04.2025%20%D0%A1%D1%82%D1%80%D0%B0%D1%82%D0%B5%D0%B3%D1%96%D1%8F_%D0%9F%D1%80%D0%B8%D0%BB%D1%83%D0%BA%D0%B8.pdf;;У таблиці технічних характеристик дорога О251511 безпосередньо має категорію IV.;medium;geometry_null;;;;True
WEB-0037;Чернігівська;О251515;Прилуки – Манжосівка;місцевого значення;IV;4;;;;;;;технічна характеристика дороги біля Прилук;road_or_local_area_level_no_piketage;Прилуцька міська рада / Чернігівська область;Стратегія розвитку громади / технічна таблиця;Стратегія розвитку Прилуцької МТГ до 2030 року;2025;https://pryluky.cg.gov.ua/blind/web_docs/5612/2017/08/docs/07.04.2025%20%D0%A1%D1%82%D1%80%D0%B0%D1%82%D0%B5%D0%B3%D1%96%D1%8F_%D0%9F%D1%80%D0%B8%D0%BB%D1%83%D0%BA%D0%B8.pdf;;У таблиці технічних характеристик дорога О251515 безпосередньо має категорію IV.;medium;geometry_null;;;;True
WEB-0038;Чернігівська;О251520;(Прилуки – Манжосівка) – Дідівці;місцевого значення;IV;4;;;;;;;технічна характеристика дороги біля Прилук;road_or_local_area_level_no_piketage;Прилуцька міська рада / Чернігівська область;Стратегія розвитку громади / технічна таблиця;Стратегія розвитку Прилуцької МТГ до 2030 року;2025;https://pryluky.cg.gov.ua/blind/web_docs/5612/2017/08/docs/07.04.2025%20%D0%A1%D1%82%D1%80%D0%B0%D1%82%D0%B5%D0%B3%D1%96%D1%8F_%D0%9F%D1%80%D0%B8%D0%BB%D1%83%D0%BA%D0%B8.pdf;;У таблиці технічних характеристик дорога О251520 безпосередньо має категорію IV.;medium;geometry_null;;;;True
WEB-0039;Чернігівська;С251515;Заїзд – Тихе;місцевого значення;IV;4;;;;;;;технічна характеристика дороги біля Прилук;road_or_local_area_level_no_piketage;Прилуцька міська рада / Чернігівська область;Стратегія розвитку громади / технічна таблиця;Стратегія розвитку Прилуцької МТГ до 2030 року;2025;https://pryluky.cg.gov.ua/blind/web_docs/5612/2017/08/docs/07.04.2025%20%D0%A1%D1%82%D1%80%D0%B0%D1%82%D0%B5%D0%B3%D1%96%D1%8F_%D0%9F%D1%80%D0%B8%D0%BB%D1%83%D0%BA%D0%B8.pdf;;У таблиці технічних характеристик дорога С251515 безпосередньо має категорію IV.;medium;geometry_null;;;;True
